$ ansible-playbook -k -K -T 15 -i '/home/jeff/coscene/code/codex/基础环境检查/inventory.ini' -e '{"ansible_ssh_common_args": "-o PreferredAuthentications=password -o PubkeyAuthentication=no -o StrictHostKeyChecking=no -o UserKnownHostsFile=/dev/null -o ConnectTimeout=5 -o ConnectionAttempts=1"}' '/home/jeff/coscene/code/codex/基础环境检查/check_base_env.yml' --limit g1_robot_065
cwd=/home/jeff/coscene/code/codex/基础环境检查

SSH password: 
[operator_console] detected SSH password prompt, password sent

BECOME password[defaults to SSH password]: 
[operator_console] detected BECOME password prompt, sudo password sent


PLAY [Check G1 base environment] ***********************************************

TASK [Gathering Facts] *********************************************************
[0;32mok: [g1_robot_065][0m

TASK [Normalize run mode] ******************************************************
[0;32mok: [g1_robot_065][0m

TASK [Validate run mode] *******************************************************
[0;32mok: [g1_robot_065] => {[0m
[0;32m    "changed": false,[0m
[0;32m    "msg": "All assertions passed"[0m
[0;32m}[0m

TASK [Initialize result buckets] ***********************************************
[0;32mok: [g1_robot_065][0m

TASK [Normalize end effector type] *********************************************
[0;32mok: [g1_robot_065][0m

TASK [Warn when end_effector is missing or invalid] ****************************
[0;36mskipping: [g1_robot_065][0m

TASK [Check remote_start service presence before run] **************************
[0;32mok: [g1_robot_065][0m

TASK [Stop remote_start service during run] ************************************
[0;33mchanged: [g1_robot_065][0m

TASK [Record remote_start preflight stop check result] *************************
[0;32mok: [g1_robot_065][0m

TASK [Record remote_start preflight stop install result] ***********************
[0;36mskipping: [g1_robot_065][0m

TASK [Get controller current time before installation] *************************
[0;36mskipping: [g1_robot_065][0m

TASK [Sync robot time from controller before installation] *********************
[0;36mskipping: [g1_robot_065][0m

TASK [Check common apt dependencies before installation] ***********************
[0;36mskipping: [g1_robot_065] => (item=build-essential) [0m
[0;36mskipping: [g1_robot_065] => (item=cmake) [0m
[0;36mskipping: [g1_robot_065] => (item=make) [0m
[0;36mskipping: [g1_robot_065] => (item=libeigen3-dev) [0m
[0;36mskipping: [g1_robot_065] => (item=libspdlog-dev) [0m
[0;36mskipping: [g1_robot_065] => (item=libfmt-dev) [0m
[0;36mskipping: [g1_robot_065] => (item=libboost-all-dev) [0m
[0;36mskipping: [g1_robot_065] => (item=libyaml-cpp-dev) [0m

TASK [Set missing common apt package facts] ************************************
[0;36mskipping: [g1_robot_065][0m

TASK [Install missing common apt dependencies] *********************************
[0;36mskipping: [g1_robot_065][0m

TASK [Record common apt installation result] ***********************************
[0;36mskipping: [g1_robot_065][0m

TASK [Detect conda before installation] ****************************************
[0;36mskipping: [g1_robot_065][0m

TASK [Set pre-install conda facts] *********************************************
[0;36mskipping: [g1_robot_065][0m

TASK [Check miniconda installers] **********************************************
[0;36mskipping: [g1_robot_065] => (item=/home/unitree/g1_setup/miniconda3/miniconda.sh) [0m
[0;36mskipping: [g1_robot_065] => (item=/home/unitree/g1_setup/miniconda.sh) [0m

TASK [Pick miniconda installer] ************************************************
[0;36mskipping: [g1_robot_065][0m

TASK [Install miniconda when conda is missing] *********************************
[0;36mskipping: [g1_robot_065][0m

TASK [Record miniconda installation result] ************************************
[0;36mskipping: [g1_robot_065][0m

TASK [Re-detect conda after installation] **************************************
[0;36mskipping: [g1_robot_065][0m

TASK [Set final install conda facts] *******************************************
[0;36mskipping: [g1_robot_065][0m

TASK [Check tv environment before installation] ********************************
[0;36mskipping: [g1_robot_065][0m

TASK [Check existing tv python version before installation] ********************
[0;36mskipping: [g1_robot_065][0m

TASK [Set tv python version mismatch facts] ************************************
[0;36mskipping: [g1_robot_065][0m

TASK [Backup and recreate tv conda environment on version mismatch] ************
[0;36mskipping: [g1_robot_065][0m

TASK [Record tv environment recreate result] ***********************************
[0;36mskipping: [g1_robot_065][0m

TASK [Create tv conda environment] *********************************************
[0;36mskipping: [g1_robot_065][0m

TASK [Record tv environment installation result] *******************************
[0;36mskipping: [g1_robot_065][0m

TASK [Check tv environment after possible creation] ****************************
[0;36mskipping: [g1_robot_065][0m

TASK [Set pip install mode facts] **********************************************
[0;36mskipping: [g1_robot_065][0m

TASK [Record Python package install environment] *******************************
[0;36mskipping: [g1_robot_065][0m

TASK [Print Python package install environment] ********************************
[0;36mskipping: [g1_robot_065][0m

TASK [Install Python packages into tv] *****************************************
[0;36mskipping: [g1_robot_065][0m

TASK [Recheck Python package imports after installation] ***********************
[0;36mskipping: [g1_robot_065] => (item={'import_name': 'cv2', 'pip_name': 'opencv-python', 'display_name': 'Python cv2'}) [0m
[0;36mskipping: [g1_robot_065] => (item={'import_name': 'zmq', 'pip_name': 'pyzmq', 'display_name': 'Python zmq'}) [0m
[0;36mskipping: [g1_robot_065] => (item={'import_name': 'logging_mp', 'pip_name': 'logging_mp', 'display_name': 'Python logging_mp'}) [0m
[0;36mskipping: [g1_robot_065] => (item={'import_name': 'av', 'pip_name': 'av', 'display_name': 'Python av'}) [0m
[0;36mskipping: [g1_robot_065] => (item={'import_name': 'numpy', 'pip_name': 'numpy', 'display_name': 'Python numpy'}) [0m

TASK [Record Python package installation result] *******************************
[0;36mskipping: [g1_robot_065][0m

TASK [Check unitree_sdk2 installed outputs before build] ***********************
[0;36mskipping: [g1_robot_065] => (item=/usr/local/lib/libunitree_sdk2.a) [0m
[0;36mskipping: [g1_robot_065] => (item=/usr/local/lib/cmake/unitree_sdk2/unitree_sdk2Config.cmake) [0m
[0;36mskipping: [g1_robot_065] => (item=/usr/local/include/unitree/idl/go2/MotorCmds_.hpp) [0m

TASK [Check unitree_sdk2 source before build] **********************************
[0;36mskipping: [g1_robot_065][0m

TASK [Build and install unitree_sdk2] ******************************************
[0;36mskipping: [g1_robot_065][0m

TASK [Record unitree_sdk2 installation result] *********************************
[0;36mskipping: [g1_robot_065][0m

TASK [Check remote_start source directory] *************************************
[0;36mskipping: [g1_robot_065][0m

TASK [Check remote binary before build] ****************************************
[0;36mskipping: [g1_robot_065][0m

TASK [Build remote_start binary when missing] **********************************
[0;36mskipping: [g1_robot_065][0m

TASK [Check remote binary after possible build] ********************************
[0;36mskipping: [g1_robot_065][0m

TASK [Ensure remote binary executable when present] ****************************
[0;36mskipping: [g1_robot_065][0m

TASK [Check project remote_start service file] *********************************
[0;36mskipping: [g1_robot_065][0m

TASK [Copy project remote_start systemd unit] **********************************
[0;36mskipping: [g1_robot_065][0m

TASK [Install fallback remote_start systemd unit] ******************************
[0;36mskipping: [g1_robot_065][0m

TASK [Reload systemd after remote_start service installation] ******************
[0;36mskipping: [g1_robot_065][0m

TASK [Enable and restart remote_start service when requested] ******************
[0;36mskipping: [g1_robot_065][0m

TASK [Record remote_start installation result] *********************************
[0;36mskipping: [g1_robot_065][0m

TASK [Set dex1 install paths] **************************************************
[0;36mskipping: [g1_robot_065][0m

TASK [Check dex1 source directory before build] ********************************
[0;36mskipping: [g1_robot_065][0m

TASK [Check dex1 binaries before build] ****************************************
[0;36mskipping: [g1_robot_065][0m

TASK [Build dex1 service binaries when missing] ********************************
[0;36mskipping: [g1_robot_065][0m

TASK [Check dex1 binaries after possible build] ********************************
[0;36mskipping: [g1_robot_065][0m

TASK [Set dex1 binary availability] ********************************************
[0;36mskipping: [g1_robot_065][0m

TASK [Ensure dex1 binaries are executable] *************************************
[0;36mskipping: [g1_robot_065][0m

TASK [Check dex1 autostart script] *********************************************
[0;36mskipping: [g1_robot_065][0m

TASK [Run dex1 setup_autostart.sh] *********************************************
[0;36mskipping: [g1_robot_065][0m

TASK [Install fallback dex1_gripper systemd unit] ******************************
[0;36mskipping: [g1_robot_065][0m

TASK [Enable and restart fallback dex1_gripper service] ************************
[0;36mskipping: [g1_robot_065][0m

TASK [Record dex1 installation result] *****************************************
[0;36mskipping: [g1_robot_065][0m

TASK [Set brainco install paths] ***********************************************
[0;36mskipping: [g1_robot_065][0m

TASK [Check brainco source directory before build] *****************************
[0;36mskipping: [g1_robot_065][0m

TASK [Check preferred brainco lib directory] ***********************************
[0;36mskipping: [g1_robot_065][0m

TASK [Find brainco sdk library directory] **************************************
[0;36mskipping: [g1_robot_065][0m

TASK [Set brainco lib directory] ***********************************************
[0;36mskipping: [g1_robot_065][0m

TASK [Check brainco binaries before build] *************************************
[0;36mskipping: [g1_robot_065][0m

TASK [Build brainco service binaries when missing] *****************************
[0;36mskipping: [g1_robot_065][0m

TASK [Check brainco binaries after possible build] *****************************
[0;36mskipping: [g1_robot_065][0m

TASK [Set brainco binary availability] *****************************************
[0;36mskipping: [g1_robot_065][0m

TASK [Ensure brainco binaries are executable] **********************************
[0;36mskipping: [g1_robot_065][0m

TASK [Check brainco autostart script] ******************************************
[0;36mskipping: [g1_robot_065][0m

TASK [Run brainco setup_autostart.sh] ******************************************
[0;36mskipping: [g1_robot_065][0m

TASK [Install fallback brainco_hand systemd unit] ******************************
[0;36mskipping: [g1_robot_065][0m

TASK [Enable and restart fallback brainco_hand service] ************************
[0;36mskipping: [g1_robot_065][0m

TASK [Record brainco installation result] **************************************
[0;36mskipping: [g1_robot_065][0m

TASK [Stop conflicting brainco service for dex1] *******************************
[0;36mskipping: [g1_robot_065][0m

TASK [Disable conflicting brainco service for dex1] ****************************
[0;36mskipping: [g1_robot_065][0m

TASK [Record conflicting brainco service stop result] **************************
[0;36mskipping: [g1_robot_065][0m

TASK [Stop conflicting dex1 service for brainco] *******************************
[0;36mskipping: [g1_robot_065][0m

TASK [Disable conflicting dex1 service for brainco] ****************************
[0;36mskipping: [g1_robot_065][0m

TASK [Record conflicting dex1 service stop result] *****************************
[0;36mskipping: [g1_robot_065][0m

TASK [Stop dex1 service when no end effector is selected] **********************
[0;36mskipping: [g1_robot_065][0m

TASK [Stop brainco service when no end effector is selected] *******************
[0;36mskipping: [g1_robot_065][0m

TASK [Disable dex1 service when no end effector is selected] *******************
[0;36mskipping: [g1_robot_065][0m

TASK [Disable brainco service when no end effector is selected] ****************
[0;36mskipping: [g1_robot_065][0m

TASK [Record all end effector service stop result] *****************************
[0;36mskipping: [g1_robot_065][0m

TASK [Reset check results before final verification] ***************************
[0;36mskipping: [g1_robot_065][0m

TASK [Check project directory] *************************************************
[0;32mok: [g1_robot_065][0m

TASK [Record project directory status] *****************************************
[0;32mok: [g1_robot_065][0m

TASK [Check unitree_sdk2 source directory] *************************************
[0;32mok: [g1_robot_065][0m

TASK [Record unitree_sdk2 source status] ***************************************
[0;32mok: [g1_robot_065][0m

TASK [Detect conda executable] *************************************************
[0;32mok: [g1_robot_065][0m

TASK [Set conda paths] *********************************************************
[0;32mok: [g1_robot_065][0m

TASK [Record conda status] *****************************************************
[0;32mok: [g1_robot_065][0m

TASK [Set tv python path] ******************************************************
[0;32mok: [g1_robot_065][0m

TASK [Check conda tv environment] **********************************************
[0;32mok: [g1_robot_065][0m

TASK [Record conda tv environment status] **************************************
[0;32mok: [g1_robot_065][0m

TASK [Check tv python version] *************************************************
[0;32mok: [g1_robot_065][0m

TASK [Record tv python version status] *****************************************
[0;32mok: [g1_robot_065][0m

TASK [Record skipped tv python version status] *********************************
[0;36mskipping: [g1_robot_065][0m

TASK [Check Python package imports] ********************************************
[0;32mok: [g1_robot_065] => (item={'import_name': 'cv2', 'pip_name': 'opencv-python', 'display_name': 'Python cv2'})[0m
[0;32mok: [g1_robot_065] => (item={'import_name': 'zmq', 'pip_name': 'pyzmq', 'display_name': 'Python zmq'})[0m
[0;32mok: [g1_robot_065] => (item={'import_name': 'logging_mp', 'pip_name': 'logging_mp', 'display_name': 'Python logging_mp'})[0m
[0;32mok: [g1_robot_065] => (item={'import_name': 'av', 'pip_name': 'av', 'display_name': 'Python av'})[0m
[0;32mok: [g1_robot_065] => (item={'import_name': 'numpy', 'pip_name': 'numpy', 'display_name': 'Python numpy'})[0m

TASK [Record Python package import status] *************************************
[0;32mok: [g1_robot_065] => (item={'cmd': ['/home/unitree/yes/envs/tv/bin/python', '-c', 'import cv2'], 'stdout': '', 'stderr': '', 'rc': 0, 'start': '2026-06-08 17:27:45.549277', 'end': '2026-06-08 17:27:45.808812', 'delta': '0:00:00.259535', 'changed': False, 'invocation': {'module_args': {'_raw_params': "/home/unitree/yes/envs/tv/bin/python -c 'import cv2'", 'warn': True, '_uses_shell': False, 'stdin_add_newline': True, 'strip_empty_ends': True, 'argv': None, 'chdir': None, 'executable': None, 'creates': None, 'removes': None, 'stdin': None}}, 'stdout_lines': [], 'stderr_lines': [], 'failed': False, 'failed_when_result': False, 'item': {'import_name': 'cv2', 'pip_name': 'opencv-python', 'display_name': 'Python cv2'}, 'ansible_loop_var': 'item'})[0m
[0;32mok: [g1_robot_065] => (item={'cmd': ['/home/unitree/yes/envs/tv/bin/python', '-c', 'import zmq'], 'stdout': '', 'stderr': '', 'rc': 0, 'start': '2026-06-08 17:27:46.051665', 'end': '2026-06-08 17:27:46.142297', 'delta': '0:00:00.090632', 'changed': False, 'invocation': {'module_args': {'_raw_params': "/home/unitree/yes/envs/tv/bin/python -c 'import zmq'", 'warn': True, '_uses_shell': False, 'stdin_add_newline': True, 'strip_empty_ends': True, 'argv': None, 'chdir': None, 'executable': None, 'creates': None, 'removes': None, 'stdin': None}}, 'stdout_lines': [], 'stderr_lines': [], 'failed': False, 'failed_when_result': False, 'item': {'import_name': 'zmq', 'pip_name': 'pyzmq', 'display_name': 'Python zmq'}, 'ansible_loop_var': 'item'})[0m
[0;32mok: [g1_robot_065] => (item={'cmd': ['/home/unitree/yes/envs/tv/bin/python', '-c', 'import logging_mp'], 'stdout': '', 'stderr': '', 'rc': 0, 'start': '2026-06-08 17:27:46.348028', 'end': '2026-06-08 17:27:46.464208', 'delta': '0:00:00.116180', 'changed': False, 'invocation': {'module_args': {'_raw_params': "/home/unitree/yes/envs/tv/bin/python -c 'import logging_mp'", 'warn': True, '_uses_shell': False, 'stdin_add_newline': True, 'strip_empty_ends': True, 'argv': None, 'chdir': None, 'executable': None, 'creates': None, 'removes': None, 'stdin': None}}, 'stdout_lines': [], 'stderr_lines': [], 'failed': False, 'failed_when_result': False, 'item': {'import_name': 'logging_mp', 'pip_name': 'logging_mp', 'display_name': 'Python logging_mp'}, 'ansible_loop_var': 'item'})[0m
[0;32mok: [g1_robot_065] => (item={'cmd': ['/home/unitree/yes/envs/tv/bin/python', '-c', 'import av'], 'stdout': '', 'stderr': '', 'rc': 0, 'start': '2026-06-08 17:27:46.675946', 'end': '2026-06-08 17:27:46.824757', 'delta': '0:00:00.148811', 'changed': False, 'invocation': {'module_args': {'_raw_params': "/home/unitree/yes/envs/tv/bin/python -c 'import av'", 'warn': True, '_uses_shell': False, 'stdin_add_newline': True, 'strip_empty_ends': True, 'argv': None, 'chdir': None, 'executable': None, 'creates': None, 'removes': None, 'stdin': None}}, 'stdout_lines': [], 'stderr_lines': [], 'failed': False, 'failed_when_result': False, 'item': {'import_name': 'av', 'pip_name': 'av', 'display_name': 'Python av'}, 'ansible_loop_var': 'item'})[0m
[0;32mok: [g1_robot_065] => (item={'cmd': ['/home/unitree/yes/envs/tv/bin/python', '-c', 'import numpy'], 'stdout': '', 'stderr': '', 'rc': 0, 'start': '2026-06-08 17:27:47.038119', 'end': '2026-06-08 17:27:47.208901', 'delta': '0:00:00.170782', 'changed': False, 'invocation': {'module_args': {'_raw_params': "/home/unitree/yes/envs/tv/bin/python -c 'import numpy'", 'warn': True, '_uses_shell': False, 'stdin_add_newline': True, 'strip_empty_ends': True, 'argv': None, 'chdir': None, 'executable': None, 'creates': None, 'removes': None, 'stdin': None}}, 'stdout_lines': [], 'stderr_lines': [], 'failed': False, 'failed_when_result': False, 'item': {'import_name': 'numpy', 'pip_name': 'numpy', 'display_name': 'Python numpy'}, 'ansible_loop_var': 'item'})[0m

TASK [Record skipped Python package imports] ***********************************
[0;36mskipping: [g1_robot_065] => (item={'import_name': 'cv2', 'pip_name': 'opencv-python', 'display_name': 'Python cv2'}) [0m
[0;36mskipping: [g1_robot_065] => (item={'import_name': 'zmq', 'pip_name': 'pyzmq', 'display_name': 'Python zmq'}) [0m
[0;36mskipping: [g1_robot_065] => (item={'import_name': 'logging_mp', 'pip_name': 'logging_mp', 'display_name': 'Python logging_mp'}) [0m
[0;36mskipping: [g1_robot_065] => (item={'import_name': 'av', 'pip_name': 'av', 'display_name': 'Python av'}) [0m
[0;36mskipping: [g1_robot_065] => (item={'import_name': 'numpy', 'pip_name': 'numpy', 'display_name': 'Python numpy'}) [0m

TASK [Check unitree_sdk2 installed files] **************************************
[0;32mok: [g1_robot_065] => (item={'name': 'unitree_sdk2 library', 'path': '/usr/local/lib/libunitree_sdk2.a'})[0m
[0;32mok: [g1_robot_065] => (item={'name': 'unitree_sdk2 cmake config', 'path': '/usr/local/lib/cmake/unitree_sdk2/unitree_sdk2Config.cmake'})[0m
[0;32mok: [g1_robot_065] => (item={'name': 'unitree_sdk2 go2 header', 'path': '/usr/local/include/unitree/idl/go2/MotorCmds_.hpp'})[0m

TASK [Record unitree_sdk2 installed file status] *******************************
[0;32mok: [g1_robot_065] => (item={'changed': False, 'stat': {'exists': True, 'path': '/usr/local/lib/libunitree_sdk2.a', 'mode': '0644', 'isdir': False, 'ischr': False, 'isblk': False, 'isreg': True, 'isfifo': False, 'islnk': False, 'issock': False, 'uid': 0, 'gid': 0, 'size': 28836044, 'inode': 1970671, 'dev': 66305, 'nlink': 1, 'atime': 1780884964.148, 'mtime': 1779073390.0, 'ctime': 1779073899.836, 'wusr': True, 'rusr': True, 'xusr': False, 'wgrp': False, 'rgrp': True, 'xgrp': False, 'woth': False, 'roth': True, 'xoth': False, 'isuid': False, 'isgid': False, 'blocks': 56328, 'block_size': 4096, 'device_type': 0, 'readable': True, 'writeable': False, 'executable': False, 'pw_name': 'root', 'gr_name': 'root', 'checksum': '6aa9bbd4ee362b0e1b080741ef839c9f07d80444', 'mimetype': 'application/x-archive', 'charset': 'binary', 'version': '2511750953', 'attributes': ['extents'], 'attr_flags': 'e'}, 'invocation': {'module_args': {'path': '/usr/local/lib/libunitree_sdk2.a', 'follow': False, 'get_md5': False, 'get_checksum': True, 'get_mime': True, 'get_attributes': True, 'checksum_algorithm': 'sha1'}}, 'failed': False, 'item': {'name': 'unitree_sdk2 library', 'path': '/usr/local/lib/libunitree_sdk2.a'}, 'ansible_loop_var': 'item'})[0m
[0;32mok: [g1_robot_065] => (item={'changed': False, 'stat': {'exists': True, 'path': '/usr/local/lib/cmake/unitree_sdk2/unitree_sdk2Config.cmake', 'mode': '0644', 'isdir': False, 'ischr': False, 'isblk': False, 'isreg': True, 'isfifo': False, 'islnk': False, 'issock': False, 'uid': 0, 'gid': 0, 'size': 186, 'inode': 8260013, 'dev': 66305, 'nlink': 1, 'atime': 1780884964.408, 'mtime': 1779073778.0, 'ctime': 1779073899.84, 'wusr': True, 'rusr': True, 'xusr': False, 'wgrp': False, 'rgrp': True, 'xgrp': False, 'woth': False, 'roth': True, 'xoth': False, 'isuid': False, 'isgid': False, 'blocks': 8, 'block_size': 4096, 'device_type': 0, 'readable': True, 'writeable': False, 'executable': False, 'pw_name': 'root', 'gr_name': 'root', 'checksum': '3a27dd724be144969a69609c6789b0b9c12a0a94', 'mimetype': 'text/plain', 'charset': 'us-ascii', 'version': '1404028717', 'attributes': ['extents'], 'attr_flags': 'e'}, 'invocation': {'module_args': {'path': '/usr/local/lib/cmake/unitree_sdk2/unitree_sdk2Config.cmake', 'follow': False, 'get_md5': False, 'get_checksum': True, 'get_mime': True, 'get_attributes': True, 'checksum_algorithm': 'sha1'}}, 'failed': False, 'item': {'name': 'unitree_sdk2 cmake config', 'path': '/usr/local/lib/cmake/unitree_sdk2/unitree_sdk2Config.cmake'}, 'ansible_loop_var': 'item'})[0m
[0;32mok: [g1_robot_065] => (item={'changed': False, 'stat': {'exists': True, 'path': '/usr/local/include/unitree/idl/go2/MotorCmds_.hpp', 'mode': '0644', 'isdir': False, 'ischr': False, 'isblk': False, 'isreg': True, 'isfifo': False, 'islnk': False, 'issock': False, 'uid': 0, 'gid': 0, 'size': 14799, 'inode': 3673361, 'dev': 66305, 'nlink': 1, 'atime': 1780884964.624, 'mtime': 1779073388.0, 'ctime': 1779073899.772, 'wusr': True, 'rusr': True, 'xusr': False, 'wgrp': False, 'rgrp': True, 'xgrp': False, 'woth': False, 'roth': True, 'xoth': False, 'isuid': False, 'isgid': False, 'blocks': 32, 'block_size': 4096, 'device_type': 0, 'readable': True, 'writeable': False, 'executable': False, 'pw_name': 'root', 'gr_name': 'root', 'checksum': '61c007d557e6b98267de2f718cde8828915ac109', 'mimetype': 'text/x-c++', 'charset': 'us-ascii', 'version': '906146764', 'attributes': ['extents'], 'attr_flags': 'e'}, 'invocation': {'module_args': {'path': '/usr/local/include/unitree/idl/go2/MotorCmds_.hpp', 'follow': False, 'get_md5': False, 'get_checksum': True, 'get_mime': True, 'get_attributes': True, 'checksum_algorithm': 'sha1'}}, 'failed': False, 'item': {'name': 'unitree_sdk2 go2 header', 'path': '/usr/local/include/unitree/idl/go2/MotorCmds_.hpp'}, 'ansible_loop_var': 'item'})[0m

TASK [Check apt package installation] ******************************************
[0;32mok: [g1_robot_065] => (item=build-essential)[0m
[0;32mok: [g1_robot_065] => (item=cmake)[0m
[0;32mok: [g1_robot_065] => (item=make)[0m
[0;32mok: [g1_robot_065] => (item=libeigen3-dev)[0m
[0;32mok: [g1_robot_065] => (item=libspdlog-dev)[0m
[0;32mok: [g1_robot_065] => (item=libfmt-dev)[0m
[0;32mok: [g1_robot_065] => (item=libboost-all-dev)[0m
[0;32mok: [g1_robot_065] => (item=libyaml-cpp-dev)[0m

TASK [Record apt package status] ***********************************************
[0;32mok: [g1_robot_065] => (item={'cmd': ['dpkg-query', '-W', '-f=${Status}', 'build-essential'], 'stdout': 'install ok installed', 'stderr': '', 'rc': 0, 'start': '2026-06-08 17:27:48.286802', 'end': '2026-06-08 17:27:48.329723', 'delta': '0:00:00.042921', 'changed': False, 'invocation': {'module_args': {'_raw_params': 'dpkg-query -W -f=${Status} build-essential', 'warn': True, '_uses_shell': False, 'stdin_add_newline': True, 'strip_empty_ends': True, 'argv': None, 'chdir': None, 'executable': None, 'creates': None, 'removes': None, 'stdin': None}}, 'stdout_lines': ['install ok installed'], 'stderr_lines': [], 'failed': False, 'failed_when_result': False, 'item': 'build-essential', 'ansible_loop_var': 'item'})[0m
[0;32mok: [g1_robot_065] => (item={'cmd': ['dpkg-query', '-W', '-f=${Status}', 'cmake'], 'stdout': 'install ok installed', 'stderr': '', 'rc': 0, 'start': '2026-06-08 17:27:48.543395', 'end': '2026-06-08 17:27:48.587671', 'delta': '0:00:00.044276', 'changed': False, 'invocation': {'module_args': {'_raw_params': 'dpkg-query -W -f=${Status} cmake', 'warn': True, '_uses_shell': False, 'stdin_add_newline': True, 'strip_empty_ends': True, 'argv': None, 'chdir': None, 'executable': None, 'creates': None, 'removes': None, 'stdin': None}}, 'stdout_lines': ['install ok installed'], 'stderr_lines': [], 'failed': False, 'failed_when_result': False, 'item': 'cmake', 'ansible_loop_var': 'item'})[0m
[0;32mok: [g1_robot_065] => (item={'cmd': ['dpkg-query', '-W', '-f=${Status}', 'make'], 'stdout': 'install ok installed', 'stderr': '', 'rc': 0, 'start': '2026-06-08 17:27:48.802491', 'end': '2026-06-08 17:27:48.846085', 'delta': '0:00:00.043594', 'changed': False, 'invocation': {'module_args': {'_raw_params': 'dpkg-query -W -f=${Status} make', 'warn': True, '_uses_shell': False, 'stdin_add_newline': True, 'strip_empty_ends': True, 'argv': None, 'chdir': None, 'executable': None, 'creates': None, 'removes': None, 'stdin': None}}, 'stdout_lines': ['install ok installed'], 'stderr_lines': [], 'failed': False, 'failed_when_result': False, 'item': 'make', 'ansible_loop_var': 'item'})[0m
[0;32mok: [g1_robot_065] => (item={'cmd': ['dpkg-query', '-W', '-f=${Status}', 'libeigen3-dev'], 'stdout': 'install ok installed', 'stderr': '', 'rc': 0, 'start': '2026-06-08 17:27:49.055432', 'end': '2026-06-08 17:27:49.097564', 'delta': '0:00:00.042132', 'changed': False, 'invocation': {'module_args': {'_raw_params': 'dpkg-query -W -f=${Status} libeigen3-dev', 'warn': True, '_uses_shell': False, 'stdin_add_newline': True, 'strip_empty_ends': True, 'argv': None, 'chdir': None, 'executable': None, 'creates': None, 'removes': None, 'stdin': None}}, 'stdout_lines': ['install ok installed'], 'stderr_lines': [], 'failed': False, 'failed_when_result': False, 'item': 'libeigen3-dev', 'ansible_loop_var': 'item'})[0m
[0;32mok: [g1_robot_065] => (item={'cmd': ['dpkg-query', '-W', '-f=${Status}', 'libspdlog-dev'], 'stdout': 'install ok installed', 'stderr': '', 'rc': 0, 'start': '2026-06-08 17:27:49.306868', 'end': '2026-06-08 17:27:49.349874', 'delta': '0:00:00.043006', 'changed': False, 'invocation': {'module_args': {'_raw_params': 'dpkg-query -W -f=${Status} libspdlog-dev', 'warn': True, '_uses_shell': False, 'stdin_add_newline': True, 'strip_empty_ends': True, 'argv': None, 'chdir': None, 'executable': None, 'creates': None, 'removes': None, 'stdin': None}}, 'stdout_lines': ['install ok installed'], 'stderr_lines': [], 'failed': False, 'failed_when_result': False, 'item': 'libspdlog-dev', 'ansible_loop_var': 'item'})[0m
[0;32mok: [g1_robot_065] => (item={'cmd': ['dpkg-query', '-W', '-f=${Status}', 'libfmt-dev'], 'stdout': 'install ok installed', 'stderr': '', 'rc': 0, 'start': '2026-06-08 17:27:49.552878', 'end': '2026-06-08 17:27:49.596322', 'delta': '0:00:00.043444', 'changed': False, 'invocation': {'module_args': {'_raw_params': 'dpkg-query -W -f=${Status} libfmt-dev', 'warn': True, '_uses_shell': False, 'stdin_add_newline': True, 'strip_empty_ends': True, 'argv': None, 'chdir': None, 'executable': None, 'creates': None, 'removes': None, 'stdin': None}}, 'stdout_lines': ['install ok installed'], 'stderr_lines': [], 'failed': False, 'failed_when_result': False, 'item': 'libfmt-dev', 'ansible_loop_var': 'item'})[0m
[0;32mok: [g1_robot_065] => (item={'cmd': ['dpkg-query', '-W', '-f=${Status}', 'libboost-all-dev'], 'stdout': 'install ok installed', 'stderr': '', 'rc': 0, 'start': '2026-06-08 17:27:49.802537', 'end': '2026-06-08 17:27:49.845742', 'delta': '0:00:00.043205', 'changed': False, 'invocation': {'module_args': {'_raw_params': 'dpkg-query -W -f=${Status} libboost-all-dev', 'warn': True, '_uses_shell': False, 'stdin_add_newline': True, 'strip_empty_ends': True, 'argv': None, 'chdir': None, 'executable': None, 'creates': None, 'removes': None, 'stdin': None}}, 'stdout_lines': ['install ok installed'], 'stderr_lines': [], 'failed': False, 'failed_when_result': False, 'item': 'libboost-all-dev', 'ansible_loop_var': 'item'})[0m
[0;32mok: [g1_robot_065] => (item={'cmd': ['dpkg-query', '-W', '-f=${Status}', 'libyaml-cpp-dev'], 'stdout': 'install ok installed', 'stderr': '', 'rc': 0, 'start': '2026-06-08 17:27:50.054619', 'end': '2026-06-08 17:27:50.096617', 'delta': '0:00:00.041998', 'changed': False, 'invocation': {'module_args': {'_raw_params': 'dpkg-query -W -f=${Status} libyaml-cpp-dev', 'warn': True, '_uses_shell': False, 'stdin_add_newline': True, 'strip_empty_ends': True, 'argv': None, 'chdir': None, 'executable': None, 'creates': None, 'removes': None, 'stdin': None}}, 'stdout_lines': ['install ok installed'], 'stderr_lines': [], 'failed': False, 'failed_when_result': False, 'item': 'libyaml-cpp-dev', 'ansible_loop_var': 'item'})[0m

TASK [Check remote image service binary] ***************************************
[0;32mok: [g1_robot_065][0m

TASK [Record remote image service binary status] *******************************
[0;32mok: [g1_robot_065][0m

TASK [Check remote_start systemd unit file] ************************************
[0;36mskipping: [g1_robot_065][0m

TASK [Check remote_start service enabled state] ********************************
[0;36mskipping: [g1_robot_065][0m

TASK [Check remote_start service active state] *********************************
[0;36mskipping: [g1_robot_065][0m

TASK [Record remote_start service status] **************************************
[0;36mskipping: [g1_robot_065][0m

TASK [Check camera udev rule file] *********************************************
[0;32mok: [g1_robot_065][0m

TASK [Record camera udev rule file status] *************************************
[0;32mok: [g1_robot_065][0m

TASK [Check camera device symlinks] ********************************************
[0;32mok: [g1_robot_065] => (item=/dev/cam_head)[0m
[0;32mok: [g1_robot_065] => (item=/dev/cam_wrist_left)[0m
[0;32mok: [g1_robot_065] => (item=/dev/cam_wrist_right)[0m

TASK [Record camera device symlink status] *************************************
[0;32mok: [g1_robot_065] => (item={'changed': False, 'stat': {'exists': True, 'path': '/dev/cam_head', 'mode': '0777', 'isdir': False, 'ischr': False, 'isblk': False, 'isreg': False, 'isfifo': False, 'islnk': True, 'issock': False, 'uid': 0, 'gid': 0, 'size': 6, 'inode': 1233, 'dev': 5, 'nlink': 1, 'atime': 1780909547.368, 'mtime': 1780909546.808, 'ctime': 1780909546.808, 'wusr': True, 'rusr': True, 'xusr': True, 'wgrp': True, 'rgrp': True, 'xgrp': True, 'woth': True, 'roth': True, 'xoth': True, 'isuid': False, 'isgid': False, 'blocks': 0, 'block_size': 4096, 'device_type': 0, 'readable': True, 'writeable': True, 'executable': False, 'lnk_source': '/dev/video5', 'lnk_target': 'video5', 'pw_name': 'root', 'gr_name': 'root', 'mimetype': 'inode/symlink', 'charset': 'binary', 'version': None, 'attributes': [], 'attr_flags': ''}, 'invocation': {'module_args': {'path': '/dev/cam_head', 'follow': False, 'get_md5': False, 'get_checksum': True, 'get_mime': True, 'get_attributes': True, 'checksum_algorithm': 'sha1'}}, 'failed': False, 'item': '/dev/cam_head', 'ansible_loop_var': 'item'})[0m
[0;32mok: [g1_robot_065] => (item={'changed': False, 'stat': {'exists': True, 'path': '/dev/cam_wrist_left', 'mode': '0777', 'isdir': False, 'ischr': False, 'isblk': False, 'isreg': False, 'isfifo': False, 'islnk': True, 'issock': False, 'uid': 0, 'gid': 0, 'size': 6, 'inode': 1255, 'dev': 5, 'nlink': 1, 'atime': 1780909549.128, 'mtime': 1780909548.464, 'ctime': 1780909548.464, 'wusr': True, 'rusr': True, 'xusr': True, 'wgrp': True, 'rgrp': True, 'xgrp': True, 'woth': True, 'roth': True, 'xoth': True, 'isuid': False, 'isgid': False, 'blocks': 0, 'block_size': 4096, 'device_type': 0, 'readable': True, 'writeable': True, 'executable': False, 'lnk_source': '/dev/video8', 'lnk_target': 'video8', 'pw_name': 'root', 'gr_name': 'root', 'mimetype': 'inode/symlink', 'charset': 'binary', 'version': None, 'attributes': [], 'attr_flags': ''}, 'invocation': {'module_args': {'path': '/dev/cam_wrist_left', 'follow': False, 'get_md5': False, 'get_checksum': True, 'get_mime': True, 'get_attributes': True, 'checksum_algorithm': 'sha1'}}, 'failed': False, 'item': '/dev/cam_wrist_left', 'ansible_loop_var': 'item'})[0m
[0;32mok: [g1_robot_065] => (item={'changed': False, 'stat': {'exists': True, 'path': '/dev/cam_wrist_right', 'mode': '0777', 'isdir': False, 'ischr': False, 'isblk': False, 'isreg': False, 'isfifo': False, 'islnk': True, 'issock': False, 'uid': 0, 'gid': 0, 'size': 7, 'inode': 1281, 'dev': 5, 'nlink': 1, 'atime': 1780909557.148, 'mtime': 1780909555.888, 'ctime': 1780909555.888, 'wusr': True, 'rusr': True, 'xusr': True, 'wgrp': True, 'rgrp': True, 'xgrp': True, 'woth': True, 'roth': True, 'xoth': True, 'isuid': False, 'isgid': False, 'blocks': 0, 'block_size': 4096, 'device_type': 0, 'readable': True, 'writeable': True, 'executable': False, 'lnk_source': '/dev/video10', 'lnk_target': 'video10', 'pw_name': 'root', 'gr_name': 'root', 'mimetype': 'inode/symlink', 'charset': 'binary', 'version': None, 'attributes': [], 'attr_flags': ''}, 'invocation': {'module_args': {'path': '/dev/cam_wrist_right', 'follow': False, 'get_md5': False, 'get_checksum': True, 'get_mime': True, 'get_attributes': True, 'checksum_algorithm': 'sha1'}}, 'failed': False, 'item': '/dev/cam_wrist_right', 'ansible_loop_var': 'item'})[0m

TASK [Check cos_teleop camera journal] *****************************************
[0;32mok: [g1_robot_065][0m

TASK [Record cos_teleop camera journal status] *********************************
[0;32mok: [g1_robot_065][0m

TASK [Set dex1 paths] **********************************************************
[0;32mok: [g1_robot_065][0m

TASK [Check dex1 files] ********************************************************
[0;32mok: [g1_robot_065] => (item={'name': 'dex1 source directory', 'path': '/home/unitree/g1_setup/dex1_1_service'})[0m
[0;32mok: [g1_robot_065] => (item={'name': 'dex1 bin directory', 'path': '/home/unitree/g1_setup/dex1_1_service/bin'})[0m
[0;32mok: [g1_robot_065] => (item={'name': 'dex1 server binary', 'path': '/home/unitree/g1_setup/dex1_1_service/bin/dex1_1_gripper_server'})[0m
[0;32mok: [g1_robot_065] => (item={'name': 'dex1 test binary', 'path': '/home/unitree/g1_setup/dex1_1_service/bin/test_dex1_1_gripper_server'})[0m
[0;32mok: [g1_robot_065] => (item={'name': 'dex1 systemd unit file', 'path': '/etc/systemd/system/dex1_gripper.service'})[0m

TASK [Record dex1 file status] *************************************************
[0;32mok: [g1_robot_065] => (item={'changed': False, 'stat': {'exists': True, 'path': '/home/unitree/g1_setup/dex1_1_service', 'mode': '0700', 'isdir': True, 'ischr': False, 'isblk': False, 'isreg': False, 'isfifo': False, 'islnk': False, 'issock': False, 'uid': 1000, 'gid': 1000, 'size': 4096, 'inode': 25823038, 'dev': 66305, 'nlink': 7, 'atime': 1780884960.9, 'mtime': 1779074091.744, 'ctime': 1779074091.744, 'wusr': True, 'rusr': True, 'xusr': True, 'wgrp': False, 'rgrp': False, 'xgrp': False, 'woth': False, 'roth': False, 'xoth': False, 'isuid': False, 'isgid': False, 'blocks': 8, 'block_size': 4096, 'device_type': 0, 'readable': True, 'writeable': True, 'executable': True, 'pw_name': 'unitree', 'gr_name': 'unitree', 'mimetype': 'inode/directory', 'charset': 'binary', 'version': '2900887487', 'attributes': ['extents'], 'attr_flags': 'e'}, 'invocation': {'module_args': {'path': '/home/unitree/g1_setup/dex1_1_service', 'follow': False, 'get_md5': False, 'get_checksum': True, 'get_mime': True, 'get_attributes': True, 'checksum_algorithm': 'sha1'}}, 'failed': False, 'item': {'name': 'dex1 source directory', 'path': '/home/unitree/g1_setup/dex1_1_service'}, 'ansible_loop_var': 'item'})[0m
[0;32mok: [g1_robot_065] => (item={'changed': False, 'stat': {'exists': True, 'path': '/home/unitree/g1_setup/dex1_1_service/bin', 'mode': '0700', 'isdir': True, 'ischr': False, 'isblk': False, 'isreg': False, 'isfifo': False, 'islnk': False, 'issock': False, 'uid': 1000, 'gid': 1000, 'size': 4096, 'inode': 25823047, 'dev': 66305, 'nlink': 2, 'atime': 1780884960.9, 'mtime': 1779074136.732, 'ctime': 1779074136.732, 'wusr': True, 'rusr': True, 'xusr': True, 'wgrp': False, 'rgrp': False, 'xgrp': False, 'woth': False, 'roth': False, 'xoth': False, 'isuid': False, 'isgid': False, 'blocks': 8, 'block_size': 4096, 'device_type': 0, 'readable': True, 'writeable': True, 'executable': True, 'pw_name': 'unitree', 'gr_name': 'unitree', 'mimetype': 'inode/directory', 'charset': 'binary', 'version': '931279032', 'attributes': ['extents'], 'attr_flags': 'e'}, 'invocation': {'module_args': {'path': '/home/unitree/g1_setup/dex1_1_service/bin', 'follow': False, 'get_md5': False, 'get_checksum': True, 'get_mime': True, 'get_attributes': True, 'checksum_algorithm': 'sha1'}}, 'failed': False, 'item': {'name': 'dex1 bin directory', 'path': '/home/unitree/g1_setup/dex1_1_service/bin'}, 'ansible_loop_var': 'item'})[0m
[0;32mok: [g1_robot_065] => (item={'changed': False, 'stat': {'exists': True, 'path': '/home/unitree/g1_setup/dex1_1_service/bin/dex1_1_gripper_server', 'mode': '0755', 'isdir': False, 'ischr': False, 'isblk': False, 'isreg': True, 'isfifo': False, 'islnk': False, 'issock': False, 'uid': 1000, 'gid': 1000, 'size': 3715184, 'inode': 25823049, 'dev': 66305, 'nlink': 1, 'atime': 1780884511.088, 'mtime': 1779074137.268, 'ctime': 1780656451.652, 'wusr': True, 'rusr': True, 'xusr': True, 'wgrp': False, 'rgrp': True, 'xgrp': True, 'woth': False, 'roth': True, 'xoth': True, 'isuid': False, 'isgid': False, 'blocks': 7264, 'block_size': 4096, 'device_type': 0, 'readable': True, 'writeable': True, 'executable': True, 'pw_name': 'unitree', 'gr_name': 'unitree', 'checksum': 'eb93d7311939b62ea7b8d7d6ab7759ddb4a68acd', 'mimetype': 'application/x-sharedlib', 'charset': 'binary', 'version': '3730456119', 'attributes': ['extents'], 'attr_flags': 'e'}, 'invocation': {'module_args': {'path': '/home/unitree/g1_setup/dex1_1_service/bin/dex1_1_gripper_server', 'follow': False, 'get_md5': False, 'get_checksum': True, 'get_mime': True, 'get_attributes': True, 'checksum_algorithm': 'sha1'}}, 'failed': False, 'item': {'name': 'dex1 server binary', 'path': '/home/unitree/g1_setup/dex1_1_service/bin/dex1_1_gripper_server'}, 'ansible_loop_var': 'item'})[0m
[0;32mok: [g1_robot_065] => (item={'changed': False, 'stat': {'exists': True, 'path': '/home/unitree/g1_setup/dex1_1_service/bin/test_dex1_1_gripper_server', 'mode': '0755', 'isdir': False, 'ischr': False, 'isblk': False, 'isreg': True, 'isfifo': False, 'islnk': False, 'issock': False, 'uid': 1000, 'gid': 1000, 'size': 3686232, 'inode': 25823050, 'dev': 66305, 'nlink': 1, 'atime': 1780884968.864, 'mtime': 1779074134.784, 'ctime': 1780656451.872, 'wusr': True, 'rusr': True, 'xusr': True, 'wgrp': False, 'rgrp': True, 'xgrp': True, 'woth': False, 'roth': True, 'xoth': True, 'isuid': False, 'isgid': False, 'blocks': 7200, 'block_size': 4096, 'device_type': 0, 'readable': True, 'writeable': True, 'executable': True, 'pw_name': 'unitree', 'gr_name': 'unitree', 'checksum': '9d87ca1ae8b3ea09cf006a809a499c1a571f875b', 'mimetype': 'application/x-sharedlib', 'charset': 'binary', 'version': '1592912131', 'attributes': ['extents'], 'attr_flags': 'e'}, 'invocation': {'module_args': {'path': '/home/unitree/g1_setup/dex1_1_service/bin/test_dex1_1_gripper_server', 'follow': False, 'get_md5': False, 'get_checksum': True, 'get_mime': True, 'get_attributes': True, 'checksum_algorithm': 'sha1'}}, 'failed': False, 'item': {'name': 'dex1 test binary', 'path': '/home/unitree/g1_setup/dex1_1_service/bin/test_dex1_1_gripper_server'}, 'ansible_loop_var': 'item'})[0m
[0;32mok: [g1_robot_065] => (item={'changed': False, 'stat': {'exists': True, 'path': '/etc/systemd/system/dex1_gripper.service', 'mode': '0644', 'isdir': False, 'ischr': False, 'isblk': False, 'isreg': True, 'isfifo': False, 'islnk': False, 'issock': False, 'uid': 0, 'gid': 0, 'size': 447, 'inode': 922283, 'dev': 66305, 'nlink': 1, 'atime': 1780884969.076, 'mtime': 1780656452.416, 'ctime': 1780656452.416, 'wusr': True, 'rusr': True, 'xusr': False, 'wgrp': False, 'rgrp': True, 'xgrp': False, 'woth': False, 'roth': True, 'xoth': False, 'isuid': False, 'isgid': False, 'blocks': 8, 'block_size': 4096, 'device_type': 0, 'readable': True, 'writeable': False, 'executable': False, 'pw_name': 'root', 'gr_name': 'root', 'checksum': 'fcd7783569a1d05e73eee86d6e38571723163f02', 'mimetype': 'text/plain', 'charset': 'us-ascii', 'version': '3471060774', 'attributes': ['extents'], 'attr_flags': 'e'}, 'invocation': {'module_args': {'path': '/etc/systemd/system/dex1_gripper.service', 'follow': False, 'get_md5': False, 'get_checksum': True, 'get_mime': True, 'get_attributes': True, 'checksum_algorithm': 'sha1'}}, 'failed': False, 'item': {'name': 'dex1 systemd unit file', 'path': '/etc/systemd/system/dex1_gripper.service'}, 'ansible_loop_var': 'item'})[0m

TASK [Check dex1 server binary executable bit] *********************************
[0;32mok: [g1_robot_065][0m

TASK [Record dex1 server executable status] ************************************
[0;32mok: [g1_robot_065][0m

TASK [Check dex1 dynamic library dependencies] *********************************
[0;32mok: [g1_robot_065][0m

TASK [Record dex1 dynamic library status] **************************************
[0;32mok: [g1_robot_065][0m

TASK [Check dex1 service enabled state] ****************************************
[0;32mok: [g1_robot_065][0m

TASK [Check dex1 service active state] *****************************************
[0;32mok: [g1_robot_065][0m

TASK [Initialize dex1 service recovery result] *********************************
[0;32mok: [g1_robot_065][0m

TASK [Restart dex1 service until active] ***************************************
[0;36mskipping: [g1_robot_065][0m

TASK [Recheck dex1 service active state after recovery] ************************
[0;36mskipping: [g1_robot_065][0m

TASK [Update dex1 service recovery result] *************************************
[0;36mskipping: [g1_robot_065][0m

TASK [Collect dex1 service status after failed recovery] ***********************
[0;36mskipping: [g1_robot_065][0m

TASK [Collect dex1 service journal after failed recovery] **********************
[0;36mskipping: [g1_robot_065][0m

TASK [Record dex1 service status] **********************************************
[0;32mok: [g1_robot_065][0m

TASK [Collect dex1 recent service journal] *************************************
[0;32mok: [g1_robot_065][0m

TASK [Detect dex1 service health issue] ****************************************
[0;32mok: [g1_robot_065][0m

TASK [Restart dex1 service after health issue] *********************************
[0;33mchanged: [g1_robot_065][0m

TASK [Collect dex1 recent service journal after health restart] ****************
[0;32mok: [g1_robot_065][0m

TASK [Record dex1 motor binding health] ****************************************
[0;32mok: [g1_robot_065][0m

TASK [Record dex1 service recovery install result] *****************************
[0;36mskipping: [g1_robot_065][0m

TASK [Check conflicting brainco service enabled state] *************************
[0;36mskipping: [g1_robot_065][0m

TASK [Check conflicting brainco service active state] **************************
[0;36mskipping: [g1_robot_065][0m

TASK [Record conflicting brainco service status] *******************************
[0;36mskipping: [g1_robot_065][0m

TASK [Set brainco paths] *******************************************************
[0;36mskipping: [g1_robot_065][0m

TASK [Check preferred brainco sdk library] *************************************
[0;36mskipping: [g1_robot_065][0m

TASK [Find brainco sdk library] ************************************************
[0;36mskipping: [g1_robot_065][0m

TASK [Set brainco sdk library path] ********************************************
[0;36mskipping: [g1_robot_065][0m

TASK [Check brainco files] *****************************************************
[0;36mskipping: [g1_robot_065][0m

TASK [Record brainco file status] **********************************************
[0;36mskipping: [g1_robot_065][0m

TASK [Check brainco server binary executable bit] ******************************
[0;36mskipping: [g1_robot_065][0m

TASK [Record brainco server executable status] *********************************
[0;36mskipping: [g1_robot_065][0m

TASK [Check brainco dynamic library dependencies] ******************************
[0;36mskipping: [g1_robot_065][0m

TASK [Record brainco dynamic library status] ***********************************
[0;36mskipping: [g1_robot_065][0m

TASK [Check brainco service enabled state] *************************************
[0;36mskipping: [g1_robot_065][0m

TASK [Check brainco service active state] **************************************
[0;36mskipping: [g1_robot_065][0m

TASK [Initialize brainco service recovery result] ******************************
[0;36mskipping: [g1_robot_065][0m

TASK [Restart brainco service until active] ************************************
[0;36mskipping: [g1_robot_065][0m

TASK [Recheck brainco service active state after recovery] *********************
[0;36mskipping: [g1_robot_065][0m

TASK [Update brainco service recovery result] **********************************
[0;36mskipping: [g1_robot_065][0m

TASK [Collect brainco service status after failed recovery] ********************
[0;36mskipping: [g1_robot_065][0m

TASK [Collect brainco service journal after failed recovery] *******************
[0;36mskipping: [g1_robot_065][0m

TASK [Record brainco service status] *******************************************
[0;36mskipping: [g1_robot_065][0m

TASK [Collect brainco recent service journal] **********************************
[0;36mskipping: [g1_robot_065][0m

TASK [Detect brainco service health issue] *************************************
[0;36mskipping: [g1_robot_065][0m

TASK [Restart brainco service after health issue] ******************************
[0;36mskipping: [g1_robot_065][0m

TASK [Collect brainco recent service journal after health restart] *************
[0;36mskipping: [g1_robot_065][0m

TASK [Record brainco hand binding health] **************************************
[0;36mskipping: [g1_robot_065][0m

TASK [Record brainco service recovery install result] **************************
[0;36mskipping: [g1_robot_065][0m

TASK [Check conflicting dex1 service enabled state] ****************************
[0;36mskipping: [g1_robot_065][0m

TASK [Check conflicting dex1 service active state] *****************************
[0;36mskipping: [g1_robot_065][0m

TASK [Record conflicting dex1 service status] **********************************
[0;36mskipping: [g1_robot_065][0m

TASK [Record skipped end effector checks] **************************************
[0;36mskipping: [g1_robot_065][0m

TASK [Record invalid end effector checks] **************************************
[0;36mskipping: [g1_robot_065][0m

TASK [Initialize enriched report check results] ********************************
[0;32mok: [g1_robot_065][0m

TASK [Add reason and suggestion to WARN and FAIL results] **********************
[0;32mok: [g1_robot_065] => (item={'name': 'remote_start preflight stop', 'status': 'OK', 'detail': 'stopped remote_start.service', 'stdout': '', 'stderr': ''})[0m
[0;32mok: [g1_robot_065] => (item={'name': 'g1_setup directory', 'status': 'OK', 'detail': '/home/unitree/g1_setup'})[0m
[0;32mok: [g1_robot_065] => (item={'name': 'unitree_sdk2 source', 'status': 'OK', 'detail': '/home/unitree/g1_setup/unitree_sdk2'})[0m
[0;32mok: [g1_robot_065] => (item={'name': 'Conda engine', 'status': 'OK', 'detail': '/home/unitree/yes/bin/conda'})[0m
[0;32mok: [g1_robot_065] => (item={'name': 'conda env tv', 'status': 'OK', 'detail': '/home/unitree/yes/envs/tv/bin/python'})[0m
[0;32mok: [g1_robot_065] => (item={'name': 'tv python version', 'status': 'OK', 'detail': 'Python 3.10.20', 'stdout': 'Python 3.10.20', 'stderr': '', 'reason': '', 'suggestion': ''})[0m
[0;32mok: [g1_robot_065] => (item={'name': 'Python cv2', 'status': 'OK', 'detail': 'import cv2', 'stdout': '', 'stderr': ''})[0m
[0;32mok: [g1_robot_065] => (item={'name': 'Python zmq', 'status': 'OK', 'detail': 'import zmq', 'stdout': '', 'stderr': ''})[0m
[0;32mok: [g1_robot_065] => (item={'name': 'Python logging_mp', 'status': 'OK', 'detail': 'import logging_mp', 'stdout': '', 'stderr': ''})[0m
[0;32mok: [g1_robot_065] => (item={'name': 'Python av', 'status': 'OK', 'detail': 'import av', 'stdout': '', 'stderr': ''})[0m
[0;32mok: [g1_robot_065] => (item={'name': 'Python numpy', 'status': 'OK', 'detail': 'import numpy', 'stdout': '', 'stderr': ''})[0m
[0;32mok: [g1_robot_065] => (item={'name': 'unitree_sdk2 library', 'status': 'OK', 'detail': '/usr/local/lib/libunitree_sdk2.a'})[0m
[0;32mok: [g1_robot_065] => (item={'name': 'unitree_sdk2 cmake config', 'status': 'OK', 'detail': '/usr/local/lib/cmake/unitree_sdk2/unitree_sdk2Config.cmake'})[0m
[0;32mok: [g1_robot_065] => (item={'name': 'unitree_sdk2 go2 header', 'status': 'OK', 'detail': '/usr/local/include/unitree/idl/go2/MotorCmds_.hpp'})[0m
[0;32mok: [g1_robot_065] => (item={'name': 'apt build-essential', 'status': 'OK', 'detail': 'build-essential'})[0m
[0;32mok: [g1_robot_065] => (item={'name': 'apt cmake', 'status': 'OK', 'detail': 'cmake'})[0m
[0;32mok: [g1_robot_065] => (item={'name': 'apt make', 'status': 'OK', 'detail': 'make'})[0m
[0;32mok: [g1_robot_065] => (item={'name': 'apt libeigen3-dev', 'status': 'OK', 'detail': 'libeigen3-dev'})[0m
[0;32mok: [g1_robot_065] => (item={'name': 'apt libspdlog-dev', 'status': 'OK', 'detail': 'libspdlog-dev'})[0m
[0;32mok: [g1_robot_065] => (item={'name': 'apt libfmt-dev', 'status': 'OK', 'detail': 'libfmt-dev'})[0m
[0;32mok: [g1_robot_065] => (item={'name': 'apt libboost-all-dev', 'status': 'OK', 'detail': 'libboost-all-dev'})[0m
[0;32mok: [g1_robot_065] => (item={'name': 'apt libyaml-cpp-dev', 'status': 'OK', 'detail': 'libyaml-cpp-dev'})[0m
[0;32mok: [g1_robot_065] => (item={'name': 'remote image binary', 'status': 'OK', 'detail': '/home/unitree/g1_setup/remote'})[0m
[0;32mok: [g1_robot_065] => (item={'name': 'camera udev rules', 'status': 'OK', 'detail': '/etc/udev/rules.d/99-usb-cameras.rules'})[0m
[0;32mok: [g1_robot_065] => (item={'name': '/dev/cam_head', 'status': 'OK', 'detail': '/dev/cam_head'})[0m
[0;32mok: [g1_robot_065] => (item={'name': '/dev/cam_wrist_left', 'status': 'OK', 'detail': '/dev/cam_wrist_left'})[0m
[0;32mok: [g1_robot_065] => (item={'name': '/dev/cam_wrist_right', 'status': 'OK', 'detail': '/dev/cam_wrist_right'})[0m
[0;32mok: [g1_robot_065] => (item={'name': 'cos_teleop camera log', 'status': 'OK', 'detail': 'no recent camera error in cos_teleop journal', 'stdout': 'Jun 08 17:22:49 ubuntu bash[25279]: [teleop_server_node-1] [WARN] [1780910569.237106208] [teleop_server]: Failed to read direct MJPEG frame for camera[2]\nJun 08 17:22:51 ubuntu bash[25279]: [teleop_server_node-1] [WARN] [1780910571.237109216] [teleop_server]: Failed to read direct MJPEG frame for camera[2]\nJun 08 17:22:53 ubuntu bash[25279]: [teleop_server_node-1] [WARN] [1780910573.270439552] [teleop_server]: Failed to read direct MJPEG frame for camera[2]\nJun 08 17:22:55 ubuntu bash[25279]: [teleop_server_node-1] [WARN] [1780910575.270446464] [teleop_server]: Failed to read direct MJPEG frame for camera[2]\nJun 08 17:22:57 ubuntu bash[25279]: [teleop_server_node-1] [WARN] [1780910577.303766624] [teleop_server]: Failed to read direct MJPEG frame for camera[2]\nJun 08 17:22:59 ubuntu bash[25279]: [teleop_server_node-1] [WARN] [1780910579.303771200] [teleop_server]: Failed to read direct MJPEG frame for camera[2]\nJun 08 17:23:01 ubuntu bash[25279]: [teleop_server_node-1] [WARN] [1780910581.337097472] [teleop_server]: Failed to read direct MJPEG frame for camera[2]\nJun 08 17:23:03 ubuntu bash[25279]: [teleop_server_node-1] [WARN] [1780910583.337103360] [teleop_server]: Failed to read direct MJPEG frame for camera[2]\nJun 08 17:23:05 ubuntu bash[25279]: [teleop_server_node-1] [WARN] [1780910585.337112448] [teleop_server]: Failed to read direct MJPEG frame for camera[2]\nJun 08 17:23:07 ubuntu bash[25279]: [teleop_server_node-1] [WARN] [1780910587.370448672] [teleop_server]: Failed to read direct MJPEG frame for camera[2]\nJun 08 17:23:09 ubuntu bash[25279]: [teleop_server_node-1] [WARN] [1780910589.403757888] [teleop_server]: Failed to read direct MJPEG frame for camera[2]\nJun 08 17:23:11 ubuntu bash[25279]: [teleop_server_node-1] [WARN] [1780910591.403764512] [teleop_server]: Failed to read direct MJPEG frame for camera[2]\nJun 08 17:23:13 ubuntu bash[25279]: [teleop_server_node-1] [WARN] [1780910593.403765088] [teleop_server]: Failed to read direct MJPEG frame for camera[2]\nJun 08 17:23:15 ubuntu bash[25279]: [teleop_server_node-1] [WARN] [1780910595.437087456] [teleop_server]: Failed to read direct MJPEG frame for camera[2]\nJun 08 17:23:17 ubuntu bash[25279]: [teleop_server_node-1] [WARN] [1780910597.437103232] [teleop_server]: Failed to read direct MJPEG frame for camera[2]\nJun 08 17:23:19 ubuntu bash[25279]: [teleop_server_node-1] [WARN] [1780910599.470426848] [teleop_server]: Failed to read direct MJPEG frame for camera[2]\nJun 08 17:23:21 ubuntu bash[25279]: [teleop_server_node-1] [WARN] [1780910601.470426560] [teleop_server]: Failed to read direct MJPEG frame for camera[2]\nJun 08 17:23:23 ubuntu bash[25279]: [teleop_server_node-1] [WARN] [1780910603.470436000] [teleop_server]: Failed to read direct MJPEG frame for camera[2]\nJun 08 17:23:25 ubuntu bash[25279]: [teleop_server_node-1] [WARN] [1780910605.470436032] [teleop_server]: Failed to read direct MJPEG frame for camera[2]\nJun 08 17:23:27 ubuntu bash[25279]: [teleop_server_node-1] [WARN] [1780910607.470436576] [teleop_server]: Failed to read direct MJPEG frame for camera[2]\nJun 08 17:23:29 ubuntu bash[25279]: [teleop_server_node-1] [WARN] [1780910609.503761504] [teleop_server]: Failed to read direct MJPEG frame for camera[2]\nJun 08 17:23:31 ubuntu bash[25279]: [teleop_server_node-1] [WARN] [1780910611.503768928] [teleop_server]: Failed to read direct MJPEG frame for camera[2]\nJun 08 17:23:33 ubuntu bash[25279]: [teleop_server_node-1] [WARN] [1780910613.503771648] [teleop_server]: Failed to read direct MJPEG frame for camera[2]\nJun 08 17:23:35 ubuntu bash[25279]: [teleop_server_node-1] [WARN] [1780910615.503771712] [teleop_server]: Failed to read direct MJPEG frame for camera[2]\nJun 08 17:23:37 ubuntu bash[25279]: [teleop_server_node-1] [WARN] [1780910617.503780800] [teleop_server]: Failed to read direct MJPEG frame for camera[2]\nJun 08 17:23:39 ubuntu bash[25279]: [teleop_server_node-1] [WARN] [1780910619.537101312] [teleop_server]: Failed to read direct MJPEG frame for camera[2]\nJun 08 17:23:41 ubuntu bash[25279]: [teleop_server_node-1] [WARN] [1780910621.570433344] [teleop_server]: Failed to read direct MJPEG frame for camera[2]\nJun 08 17:23:43 ubuntu bash[25279]: [teleop_server_node-1] [WARN] [1780910623.603781376] [teleop_server]: Failed to read direct MJPEG frame for camera[2]\nJun 08 17:23:45 ubuntu bash[25279]: [teleop_server_node-1] [WARN] [1780910625.637102560] [teleop_server]: Failed to read direct MJPEG frame for camera[2]\nJun 08 17:23:47 ubuntu bash[25279]: [teleop_server_node-1] [WARN] [1780910627.670434272] [teleop_server]: Failed to read direct MJPEG frame for camera[2]\nJun 08 17:23:49 ubuntu bash[25279]: [teleop_server_node-1] [WARN] [1780910629.703772352] [teleop_server]: Failed to read direct MJPEG frame for camera[2]\nJun 08 17:23:51 ubuntu bash[25279]: [teleop_server_node-1] [WARN] [1780910631.737098656] [teleop_server]: Failed to read direct MJPEG frame for camera[2]\nJun 08 17:23:53 ubuntu bash[25279]: [teleop_server_node-1] [WARN] [1780910633.737121152] [teleop_server]: Failed to read direct MJPEG frame for camera[2]\nJun 08 17:23:55 ubuntu bash[25279]: [teleop_server_node-1] [WARN] [1780910635.770447584] [teleop_server]: Failed to read direct MJPEG frame for camera[2]\nJun 08 17:23:57 ubuntu bash[25279]: [teleop_server_node-1] [WARN] [1780910637.803769472] [teleop_server]: Failed to read direct MJPEG frame for camera[2]\nJun 08 17:23:59 ubuntu bash[25279]: [teleop_server_node-1] [WARN] [1780910639.837101248] [teleop_server]: Failed to read direct MJPEG frame for camera[2]\nJun 08 17:24:01 ubuntu bash[25279]: [teleop_server_node-1] [WARN] [1780910641.837104928] [teleop_server]: Failed to read direct MJPEG frame for camera[2]\nJun 08 17:24:03 ubuntu bash[25279]: [teleop_server_node-1] [WARN] [1780910643.870428864] [teleop_server]: Failed to read direct MJPEG frame for camera[2]\nJun 08 17:24:05 ubuntu bash[25279]: [teleop_server_node-1] [WARN] [1780910645.870505856] [teleop_server]: Failed to read direct MJPEG frame for camera[2]\nJun 08 17:24:07 ubuntu bash[25279]: [teleop_server_node-1] [WARN] [1780910647.903758944] [teleop_server]: Failed to read direct MJPEG frame for camera[2]\nJun 08 17:24:09 ubuntu bash[25279]: [teleop_server_node-1] [WARN] [1780910649.903761280] [teleop_server]: Failed to read direct MJPEG frame for camera[2]\nJun 08 17:24:11 ubuntu bash[25279]: [teleop_server_node-1] [WARN] [1780910651.903765312] [teleop_server]: Failed to read direct MJPEG frame for camera[2]\nJun 08 17:24:13 ubuntu bash[25279]: [teleop_server_node-1] [WARN] [1780910653.903773440] [teleop_server]: Failed to read direct MJPEG frame for camera[2]\nJun 08 17:24:15 ubuntu bash[25279]: [teleop_server_node-1] [WARN] [1780910655.937104416] [teleop_server]: Failed to read direct MJPEG frame for camera[2]\nJun 08 17:24:17 ubuntu bash[25279]: [teleop_server_node-1] [WARN] [1780910657.937109408] [teleop_server]: Failed to read direct MJPEG frame for camera[2]\nJun 08 17:24:19 ubuntu bash[25279]: [teleop_server_node-1] [WARN] [1780910659.970427808] [teleop_server]: Failed to read direct MJPEG frame for camera[2]\nJun 08 17:24:21 ubuntu bash[25279]: [teleop_server_node-1] [WARN] [1780910661.970444320] [teleop_server]: Failed to read direct MJPEG frame for camera[2]\nJun 08 17:24:24 ubuntu bash[25279]: [teleop_server_node-1] [WARN] [1780910664.003772640] [teleop_server]: Failed to read direct MJPEG frame for camera[2]\nJun 08 17:24:26 ubuntu bash[25279]: [teleop_server_node-1] [WARN] [1780910666.037091136] [teleop_server]: Failed to read direct MJPEG frame for camera[2]\nJun 08 17:24:28 ubuntu bash[25279]: [teleop_server_node-1] [WARN] [1780910668.037107424] [teleop_server]: Failed to read direct MJPEG frame for camera[2]\nJun 08 17:24:30 ubuntu bash[25279]: [teleop_server_node-1] [WARN] [1780910670.037109920] [teleop_server]: Failed to read direct MJPEG frame for camera[2]\nJun 08 17:24:32 ubuntu bash[25279]: [teleop_server_node-1] [WARN] [1780910672.070430112] [teleop_server]: Failed to read direct MJPEG frame for camera[2]\nJun 08 17:24:34 ubuntu bash[25279]: [teleop_server_node-1] [WARN] [1780910674.070431776] [teleop_server]: Failed to read direct MJPEG frame for camera[2]\nJun 08 17:24:36 ubuntu bash[25279]: [teleop_server_node-1] [WARN] [1780910676.103757728] [teleop_server]: Failed to read direct MJPEG frame for camera[2]\nJun 08 17:24:38 ubuntu bash[25279]: [teleop_server_node-1] [WARN] [1780910678.103784800] [teleop_server]: Failed to read direct MJPEG frame for camera[2]\nJun 08 17:24:40 ubuntu bash[25279]: [teleop_server_node-1] [WARN] [1780910680.137102496] [teleop_server]: Failed to read direct MJPEG frame for camera[2]\nJun 08 17:24:42 ubuntu bash[25279]: [teleop_server_node-1] [WARN] [1780910682.170421376] [teleop_server]: Failed to read direct MJPEG frame for camera[2]\nJun 08 17:24:44 ubuntu bash[25279]: [teleop_server_node-1] [WARN] [1780910684.170432768] [teleop_server]: Failed to read direct MJPEG frame for camera[2]\nJun 08 17:24:46 ubuntu bash[25279]: [teleop_server_node-1] [WARN] [1780910686.203767744] [teleop_server]: Failed to read direct MJPEG frame for camera[2]\nJun 08 17:24:48 ubuntu bash[25279]: [teleop_server_node-1] [WARN] [1780910688.203777152] [teleop_server]: Failed to read direct MJPEG frame for camera[2]\nJun 08 17:24:50 ubuntu bash[25279]: [teleop_server_node-1] [WARN] [1780910690.237101920] [teleop_server]: Failed to read direct MJPEG frame for camera[2]\nJun 08 17:24:52 ubuntu bash[25279]: [teleop_server_node-1] [WARN] [1780910692.270433792] [teleop_server]: Failed to read direct MJPEG frame for camera[2]\nJun 08 17:24:54 ubuntu bash[25279]: [teleop_server_node-1] [WARN] [1780910694.270434464] [teleop_server]: Failed to read direct MJPEG frame for camera[2]\nJun 08 17:24:56 ubuntu bash[25279]: [teleop_server_node-1] [WARN] [1780910696.270439648] [teleop_server]: Failed to read direct MJPEG frame for camera[2]\nJun 08 17:24:58 ubuntu bash[25279]: [teleop_server_node-1] [WARN] [1780910698.303763552] [teleop_server]: Failed to read direct MJPEG frame for camera[2]\nJun 08 17:25:00 ubuntu bash[25279]: [teleop_server_node-1] [WARN] [1780910700.303764864] [teleop_server]: Failed to read direct MJPEG frame for camera[2]\nJun 08 17:25:02 ubuntu bash[25279]: [teleop_server_node-1] [WARN] [1780910702.337093056] [teleop_server]: Failed to read direct MJPEG frame for camera[2]\nJun 08 17:25:04 ubuntu bash[25279]: [teleop_server_node-1] [WARN] [1780910704.337104352] [teleop_server]: Failed to read direct MJPEG frame for camera[2]\nJun 08 17:25:06 ubuntu bash[25279]: [teleop_server_node-1] [WARN] [1780910706.370426848] [teleop_server]: Failed to read direct MJPEG frame for camera[2]\nJun 08 17:25:08 ubuntu bash[25279]: [teleop_server_node-1] [WARN] [1780910708.370431456] [teleop_server]: Failed to read direct MJPEG frame for camera[2]\nJun 08 17:25:10 ubuntu bash[25279]: [teleop_server_node-1] [WARN] [1780910710.403722752] [teleop_server]: Failed to read direct MJPEG frame for camera[2]\nJun 08 17:25:12 ubuntu bash[25279]: [teleop_server_node-1] [WARN] [1780910712.403778944] [teleop_server]: Failed to read direct MJPEG frame for camera[2]\nJun 08 17:25:14 ubuntu bash[25279]: [teleop_server_node-1] [WARN] [1780910714.437090752] [teleop_server]: Failed to read direct MJPEG frame for camera[2]\nJun 08 17:25:16 ubuntu bash[25279]: [teleop_server_node-1] [WARN] [1780910716.437096256] [teleop_server]: Failed to read direct MJPEG frame for camera[2]\nJun 08 17:25:18 ubuntu bash[25279]: [teleop_server_node-1] [WARN] [1780910718.470426656] [teleop_server]: Failed to read direct MJPEG frame for camera[2]\nJun 08 17:25:20 ubuntu bash[25279]: [teleop_server_node-1] [WARN] [1780910720.470448800] [teleop_server]: Failed to read direct MJPEG frame for camera[2]\nJun 08 17:25:22 ubuntu bash[25279]: [teleop_server_node-1] [WARN] [1780910722.503763136] [teleop_server]: Failed to read direct MJPEG frame for camera[2]\nJun 08 17:25:24 ubuntu bash[25279]: [teleop_server_node-1] [WARN] [1780910724.503815872] [teleop_server]: Failed to read direct MJPEG frame for camera[2]\nJun 08 17:25:26 ubuntu bash[25279]: [teleop_server_node-1] [WARN] [1780910726.537096448] [teleop_server]: Failed to read direct MJPEG frame for camera[2]\nJun 08 17:25:28 ubuntu bash[25279]: [teleop_server_node-1] [WARN] [1780910728.570432928] [teleop_server]: Failed to read direct MJPEG frame for camera[2]\nJun 08 17:25:30 ubuntu bash[25279]: [teleop_server_node-1] [WARN] [1780910730.570444224] [teleop_server]: Failed to read direct MJPEG frame for camera[2]\nJun 08 17:25:32 ubuntu bash[25279]: [teleop_server_node-1] [WARN] [1780910732.603774112] [teleop_server]: Failed to read direct MJPEG frame for camera[2]\nJun 08 17:25:34 ubuntu bash[25279]: [teleop_server_node-1] [WARN] [1780910734.637094144] [teleop_server]: Failed to read direct MJPEG frame for camera[2]\nJun 08 17:25:36 ubuntu bash[25279]: [teleop_server_node-1] [WARN] [1780910736.670429600] [teleop_server]: Failed to read direct MJPEG frame for camera[2]\nJun 08 17:25:38 ubuntu bash[25279]: [teleop_server_node-1] [WARN] [1780910738.703759840] [teleop_server]: Failed to read direct MJPEG frame for camera[2]\nJun 08 17:25:40 ubuntu bash[25279]: [teleop_server_node-1] [WARN] [1780910740.703759584] [teleop_server]: Failed to read direct MJPEG frame for camera[2]\nJun 08 17:25:42 ubuntu bash[25279]: [teleop_server_node-1] [WARN] [1780910742.737093216] [teleop_server]: Failed to read direct MJPEG frame for camera[2]\nJun 08 17:25:44 ubuntu bash[25279]: [teleop_server_node-1] [WARN] [1780910744.737095552] [teleop_server]: Failed to read direct MJPEG frame for camera[2]\nJun 08 17:25:46 ubuntu bash[25279]: [teleop_server_node-1] [WARN] [1780910746.737111104] [teleop_server]: Failed to read direct MJPEG frame for camera[2]\nJun 08 17:25:48 ubuntu bash[25279]: [teleop_server_node-1] [WARN] [1780910748.770425344] [teleop_server]: Failed to read direct MJPEG frame for camera[2]\nJun 08 17:25:50 ubuntu bash[25279]: [teleop_server_node-1] [WARN] [1780910750.770427456] [teleop_server]: Failed to read direct MJPEG frame for camera[2]\nJun 08 17:25:52 ubuntu bash[25279]: [teleop_server_node-1] [WARN] [1780910752.803754240] [teleop_server]: Failed to read direct MJPEG frame for camera[2]\nJun 08 17:25:54 ubuntu bash[25279]: [teleop_server_node-1] [WARN] [1780910754.803754272] [teleop_server]: Failed to read direct MJPEG frame for camera[2]\nJun 08 17:25:56 ubuntu bash[25279]: [teleop_server_node-1] [WARN] [1780910756.803765376] [teleop_server]: Failed to read direct MJPEG frame for camera[2]\nJun 08 17:25:58 ubuntu bash[25279]: [teleop_server_node-1] [WARN] [1780910758.837094912] [teleop_server]: Failed to read direct MJPEG frame for camera[2]\nJun 08 17:26:00 ubuntu bash[25279]: [teleop_server_node-1] [WARN] [1780910760.837098464] [teleop_server]: Failed to read direct MJPEG frame for camera[2]\nJun 08 17:26:02 ubuntu bash[25279]: [teleop_server_node-1] [WARN] [1780910762.870430208] [teleop_server]: Failed to read direct MJPEG frame for camera[2]\nJun 08 17:26:04 ubuntu bash[25279]: [teleop_server_node-1] [WARN] [1780910764.903751936] [teleop_server]: Failed to read direct MJPEG frame for camera[2]\nJun 08 17:26:06 ubuntu bash[25279]: [teleop_server_node-1] [WARN] [1780910766.903774176] [teleop_server]: Failed to read direct MJPEG frame for camera[2]\nJun 08 17:26:08 ubuntu bash[25279]: [teleop_server_node-1] [WARN] [1780910768.937110272] [teleop_server]: Failed to read direct MJPEG frame for camera[2]\nJun 08 17:26:10 ubuntu bash[25279]: [teleop_server_node-1] [WARN] [1780910770.970435424] [teleop_server]: Failed to read direct MJPEG frame for camera[2]\nJun 08 17:26:12 ubuntu bash[25279]: [teleop_server_node-1] [WARN] [1780910772.970438112] [teleop_server]: Failed to read direct MJPEG frame for camera[2]\nJun 08 17:26:15 ubuntu bash[25279]: [teleop_server_node-1] [WARN] [1780910775.003769984] [teleop_server]: Failed to read direct MJPEG frame for camera[2]\nJun 08 17:26:17 ubuntu bash[25279]: [teleop_server_node-1] [WARN] [1780910777.037101376] [teleop_server]: Failed to read direct MJPEG frame for camera[2]\nJun 08 17:26:19 ubuntu bash[25279]: [teleop_server_node-1] [WARN] [1780910779.037105440] [teleop_server]: Failed to read direct MJPEG frame for camera[2]\nJun 08 17:26:21 ubuntu bash[25279]: [teleop_server_node-1] [WARN] [1780910781.070435008] [teleop_server]: Failed to read direct MJPEG frame for camera[2]\nJun 08 17:26:23 ubuntu bash[25279]: [teleop_server_node-1] [WARN] [1780910783.070442048] [teleop_server]: Failed to read direct MJPEG frame for camera[2]\nJun 08 17:26:25 ubuntu bash[25279]: [teleop_server_node-1] [WARN] [1780910785.103775520] [teleop_server]: Failed to read direct MJPEG frame for camera[2]\nJun 08 17:26:27 ubuntu bash[25279]: [teleop_server_node-1] [WARN] [1780910787.137087744] [teleop_server]: Failed to read direct MJPEG frame for camera[2]\nJun 08 17:26:29 ubuntu bash[25279]: [teleop_server_node-1] [WARN] [1780910789.137095008] [teleop_server]: Failed to read direct MJPEG frame for camera[2]\nJun 08 17:26:31 ubuntu bash[25279]: [teleop_server_node-1] [WARN] [1780910791.137099616] [teleop_server]: Failed to read direct MJPEG frame for camera[2]\nJun 08 17:26:33 ubuntu bash[25279]: [teleop_server_node-1] [WARN] [1780910793.170443040] [teleop_server]: Failed to read direct MJPEG frame for camera[2]\nJun 08 17:26:35 ubuntu bash[25279]: [teleop_server_node-1] [WARN] [1780910795.203771040] [teleop_server]: Failed to read direct MJPEG frame for camera[2]\nJun 08 17:26:37 ubuntu bash[25279]: [teleop_server_node-1] [WARN] [1780910797.237106656] [teleop_server]: Failed to read direct MJPEG frame for camera[2]\nJun 08 17:26:39 ubuntu bash[25279]: [teleop_server_node-1] [WARN] [1780910799.270424288] [teleop_server]: Failed to read direct MJPEG frame for camera[2]\nJun 08 17:26:41 ubuntu bash[25279]: [teleop_server_node-1] [WARN] [1780910801.303766144] [teleop_server]: Failed to read direct MJPEG frame for camera[2]\nJun 08 17:26:43 ubuntu bash[25279]: [teleop_server_node-1] [WARN] [1780910803.337153120] [teleop_server]: Failed to read direct MJPEG frame for camera[2]\nJun 08 17:26:45 ubuntu bash[25279]: [teleop_server_node-1] [WARN] [1780910805.370432064] [teleop_server]: Failed to read direct MJPEG frame for camera[2]\nJun 08 17:26:47 ubuntu bash[25279]: [teleop_server_node-1] [WARN] [1780910807.370436960] [teleop_server]: Failed to read direct MJPEG frame for camera[2]\nJun 08 17:26:49 ubuntu bash[25279]: [teleop_server_node-1] [WARN] [1780910809.403766400] [teleop_server]: Failed to read direct MJPEG frame for camera[2]\nJun 08 17:26:51 ubuntu bash[25279]: [teleop_server_node-1] [WARN] [1780910811.437103520] [teleop_server]: Failed to read direct MJPEG frame for camera[2]\nJun 08 17:26:53 ubuntu bash[25279]: [teleop_server_node-1] [WARN] [1780910813.470423808] [teleop_server]: Failed to read direct MJPEG frame for camera[2]\nJun 08 17:26:55 ubuntu bash[25279]: [teleop_server_node-1] [WARN] [1780910815.470430784] [teleop_server]: Failed to read direct MJPEG frame for camera[2]\nJun 08 17:26:57 ubuntu bash[25279]: [teleop_server_node-1] [WARN] [1780910817.470439488] [teleop_server]: Failed to read direct MJPEG frame for camera[2]\nJun 08 17:26:59 ubuntu bash[25279]: [teleop_server_node-1] [WARN] [1780910819.503764032] [teleop_server]: Failed to read direct MJPEG frame for camera[2]\nJun 08 17:27:01 ubuntu bash[25279]: [teleop_server_node-1] [WARN] [1780910821.503772128] [teleop_server]: Failed to read direct MJPEG frame for camera[2]\nJun 08 17:27:03 ubuntu bash[25279]: [teleop_server_node-1] [WARN] [1780910823.537106592] [teleop_server]: Failed to read direct MJPEG frame for camera[2]\nJun 08 17:27:05 ubuntu bash[25279]: [teleop_server_node-1] [WARN] [1780910825.570424096] [teleop_server]: Failed to read direct MJPEG frame for camera[2]\nJun 08 17:27:07 ubuntu bash[25279]: [teleop_server_node-1] [WARN] [1780910827.570434304] [teleop_server]: Failed to read direct MJPEG frame for camera[2]\nJun 08 17:27:09 ubuntu bash[25279]: [teleop_server_node-1] [WARN] [1780910829.570436064] [teleop_server]: Failed to read direct MJPEG frame for camera[2]\nJun 08 17:27:11 ubuntu bash[25279]: [teleop_server_node-1] [WARN] [1780910831.603761088] [teleop_server]: Failed to read direct MJPEG frame for camera[2]\nJun 08 17:27:13 ubuntu bash[25279]: [teleop_server_node-1] [WARN] [1780910833.603765024] [teleop_server]: Failed to read direct MJPEG frame for camera[2]\nJun 08 17:27:15 ubuntu bash[25279]: [teleop_server_node-1] [WARN] [1780910835.637105120] [teleop_server]: Failed to read direct MJPEG frame for camera[2]\nJun 08 17:27:17 ubuntu bash[25279]: [teleop_server_node-1] [WARN] [1780910837.670429120] [teleop_server]: Failed to read direct MJPEG frame for camera[2]\nJun 08 17:27:19 ubuntu bash[25279]: [teleop_server_node-1] [WARN] [1780910839.703759584] [teleop_server]: Failed to read direct MJPEG frame for camera[2]\nJun 08 17:27:21 ubuntu bash[25279]: [teleop_server_node-1] [WARN] [1780910841.737116096] [teleop_server]: Failed to read direct MJPEG frame for camera[2]\nJun 08 17:27:23 ubuntu bash[25279]: [teleop_server_node-1] [WARN] [1780910843.770416576] [teleop_server]: Failed to read direct MJPEG frame for camera[2]\nJun 08 17:27:25 ubuntu bash[25279]: [teleop_server_node-1] [WARN] [1780910845.770440224] [teleop_server]: Failed to read direct MJPEG frame for camera[2]\nJun 08 17:27:27 ubuntu bash[25279]: [teleop_server_node-1] [WARN] [1780910847.803755424] [teleop_server]: Failed to read direct MJPEG frame for camera[2]\nJun 08 17:27:29 ubuntu bash[25279]: [teleop_server_node-1] [WARN] [1780910849.837082720] [teleop_server]: Failed to read direct MJPEG frame for camera[2]\nJun 08 17:27:31 ubuntu bash[25279]: [teleop_server_node-1] [WARN] [1780910851.837108448] [teleop_server]: Failed to read direct MJPEG frame for camera[2]\nJun 08 17:27:33 ubuntu bash[25279]: [teleop_server_node-1] [WARN] [1780910853.837109568] [teleop_server]: Failed to read direct MJPEG frame for camera[2]\nJun 08 17:27:35 ubuntu bash[25279]: [teleop_server_node-1] [WARN] [1780910855.870431776] [teleop_server]: Failed to read direct MJPEG frame for camera[2]\nJun 08 17:27:37 ubuntu bash[25279]: [teleop_server_node-1] [WARN] [1780910857.903766560] [teleop_server]: Failed to read direct MJPEG frame for camera[2]\nJun 08 17:27:39 ubuntu bash[25279]: [teleop_server_node-1] [WARN] [1780910859.937094912] [teleop_server]: Failed to read direct MJPEG frame for camera[2]\nJun 08 17:27:41 ubuntu bash[25279]: [teleop_server_node-1] [WARN] [1780910861.937095712] [teleop_server]: Failed to read direct MJPEG frame for camera[2]\nJun 08 17:27:43 ubuntu bash[25279]: [teleop_server_node-1] [WARN] [1780910863.970426784] [teleop_server]: Failed to read direct MJPEG frame for camera[2]\nJun 08 17:27:46 ubuntu bash[25279]: [teleop_server_node-1] [WARN] [1780910866.003753184] [teleop_server]: Failed to read direct MJPEG frame for camera[2]\nJun 08 17:27:48 ubuntu bash[25279]: [teleop_server_node-1] [WARN] [1780910868.003763040] [teleop_server]: Failed to read direct MJPEG frame for camera[2]\nJun 08 17:27:50 ubuntu bash[25279]: [teleop_server_node-1] [WARN] [1780910870.003764224] [teleop_server]: Failed to read direct MJPEG frame for camera[2]', 'stderr': '', 'reason': '', 'suggestion': ''})[0m
[0;32mok: [g1_robot_065] => (item={'name': 'dex1 source directory', 'status': 'OK', 'detail': '/home/unitree/g1_setup/dex1_1_service'})[0m
[0;32mok: [g1_robot_065] => (item={'name': 'dex1 bin directory', 'status': 'OK', 'detail': '/home/unitree/g1_setup/dex1_1_service/bin'})[0m
[0;32mok: [g1_robot_065] => (item={'name': 'dex1 server binary', 'status': 'OK', 'detail': '/home/unitree/g1_setup/dex1_1_service/bin/dex1_1_gripper_server'})[0m
[0;32mok: [g1_robot_065] => (item={'name': 'dex1 test binary', 'status': 'OK', 'detail': '/home/unitree/g1_setup/dex1_1_service/bin/test_dex1_1_gripper_server'})[0m
[0;32mok: [g1_robot_065] => (item={'name': 'dex1 systemd unit file', 'status': 'OK', 'detail': '/etc/systemd/system/dex1_gripper.service'})[0m
[0;32mok: [g1_robot_065] => (item={'name': 'dex1 server executable', 'status': 'OK', 'detail': '/home/unitree/g1_setup/dex1_1_service/bin/dex1_1_gripper_server'})[0m
[0;32mok: [g1_robot_065] => (item={'name': 'dex1 shared libraries', 'status': 'OK', 'detail': 'ldd rc=0'})[0m
[0;32mok: [g1_robot_065] => (item={'name': 'dex1 service enabled', 'status': 'OK', 'detail': 'enabled'})[0m
[0;32mok: [g1_robot_065] => (item={'name': 'dex1 service active', 'status': 'OK', 'detail': 'active', 'stdout': '\n--- systemctl status ---\n\n--- journalctl -u dex1_gripper.service -n 50 ---\n', 'stderr': '\n--- systemctl status stderr ---\n\n--- journalctl stderr ---\n'})[0m
[0;32mok: [g1_robot_065] => (item={'name': 'dex1 motor binding', 'status': 'WARN', 'detail': 'Jun 08 16:56:35 ubuntu dex1_1_gripper_server[44245]: [WARNING] motor id=0 does not reply\nJun 08 16:56:35 ubuntu dex1_1_gripper_server[44245]: [WARNING] motor id=1 does not reply\nJun 08 16:56:35 ubuntu dex1_1_gripper_server[44245]: [WARNING] motor id=1 does not reply\nJun 08 16:56:35 ubuntu dex1_1_gripper_server[44245]: [WARNING] SerialPort::recv, unblock version, received 21 bytes, but not 26 bytes.\nJun 08 16:56:35 ubuntu dex1_1_gripper_server[44245]: [WARNING] motor id=1 does not reply\nJun 08 16:56:35 ubuntu dex1_1_gripper_server[44245]: [WARNING] motor id=1 failed on CRC, data broken\nJun 08 16:56:35 ubuntu dex1_1_gripper_server[44245]: [WARNING] motor id=1 does not reply\nJun 08 16:56:35 ubuntu dex1_1_gripper_server[44245]: [WARNING] motor id=1 failed on CRC, data broken\nJun 08 16:56:35 ubuntu dex1_1_gripper_server[44245]: [WARNING] motor id=1 does not reply\nJun 08 16:56:35 ubuntu dex1_1_gripper_server[44245]: [WARNING] SerialPort::recv, unblock version, received 23 bytes, but not 26 bytes.\nJun 08 16:56:35 ubuntu dex1_1_gripper_server[44245]: [WARNING] motor id=1 does not reply\nJun 08 16:56:35 ubuntu dex1_1_gripper_server[44245]: [WARNING] motor id=1 failed on CRC, data broken\nJun 08 16:56:35 ubuntu dex1_1_gripper_server[44245]: [WARNING] motor id=1 does not reply\nJun 08 16:56:35 ubuntu dex1_1_gripper_server[44245]: [WARNING] motor id=1 failed on CRC, data broken\nJun 08 16:56:35 ubuntu dex1_1_gripper_server[44245]: [WARNING] motor id=1 does not reply\nJun 08 16:56:35 ubuntu dex1_1_gripper_server[44245]: [WARNING] SerialPort::recv, unblock version, received 13 bytes, but not 26 bytes.\nJun 08 16:56:35 ubuntu dex1_1_gripper_server[44245]: [WARNING] motor id=1 does not reply\nJun 08 16:56:35 ubuntu dex1_1_gripper_server[44245]: [WARNING] motor id=1 failed on CRC, data broken\nJun 08 16:56:35 ubuntu dex1_1_gripper_server[44245]: [WARNING] motor id=1 does not reply\nJun 08 16:56:35 ubuntu dex1_1_gripper_server[44245]: [WARNING] motor id=1 failed on CRC, data broken\nJun 08 16:56:35 ubuntu dex1_1_gripper_server[44245]: [WARNING] motor id=1 does not reply\nJun 08 16:56:35 ubuntu dex1_1_gripper_server[44245]: [WARNING] motor id=1 failed on CRC, data broken\nJun 08 16:56:35 ubuntu dex1_1_gripper_server[44245]: [WARNING] motor id=1 does not reply\nJun 08 16:56:35 ubuntu dex1_1_gripper_server[44245]: [WARNING] motor id=0 failed on CRC, data broken\nJun 08 16:56:35 ubuntu dex1_1_gripper_server[44245]: [WARNING] motor id=0 does not reply\nJun 08 16:56:35 ubuntu dex1_1_gripper_server[44245]: [WARNING] motor id=0 failed on CRC, data broken\nJun 08 16:56:35 ubuntu dex1_1_gripper_server[44245]: [WARNING] motor id=0 does not reply\nJun 08 16:56:35 ubuntu dex1_1_gripper_server[44245]: [WARNING] motor id=0 failed on CRC, data broken\nJun 08 16:56:35 ubuntu dex1_1_gripper_server[44245]: [WARNING] motor id=0 does not reply\nJun 08 16:56:35 ubuntu dex1_1_gripper_server[44245]: [WARNING] motor id=1 does not reply\nJun 08 16:56:35 ubuntu dex1_1_gripper_server[44245]: [WARNING] motor id=0 does not reply\nJun 08 16:56:35 ubuntu dex1_1_gripper_server[44245]: [WARNING] motor id=0 does not reply\nJun 08 16:56:35 ubuntu dex1_1_gripper_server[44245]: [WARNING] motor id=1 does not reply\nJun 08 16:56:35 ubuntu dex1_1_gripper_server[44245]: [WARNING] motor id=0 does not reply\nJun 08 16:56:36 ubuntu dex1_1_gripper_server[44245]: [WARNING] motor id=0 does not reply\nJun 08 16:56:36 ubuntu dex1_1_gripper_server[44245]: [WARNING] motor id=0 does not reply\nJun 08 16:56:36 ubuntu dex1_1_gripper_server[44245]: [WARNING] motor id=1 does not reply\nJun 08 16:56:36 ubuntu dex1_1_gripper_server[44245]: [WARNING] motor id=1 does not reply\nJun 08 16:56:36 ubuntu dex1_1_gripper_server[44245]: [WARNING] motor id=0 does not reply\nJun 08 16:56:36 ubuntu dex1_1_gripper_server[44245]: [WARNING] motor id=0[WARNING] motor id= does not reply1 does not reply\nJun 08 16:56:36 ubuntu dex1_1_gripper_server[44245]: [WARNING] motor id=1 does not reply\nJun 08 16:56:36 ubuntu dex1_1_gripper_server[44245]: [WARNING] motor id=1 does not reply\nJun 08 16:56:36 ubuntu dex1_1_gripper_server[44245]: [WARNING] motor id=1 failed on CRC, data broken\nJun 08 16:56:36 ubuntu dex1_1_gripper_server[44245]: [WARNING] motor id=1 does not reply\nJun 08 16:56:36 ubuntu dex1_1_gripper_server[44245]: [WARNING] motor id=1 failed on CRC, data broken\nJun 08 16:56:36 ubuntu dex1_1_gripper_server[44245]: [WARNING] motor id=1 does not reply\nJun 08 16:56:36 ubuntu dex1_1_gripper_server[44245]: [WARNING] motor id=1 failed on CRC, data broken\nJun 08 16:56:36 ubuntu dex1_1_gripper_server[44245]: [WARNING] motor id=1 does not reply\nJun 08 16:56:36 ubuntu dex1_1_gripper_server[44245]: [WARNING] SerialPort::recv, unblock version, received 24 bytes, but not 26 bytes.\nJun 08 16:56:36 ubuntu dex1_1_gripper_server[44245]: [WARNING] motor id=0 does not reply\nJun 08 16:56:36 ubuntu dex1_1_gripper_server[44245]: [WARNING] motor id=0 failed on CRC, data broken\nJun 08 16:56:36 ubuntu dex1_1_gripper_server[44245]: [WARNING] motor id=0 does not reply\nJun 08 16:56:36 ubuntu dex1_1_gripper_server[44245]: [WARNING] motor id=1 failed on CRC, data broken\nJun 08 16:56:36 ubuntu dex1_1_gripper_server[44245]: [WARNING] motor id=1 does not reply\nJun 08 16:56:36 ubuntu dex1_1_gripper_server[44245]: [WARNING] motor id=1 failed on CRC, data broken\nJun 08 16:56:36 ubuntu dex1_1_gripper_server[44245]: [WARNING] motor id=1 does not reply\nJun 08 16:56:36 ubuntu dex1_1_gripper_server[44245]: [WARNING] motor id=1 failed on CRC, data broken\nJun 08 16:56:36 ubuntu dex1_1_gripper_server[44245]: [WARNING] motor id=1 does not reply\nJun 08 16:56:36 ubuntu dex1_1_gripper_server[44245]: [WARNING] motor id=1 failed on CRC, data broken\nJun 08 16:56:36 ubuntu dex1_1_gripper_server[44245]: [WARNING] motor id=1 does not reply\nJun 08 16:56:36 ubuntu dex1_1_gripper_server[44245]: [WARNING] motor id=1 failed on CRC, data broken\nJun 08 16:56:36 ubuntu dex1_1_gripper_server[44245]: [WARNING] motor id=1 does not reply\nJun 08 16:56:36 ubuntu dex1_1_gripper_server[44245]: [WARNING] motor id=1 failed on CRC, data broken\nJun 08 16:56:36 ubuntu dex1_1_gripper_server[44245]: [WARNING] motor id=1 does not reply\nJun 08 16:56:36 ubuntu dex1_1_gripper_server[44245]: [WARNING] SerialPort::recv, unblock version, received 17 bytes, but not 26 bytes.\nJun 08 16:56:36 ubuntu dex1_1_gripper_server[44245]: [WARNING] motor id=1 does not reply\nJun 08 16:56:36 ubuntu dex1_1_gripper_server[44245]: [WARNING] motor id=1 failed on CRC, data broken\nJun 08 16:56:36 ubuntu dex1_1_gripper_server[44245]: [WARNING] motor id=1 does not reply\nJun 08 16:56:36 ubuntu dex1_1_gripper_server[44245]: [WARNING] SerialPort::recv, unblock version, received 17 bytes, but not 26 bytes.\nJun 08 16:56:36 ubuntu dex1_1_gripper_server[44245]: [WARNING] motor id=1 does not reply\nJun 08 16:56:36 ubuntu dex1_1_gripper_server[44245]: [WARNING] motor id=1 failed on CRC, data broken\nJun 08 16:56:36 ubuntu dex1_1_gripper_server[44245]: [WARNING] motor id=1 does not reply\nJun 08 16:56:36 ubuntu dex1_1_gripper_server[44245]: [WARNING] motor id=1 failed on CRC, data broken\nJun 08 16:56:36 ubuntu dex1_1_gripper_server[44245]: [WARNING] motor id=1 does not reply\nJun 08 16:56:36 ubuntu dex1_1_gripper_server[44245]: [WARNING] motor id=1 failed on CRC, data broken\nJun 08 16:56:36 ubuntu dex1_1_gripper_server[44245]: [WARNING] motor id=1 does not reply\nJun 08 16:56:36 ubuntu dex1_1_gripper_server[44245]: [WARNING] motor id=1 failed on CRC, data broken\nJun 08 16:56:36 ubuntu dex1_1_gripper_server[44245]: [WARNING] motor id=1 does not reply\nJun 08 16:56:36 ubuntu dex1_1_gripper_server[44245]: [WARNING] motor id=1 failed on CRC, data broken\nJun 08 16:56:36 ubuntu dex1_1_gripper_server[44245]: [WARNING] motor id=1 does not reply\nJun 08 16:56:36 ubuntu dex1_1_gripper_server[44245]: [WARNING] motor id=1 does not reply\nJun 08 16:56:36 ubuntu dex1_1_gripper_server[44245]: [WARNING] motor id=1 does not reply\nJun 08 16:56:36 ubuntu dex1_1_gripper_server[44245]: [WARNING] motor id=1 does not reply\nJun 08 16:56:36 ubuntu dex1_1_gripper_server[44245]: [WARNING] motor id=1 does not reply\nJun 08 16:56:36 ubuntu dex1_1_gripper_server[44245]: [WARNING] motor id=1 does not reply\nJun 08 16:56:36 ubuntu dex1_1_gripper_server[44245]: [WARNING] motor id=1 does not reply\nJun 08 16:56:36 ubuntu dex1_1_gripper_server[44245]: [WARNING] motor id=1 does not reply\nJun 08 16:56:36 ubuntu dex1_1_gripper_server[44245]: [WARNING] motor id=1 does not reply\nJun 08 16:56:36 ubuntu dex1_1_gripper_server[44245]: [WARNING] motor id=1 does not reply\nJun 08 16:56:36 ubuntu dex1_1_gripper_server[44245]: [WARNING] motor id=0 does not reply\nJun 08 16:56:36 ubuntu dex1_1_gripper_server[44245]: [WARNING] motor id=1 does not reply\nJun 08 16:56:36 ubuntu dex1_1_gripper_server[44245]: [WARNING] motor id=0 does not reply\nJun 08 16:56:36 ubuntu dex1_1_gripper_server[44245]: [WARNING] motor id=1 does not reply\nJun 08 16:56:36 ubuntu dex1_1_gripper_server[44245]: [WARNING] motor id=0 does not reply\nJun 08 16:56:36 ubuntu dex1_1_gripper_server[44245]: [WARNING] motor id=0 does not reply\nJun 08 16:56:36 ubuntu dex1_1_gripper_server[44245]: [WARNING] motor id=0 does not reply\nJun 08 16:56:36 ubuntu dex1_1_gripper_server[44245]: [WARNING] motor id=0 does not reply\nJun 08 16:56:36 ubuntu dex1_1_gripper_server[44245]: [WARNING] motor id=0 does not reply\nJun 08 16:56:37 ubuntu dex1_1_gripper_server[44245]: [WARNING] motor id=1 does not reply\nJun 08 16:56:37 ubuntu dex1_1_gripper_server[44245]: [WARNING] motor id=1 does not reply\nJun 08 16:56:37 ubuntu dex1_1_gripper_server[44245]: [WARNING] motor id=1 does not reply\nJun 08 16:56:37 ubuntu dex1_1_gripper_server[44245]: [WARNING] motor id=0 does not reply\nJun 08 16:56:37 ubuntu dex1_1_gripper_server[44245]: [WARNING] motor id=1 does not reply\nJun 08 17:02:17 ubuntu dex1_1_gripper_server[46185]: [2026-06-08 17:02:17.874] [info] Available Serial Ports: /dev/ttyUSB3, /dev/ttyUSB2, /dev/ttyUSB1, /dev/ttyUSB0\nJun 08 17:02:18 ubuntu dex1_1_gripper_server[46185]: [2026-06-08 17:02:18.029] [info] Detected motors:\nJun 08 17:02:18 ubuntu dex1_1_gripper_server[46185]: [2026-06-08 17:02:18.029] [info]   - Motor ID: 0          Side: right          Port: /dev/ttyUSB1          cmdTopic: rt/dex1/right/cmd          stateTopic: rt/dex1/right/state\nJun 08 17:02:18 ubuntu dex1_1_gripper_server[46185]: [2026-06-08 17:02:18.029] [info]   - Motor ID: 1          Side: left          Port: /dev/ttyUSB2          cmdTopic: rt/dex1/left/cmd          stateTopic: rt/dex1/left/state\nJun 08 17:02:35 ubuntu dex1_1_gripper_server[46365]: [2026-06-08 17:02:35.004] [info] Available Serial Ports: /dev/ttyUSB3, /dev/ttyUSB2, /dev/ttyUSB1, /dev/ttyUSB0\nJun 08 17:02:35 ubuntu dex1_1_gripper_server[46365]: [2026-06-08 17:02:35.158] [info] Detected motors:\nJun 08 17:02:35 ubuntu dex1_1_gripper_server[46365]: [2026-06-08 17:02:35.158] [info]   - Motor ID: 0          Side: right          Port: /dev/ttyUSB1          cmdTopic: rt/dex1/right/cmd          stateTopic: rt/dex1/right/state\nJun 08 17:02:35 ubuntu dex1_1_gripper_server[46365]: [2026-06-08 17:02:35.158] [info]   - Motor ID: 1          Side: left          Port: /dev/ttyUSB2          cmdTopic: rt/dex1/left/cmd          stateTopic: rt/dex1/left/state\nJun 08 17:05:31 ubuntu dex1_1_gripper_server[46365]: [WARNING] SerialPort::recv, unblock version, wait time out\nJun 08 17:05:31 ubuntu dex1_1_gripper_server[46365]: [WARNING] motor id=0 does not reply\nJun 08 17:08:20 ubuntu dex1_1_gripper_server[48301]: [2026-06-08 17:08:20.385] [info] Available Serial Ports: /dev/ttyUSB3, /dev/ttyUSB2, /dev/ttyUSB1, /dev/ttyUSB0\nJun 08 17:08:20 ubuntu dex1_1_gripper_server[48301]: [2026-06-08 17:08:20.540] [info] Detected motors:\nJun 08 17:08:20 ubuntu dex1_1_gripper_server[48301]: [2026-06-08 17:08:20.540] [info]   - Motor ID: 0          Side: right          Port: /dev/ttyUSB1          cmdTopic: rt/dex1/right/cmd          stateTopic: rt/dex1/right/state\nJun 08 17:08:20 ubuntu dex1_1_gripper_server[48301]: [2026-06-08 17:08:20.540] [info]   - Motor ID: 1          Side: left          Port: /dev/ttyUSB2          cmdTopic: rt/dex1/left/cmd          stateTopic: rt/dex1/left/state\nJun 08 17:08:51 ubuntu dex1_1_gripper_server[48614]: [2026-06-08 17:08:51.980] [info] Available Serial Ports: /dev/ttyUSB3, /dev/ttyUSB2, /dev/ttyUSB1, /dev/ttyUSB0\nJun 08 17:08:52 ubuntu dex1_1_gripper_server[48614]: [2026-06-08 17:08:52.136] [info] Detected motors:\nJun 08 17:08:52 ubuntu dex1_1_gripper_server[48614]: [2026-06-08 17:08:52.136] [info]   - Motor ID: 0          Side: right          Port: /dev/ttyUSB1          cmdTopic: rt/dex1/right/cmd          stateTopic: rt/dex1/right/state\nJun 08 17:08:52 ubuntu dex1_1_gripper_server[48614]: [2026-06-08 17:08:52.136] [info]   - Motor ID: 1          Side: left          Port: /dev/ttyUSB2          cmdTopic: rt/dex1/left/cmd          stateTopic: rt/dex1/left/state\nJun 08 17:27:54 ubuntu dex1_1_gripper_server[52131]: [2026-06-08 17:27:54.956] [info] Available Serial Ports: /dev/ttyUSB3, /dev/ttyUSB2, /dev/ttyUSB1, /dev/ttyUSB0\nJun 08 17:27:55 ubuntu dex1_1_gripper_server[52131]: [2026-06-08 17:27:55.111] [info] Detected motors:\nJun 08 17:27:55 ubuntu dex1_1_gripper_server[52131]: [2026-06-08 17:27:55.111] [info]   - Motor ID: 0          Side: right          Port: /dev/ttyUSB1          cmdTopic: rt/dex1/right/cmd          stateTopic: rt/dex1/right/state\nJun 08 17:27:55 ubuntu dex1_1_gripper_server[52131]: [2026-06-08 17:27:55.111] [info]   - Motor ID: 1          Side: left          Port: /dev/ttyUSB2          cmdTopic: rt/dex1/left/cmd          stateTopic: rt/dex1/left/state', 'stdout': 'Jun 08 16:56:35 ubuntu dex1_1_gripper_server[44245]: [WARNING] motor id=0 does not reply\nJun 08 16:56:35 ubuntu dex1_1_gripper_server[44245]: [WARNING] motor id=1 does not reply\nJun 08 16:56:35 ubuntu dex1_1_gripper_server[44245]: [WARNING] motor id=1 does not reply\nJun 08 16:56:35 ubuntu dex1_1_gripper_server[44245]: [WARNING] SerialPort::recv, unblock version, received 21 bytes, but not 26 bytes.\nJun 08 16:56:35 ubuntu dex1_1_gripper_server[44245]: [WARNING] motor id=1 does not reply\nJun 08 16:56:35 ubuntu dex1_1_gripper_server[44245]: [WARNING] motor id=1 failed on CRC, data broken\nJun 08 16:56:35 ubuntu dex1_1_gripper_server[44245]: [WARNING] motor id=1 does not reply\nJun 08 16:56:35 ubuntu dex1_1_gripper_server[44245]: [WARNING] motor id=1 failed on CRC, data broken\nJun 08 16:56:35 ubuntu dex1_1_gripper_server[44245]: [WARNING] motor id=1 does not reply\nJun 08 16:56:35 ubuntu dex1_1_gripper_server[44245]: [WARNING] SerialPort::recv, unblock version, received 23 bytes, but not 26 bytes.\nJun 08 16:56:35 ubuntu dex1_1_gripper_server[44245]: [WARNING] motor id=1 does not reply\nJun 08 16:56:35 ubuntu dex1_1_gripper_server[44245]: [WARNING] motor id=1 failed on CRC, data broken\nJun 08 16:56:35 ubuntu dex1_1_gripper_server[44245]: [WARNING] motor id=1 does not reply\nJun 08 16:56:35 ubuntu dex1_1_gripper_server[44245]: [WARNING] motor id=1 failed on CRC, data broken\nJun 08 16:56:35 ubuntu dex1_1_gripper_server[44245]: [WARNING] motor id=1 does not reply\nJun 08 16:56:35 ubuntu dex1_1_gripper_server[44245]: [WARNING] SerialPort::recv, unblock version, received 13 bytes, but not 26 bytes.\nJun 08 16:56:35 ubuntu dex1_1_gripper_server[44245]: [WARNING] motor id=1 does not reply\nJun 08 16:56:35 ubuntu dex1_1_gripper_server[44245]: [WARNING] motor id=1 failed on CRC, data broken\nJun 08 16:56:35 ubuntu dex1_1_gripper_server[44245]: [WARNING] motor id=1 does not reply\nJun 08 16:56:35 ubuntu dex1_1_gripper_server[44245]: [WARNING] motor id=1 failed on CRC, data broken\nJun 08 16:56:35 ubuntu dex1_1_gripper_server[44245]: [WARNING] motor id=1 does not reply\nJun 08 16:56:35 ubuntu dex1_1_gripper_server[44245]: [WARNING] motor id=1 failed on CRC, data broken\nJun 08 16:56:35 ubuntu dex1_1_gripper_server[44245]: [WARNING] motor id=1 does not reply\nJun 08 16:56:35 ubuntu dex1_1_gripper_server[44245]: [WARNING] motor id=0 failed on CRC, data broken\nJun 08 16:56:35 ubuntu dex1_1_gripper_server[44245]: [WARNING] motor id=0 does not reply\nJun 08 16:56:35 ubuntu dex1_1_gripper_server[44245]: [WARNING] motor id=0 failed on CRC, data broken\nJun 08 16:56:35 ubuntu dex1_1_gripper_server[44245]: [WARNING] motor id=0 does not reply\nJun 08 16:56:35 ubuntu dex1_1_gripper_server[44245]: [WARNING] motor id=0 failed on CRC, data broken\nJun 08 16:56:35 ubuntu dex1_1_gripper_server[44245]: [WARNING] motor id=0 does not reply\nJun 08 16:56:35 ubuntu dex1_1_gripper_server[44245]: [WARNING] motor id=1 does not reply\nJun 08 16:56:35 ubuntu dex1_1_gripper_server[44245]: [WARNING] motor id=0 does not reply\nJun 08 16:56:35 ubuntu dex1_1_gripper_server[44245]: [WARNING] motor id=0 does not reply\nJun 08 16:56:35 ubuntu dex1_1_gripper_server[44245]: [WARNING] motor id=1 does not reply\nJun 08 16:56:35 ubuntu dex1_1_gripper_server[44245]: [WARNING] motor id=0 does not reply\nJun 08 16:56:36 ubuntu dex1_1_gripper_server[44245]: [WARNING] motor id=0 does not reply\nJun 08 16:56:36 ubuntu dex1_1_gripper_server[44245]: [WARNING] motor id=0 does not reply\nJun 08 16:56:36 ubuntu dex1_1_gripper_server[44245]: [WARNING] motor id=1 does not reply\nJun 08 16:56:36 ubuntu dex1_1_gripper_server[44245]: [WARNING] motor id=1 does not reply\nJun 08 16:56:36 ubuntu dex1_1_gripper_server[44245]: [WARNING] motor id=0 does not reply\nJun 08 16:56:36 ubuntu dex1_1_gripper_server[44245]: [WARNING] motor id=0[WARNING] motor id= does not reply1 does not reply\nJun 08 16:56:36 ubuntu dex1_1_gripper_server[44245]: [WARNING] motor id=1 does not reply\nJun 08 16:56:36 ubuntu dex1_1_gripper_server[44245]: [WARNING] motor id=1 does not reply\nJun 08 16:56:36 ubuntu dex1_1_gripper_server[44245]: [WARNING] motor id=1 failed on CRC, data broken\nJun 08 16:56:36 ubuntu dex1_1_gripper_server[44245]: [WARNING] motor id=1 does not reply\nJun 08 16:56:36 ubuntu dex1_1_gripper_server[44245]: [WARNING] motor id=1 failed on CRC, data broken\nJun 08 16:56:36 ubuntu dex1_1_gripper_server[44245]: [WARNING] motor id=1 does not reply\nJun 08 16:56:36 ubuntu dex1_1_gripper_server[44245]: [WARNING] motor id=1 failed on CRC, data broken\nJun 08 16:56:36 ubuntu dex1_1_gripper_server[44245]: [WARNING] motor id=1 does not reply\nJun 08 16:56:36 ubuntu dex1_1_gripper_server[44245]: [WARNING] SerialPort::recv, unblock version, received 24 bytes, but not 26 bytes.\nJun 08 16:56:36 ubuntu dex1_1_gripper_server[44245]: [WARNING] motor id=0 does not reply\nJun 08 16:56:36 ubuntu dex1_1_gripper_server[44245]: [WARNING] motor id=0 failed on CRC, data broken\nJun 08 16:56:36 ubuntu dex1_1_gripper_server[44245]: [WARNING] motor id=0 does not reply\nJun 08 16:56:36 ubuntu dex1_1_gripper_server[44245]: [WARNING] motor id=1 failed on CRC, data broken\nJun 08 16:56:36 ubuntu dex1_1_gripper_server[44245]: [WARNING] motor id=1 does not reply\nJun 08 16:56:36 ubuntu dex1_1_gripper_server[44245]: [WARNING] motor id=1 failed on CRC, data broken\nJun 08 16:56:36 ubuntu dex1_1_gripper_server[44245]: [WARNING] motor id=1 does not reply\nJun 08 16:56:36 ubuntu dex1_1_gripper_server[44245]: [WARNING] motor id=1 failed on CRC, data broken\nJun 08 16:56:36 ubuntu dex1_1_gripper_server[44245]: [WARNING] motor id=1 does not reply\nJun 08 16:56:36 ubuntu dex1_1_gripper_server[44245]: [WARNING] motor id=1 failed on CRC, data broken\nJun 08 16:56:36 ubuntu dex1_1_gripper_server[44245]: [WARNING] motor id=1 does not reply\nJun 08 16:56:36 ubuntu dex1_1_gripper_server[44245]: [WARNING] motor id=1 failed on CRC, data broken\nJun 08 16:56:36 ubuntu dex1_1_gripper_server[44245]: [WARNING] motor id=1 does not reply\nJun 08 16:56:36 ubuntu dex1_1_gripper_server[44245]: [WARNING] motor id=1 failed on CRC, data broken\nJun 08 16:56:36 ubuntu dex1_1_gripper_server[44245]: [WARNING] motor id=1 does not reply\nJun 08 16:56:36 ubuntu dex1_1_gripper_server[44245]: [WARNING] SerialPort::recv, unblock version, received 17 bytes, but not 26 bytes.\nJun 08 16:56:36 ubuntu dex1_1_gripper_server[44245]: [WARNING] motor id=1 does not reply\nJun 08 16:56:36 ubuntu dex1_1_gripper_server[44245]: [WARNING] motor id=1 failed on CRC, data broken\nJun 08 16:56:36 ubuntu dex1_1_gripper_server[44245]: [WARNING] motor id=1 does not reply\nJun 08 16:56:36 ubuntu dex1_1_gripper_server[44245]: [WARNING] SerialPort::recv, unblock version, received 17 bytes, but not 26 bytes.\nJun 08 16:56:36 ubuntu dex1_1_gripper_server[44245]: [WARNING] motor id=1 does not reply\nJun 08 16:56:36 ubuntu dex1_1_gripper_server[44245]: [WARNING] motor id=1 failed on CRC, data broken\nJun 08 16:56:36 ubuntu dex1_1_gripper_server[44245]: [WARNING] motor id=1 does not reply\nJun 08 16:56:36 ubuntu dex1_1_gripper_server[44245]: [WARNING] motor id=1 failed on CRC, data broken\nJun 08 16:56:36 ubuntu dex1_1_gripper_server[44245]: [WARNING] motor id=1 does not reply\nJun 08 16:56:36 ubuntu dex1_1_gripper_server[44245]: [WARNING] motor id=1 failed on CRC, data broken\nJun 08 16:56:36 ubuntu dex1_1_gripper_server[44245]: [WARNING] motor id=1 does not reply\nJun 08 16:56:36 ubuntu dex1_1_gripper_server[44245]: [WARNING] motor id=1 failed on CRC, data broken\nJun 08 16:56:36 ubuntu dex1_1_gripper_server[44245]: [WARNING] motor id=1 does not reply\nJun 08 16:56:36 ubuntu dex1_1_gripper_server[44245]: [WARNING] motor id=1 failed on CRC, data broken\nJun 08 16:56:36 ubuntu dex1_1_gripper_server[44245]: [WARNING] motor id=1 does not reply\nJun 08 16:56:36 ubuntu dex1_1_gripper_server[44245]: [WARNING] motor id=1 does not reply\nJun 08 16:56:36 ubuntu dex1_1_gripper_server[44245]: [WARNING] motor id=1 does not reply\nJun 08 16:56:36 ubuntu dex1_1_gripper_server[44245]: [WARNING] motor id=1 does not reply\nJun 08 16:56:36 ubuntu dex1_1_gripper_server[44245]: [WARNING] motor id=1 does not reply\nJun 08 16:56:36 ubuntu dex1_1_gripper_server[44245]: [WARNING] motor id=1 does not reply\nJun 08 16:56:36 ubuntu dex1_1_gripper_server[44245]: [WARNING] motor id=1 does not reply\nJun 08 16:56:36 ubuntu dex1_1_gripper_server[44245]: [WARNING] motor id=1 does not reply\nJun 08 16:56:36 ubuntu dex1_1_gripper_server[44245]: [WARNING] motor id=1 does not reply\nJun 08 16:56:36 ubuntu dex1_1_gripper_server[44245]: [WARNING] motor id=1 does not reply\nJun 08 16:56:36 ubuntu dex1_1_gripper_server[44245]: [WARNING] motor id=0 does not reply\nJun 08 16:56:36 ubuntu dex1_1_gripper_server[44245]: [WARNING] motor id=1 does not reply\nJun 08 16:56:36 ubuntu dex1_1_gripper_server[44245]: [WARNING] motor id=0 does not reply\nJun 08 16:56:36 ubuntu dex1_1_gripper_server[44245]: [WARNING] motor id=1 does not reply\nJun 08 16:56:36 ubuntu dex1_1_gripper_server[44245]: [WARNING] motor id=0 does not reply\nJun 08 16:56:36 ubuntu dex1_1_gripper_server[44245]: [WARNING] motor id=0 does not reply\nJun 08 16:56:36 ubuntu dex1_1_gripper_server[44245]: [WARNING] motor id=0 does not reply\nJun 08 16:56:36 ubuntu dex1_1_gripper_server[44245]: [WARNING] motor id=0 does not reply\nJun 08 16:56:36 ubuntu dex1_1_gripper_server[44245]: [WARNING] motor id=0 does not reply\nJun 08 16:56:37 ubuntu dex1_1_gripper_server[44245]: [WARNING] motor id=1 does not reply\nJun 08 16:56:37 ubuntu dex1_1_gripper_server[44245]: [WARNING] motor id=1 does not reply\nJun 08 16:56:37 ubuntu dex1_1_gripper_server[44245]: [WARNING] motor id=1 does not reply\nJun 08 16:56:37 ubuntu dex1_1_gripper_server[44245]: [WARNING] motor id=0 does not reply\nJun 08 16:56:37 ubuntu dex1_1_gripper_server[44245]: [WARNING] motor id=1 does not reply\nJun 08 17:02:17 ubuntu dex1_1_gripper_server[46185]: [2026-06-08 17:02:17.874] [info] Available Serial Ports: /dev/ttyUSB3, /dev/ttyUSB2, /dev/ttyUSB1, /dev/ttyUSB0\nJun 08 17:02:18 ubuntu dex1_1_gripper_server[46185]: [2026-06-08 17:02:18.029] [info] Detected motors:\nJun 08 17:02:18 ubuntu dex1_1_gripper_server[46185]: [2026-06-08 17:02:18.029] [info]   - Motor ID: 0          Side: right          Port: /dev/ttyUSB1          cmdTopic: rt/dex1/right/cmd          stateTopic: rt/dex1/right/state\nJun 08 17:02:18 ubuntu dex1_1_gripper_server[46185]: [2026-06-08 17:02:18.029] [info]   - Motor ID: 1          Side: left          Port: /dev/ttyUSB2          cmdTopic: rt/dex1/left/cmd          stateTopic: rt/dex1/left/state\nJun 08 17:02:35 ubuntu dex1_1_gripper_server[46365]: [2026-06-08 17:02:35.004] [info] Available Serial Ports: /dev/ttyUSB3, /dev/ttyUSB2, /dev/ttyUSB1, /dev/ttyUSB0\nJun 08 17:02:35 ubuntu dex1_1_gripper_server[46365]: [2026-06-08 17:02:35.158] [info] Detected motors:\nJun 08 17:02:35 ubuntu dex1_1_gripper_server[46365]: [2026-06-08 17:02:35.158] [info]   - Motor ID: 0          Side: right          Port: /dev/ttyUSB1          cmdTopic: rt/dex1/right/cmd          stateTopic: rt/dex1/right/state\nJun 08 17:02:35 ubuntu dex1_1_gripper_server[46365]: [2026-06-08 17:02:35.158] [info]   - Motor ID: 1          Side: left          Port: /dev/ttyUSB2          cmdTopic: rt/dex1/left/cmd          stateTopic: rt/dex1/left/state\nJun 08 17:05:31 ubuntu dex1_1_gripper_server[46365]: [WARNING] SerialPort::recv, unblock version, wait time out\nJun 08 17:05:31 ubuntu dex1_1_gripper_server[46365]: [WARNING] motor id=0 does not reply\nJun 08 17:08:20 ubuntu dex1_1_gripper_server[48301]: [2026-06-08 17:08:20.385] [info] Available Serial Ports: /dev/ttyUSB3, /dev/ttyUSB2, /dev/ttyUSB1, /dev/ttyUSB0\nJun 08 17:08:20 ubuntu dex1_1_gripper_server[48301]: [2026-06-08 17:08:20.540] [info] Detected motors:\nJun 08 17:08:20 ubuntu dex1_1_gripper_server[48301]: [2026-06-08 17:08:20.540] [info]   - Motor ID: 0          Side: right          Port: /dev/ttyUSB1          cmdTopic: rt/dex1/right/cmd          stateTopic: rt/dex1/right/state\nJun 08 17:08:20 ubuntu dex1_1_gripper_server[48301]: [2026-06-08 17:08:20.540] [info]   - Motor ID: 1          Side: left          Port: /dev/ttyUSB2          cmdTopic: rt/dex1/left/cmd          stateTopic: rt/dex1/left/state\nJun 08 17:08:51 ubuntu dex1_1_gripper_server[48614]: [2026-06-08 17:08:51.980] [info] Available Serial Ports: /dev/ttyUSB3, /dev/ttyUSB2, /dev/ttyUSB1, /dev/ttyUSB0\nJun 08 17:08:52 ubuntu dex1_1_gripper_server[48614]: [2026-06-08 17:08:52.136] [info] Detected motors:\nJun 08 17:08:52 ubuntu dex1_1_gripper_server[48614]: [2026-06-08 17:08:52.136] [info]   - Motor ID: 0          Side: right          Port: /dev/ttyUSB1          cmdTopic: rt/dex1/right/cmd          stateTopic: rt/dex1/right/state\nJun 08 17:08:52 ubuntu dex1_1_gripper_server[48614]: [2026-06-08 17:08:52.136] [info]   - Motor ID: 1          Side: left          Port: /dev/ttyUSB2          cmdTopic: rt/dex1/left/cmd          stateTopic: rt/dex1/left/state\nJun 08 17:27:54 ubuntu dex1_1_gripper_server[52131]: [2026-06-08 17:27:54.956] [info] Available Serial Ports: /dev/ttyUSB3, /dev/ttyUSB2, /dev/ttyUSB1, /dev/ttyUSB0\nJun 08 17:27:55 ubuntu dex1_1_gripper_server[52131]: [2026-06-08 17:27:55.111] [info] Detected motors:\nJun 08 17:27:55 ubuntu dex1_1_gripper_server[52131]: [2026-06-08 17:27:55.111] [info]   - Motor ID: 0          Side: right          Port: /dev/ttyUSB1          cmdTopic: rt/dex1/right/cmd          stateTopic: rt/dex1/right/state\nJun 08 17:27:55 ubuntu dex1_1_gripper_server[52131]: [2026-06-08 17:27:55.111] [info]   - Motor ID: 1          Side: left          Port: /dev/ttyUSB2          cmdTopic: rt/dex1/left/cmd          stateTopic: rt/dex1/left/state', 'stderr': '', 'reason': 'dex1_gripper.service 运行中，但日志显示电机或串口绑定异常。', 'suggestion': '请检查 Dex1 有线连接或硬件状态，并尝试重新插拔后重启 dex1_gripper.service。'})[0m

TASK [Use enriched check results for report] ***********************************
[0;32mok: [g1_robot_065][0m

TASK [Calculate check counters] ************************************************
[0;32mok: [g1_robot_065][0m

TASK [Calculate overall status] ************************************************
[0;32mok: [g1_robot_065][0m

TASK [Initialize report card issues] *******************************************
[0;32mok: [g1_robot_065][0m

TASK [Add check issues to report card] *****************************************
[0;32mok: [g1_robot_065] => (item={'name': 'dex1 motor binding', 'status': 'WARN', 'detail': 'Jun 08 16:56:35 ubuntu dex1_1_gripper_server[44245]: [WARNING] motor id=0 does not reply\nJun 08 16:56:35 ubuntu dex1_1_gripper_server[44245]: [WARNING] motor id=1 does not reply\nJun 08 16:56:35 ubuntu dex1_1_gripper_server[44245]: [WARNING] motor id=1 does not reply\nJun 08 16:56:35 ubuntu dex1_1_gripper_server[44245]: [WARNING] SerialPort::recv, unblock version, received 21 bytes, but not 26 bytes.\nJun 08 16:56:35 ubuntu dex1_1_gripper_server[44245]: [WARNING] motor id=1 does not reply\nJun 08 16:56:35 ubuntu dex1_1_gripper_server[44245]: [WARNING] motor id=1 failed on CRC, data broken\nJun 08 16:56:35 ubuntu dex1_1_gripper_server[44245]: [WARNING] motor id=1 does not reply\nJun 08 16:56:35 ubuntu dex1_1_gripper_server[44245]: [WARNING] motor id=1 failed on CRC, data broken\nJun 08 16:56:35 ubuntu dex1_1_gripper_server[44245]: [WARNING] motor id=1 does not reply\nJun 08 16:56:35 ubuntu dex1_1_gripper_server[44245]: [WARNING] SerialPort::recv, unblock version, received 23 bytes, but not 26 bytes.\nJun 08 16:56:35 ubuntu dex1_1_gripper_server[44245]: [WARNING] motor id=1 does not reply\nJun 08 16:56:35 ubuntu dex1_1_gripper_server[44245]: [WARNING] motor id=1 failed on CRC, data broken\nJun 08 16:56:35 ubuntu dex1_1_gripper_server[44245]: [WARNING] motor id=1 does not reply\nJun 08 16:56:35 ubuntu dex1_1_gripper_server[44245]: [WARNING] motor id=1 failed on CRC, data broken\nJun 08 16:56:35 ubuntu dex1_1_gripper_server[44245]: [WARNING] motor id=1 does not reply\nJun 08 16:56:35 ubuntu dex1_1_gripper_server[44245]: [WARNING] SerialPort::recv, unblock version, received 13 bytes, but not 26 bytes.\nJun 08 16:56:35 ubuntu dex1_1_gripper_server[44245]: [WARNING] motor id=1 does not reply\nJun 08 16:56:35 ubuntu dex1_1_gripper_server[44245]: [WARNING] motor id=1 failed on CRC, data broken\nJun 08 16:56:35 ubuntu dex1_1_gripper_server[44245]: [WARNING] motor id=1 does not reply\nJun 08 16:56:35 ubuntu dex1_1_gripper_server[44245]: [WARNING] motor id=1 failed on CRC, data broken\nJun 08 16:56:35 ubuntu dex1_1_gripper_server[44245]: [WARNING] motor id=1 does not reply\nJun 08 16:56:35 ubuntu dex1_1_gripper_server[44245]: [WARNING] motor id=1 failed on CRC, data broken\nJun 08 16:56:35 ubuntu dex1_1_gripper_server[44245]: [WARNING] motor id=1 does not reply\nJun 08 16:56:35 ubuntu dex1_1_gripper_server[44245]: [WARNING] motor id=0 failed on CRC, data broken\nJun 08 16:56:35 ubuntu dex1_1_gripper_server[44245]: [WARNING] motor id=0 does not reply\nJun 08 16:56:35 ubuntu dex1_1_gripper_server[44245]: [WARNING] motor id=0 failed on CRC, data broken\nJun 08 16:56:35 ubuntu dex1_1_gripper_server[44245]: [WARNING] motor id=0 does not reply\nJun 08 16:56:35 ubuntu dex1_1_gripper_server[44245]: [WARNING] motor id=0 failed on CRC, data broken\nJun 08 16:56:35 ubuntu dex1_1_gripper_server[44245]: [WARNING] motor id=0 does not reply\nJun 08 16:56:35 ubuntu dex1_1_gripper_server[44245]: [WARNING] motor id=1 does not reply\nJun 08 16:56:35 ubuntu dex1_1_gripper_server[44245]: [WARNING] motor id=0 does not reply\nJun 08 16:56:35 ubuntu dex1_1_gripper_server[44245]: [WARNING] motor id=0 does not reply\nJun 08 16:56:35 ubuntu dex1_1_gripper_server[44245]: [WARNING] motor id=1 does not reply\nJun 08 16:56:35 ubuntu dex1_1_gripper_server[44245]: [WARNING] motor id=0 does not reply\nJun 08 16:56:36 ubuntu dex1_1_gripper_server[44245]: [WARNING] motor id=0 does not reply\nJun 08 16:56:36 ubuntu dex1_1_gripper_server[44245]: [WARNING] motor id=0 does not reply\nJun 08 16:56:36 ubuntu dex1_1_gripper_server[44245]: [WARNING] motor id=1 does not reply\nJun 08 16:56:36 ubuntu dex1_1_gripper_server[44245]: [WARNING] motor id=1 does not reply\nJun 08 16:56:36 ubuntu dex1_1_gripper_server[44245]: [WARNING] motor id=0 does not reply\nJun 08 16:56:36 ubuntu dex1_1_gripper_server[44245]: [WARNING] motor id=0[WARNING] motor id= does not reply1 does not reply\nJun 08 16:56:36 ubuntu dex1_1_gripper_server[44245]: [WARNING] motor id=1 does not reply\nJun 08 16:56:36 ubuntu dex1_1_gripper_server[44245]: [WARNING] motor id=1 does not reply\nJun 08 16:56:36 ubuntu dex1_1_gripper_server[44245]: [WARNING] motor id=1 failed on CRC, data broken\nJun 08 16:56:36 ubuntu dex1_1_gripper_server[44245]: [WARNING] motor id=1 does not reply\nJun 08 16:56:36 ubuntu dex1_1_gripper_server[44245]: [WARNING] motor id=1 failed on CRC, data broken\nJun 08 16:56:36 ubuntu dex1_1_gripper_server[44245]: [WARNING] motor id=1 does not reply\nJun 08 16:56:36 ubuntu dex1_1_gripper_server[44245]: [WARNING] motor id=1 failed on CRC, data broken\nJun 08 16:56:36 ubuntu dex1_1_gripper_server[44245]: [WARNING] motor id=1 does not reply\nJun 08 16:56:36 ubuntu dex1_1_gripper_server[44245]: [WARNING] SerialPort::recv, unblock version, received 24 bytes, but not 26 bytes.\nJun 08 16:56:36 ubuntu dex1_1_gripper_server[44245]: [WARNING] motor id=0 does not reply\nJun 08 16:56:36 ubuntu dex1_1_gripper_server[44245]: [WARNING] motor id=0 failed on CRC, data broken\nJun 08 16:56:36 ubuntu dex1_1_gripper_server[44245]: [WARNING] motor id=0 does not reply\nJun 08 16:56:36 ubuntu dex1_1_gripper_server[44245]: [WARNING] motor id=1 failed on CRC, data broken\nJun 08 16:56:36 ubuntu dex1_1_gripper_server[44245]: [WARNING] motor id=1 does not reply\nJun 08 16:56:36 ubuntu dex1_1_gripper_server[44245]: [WARNING] motor id=1 failed on CRC, data broken\nJun 08 16:56:36 ubuntu dex1_1_gripper_server[44245]: [WARNING] motor id=1 does not reply\nJun 08 16:56:36 ubuntu dex1_1_gripper_server[44245]: [WARNING] motor id=1 failed on CRC, data broken\nJun 08 16:56:36 ubuntu dex1_1_gripper_server[44245]: [WARNING] motor id=1 does not reply\nJun 08 16:56:36 ubuntu dex1_1_gripper_server[44245]: [WARNING] motor id=1 failed on CRC, data broken\nJun 08 16:56:36 ubuntu dex1_1_gripper_server[44245]: [WARNING] motor id=1 does not reply\nJun 08 16:56:36 ubuntu dex1_1_gripper_server[44245]: [WARNING] motor id=1 failed on CRC, data broken\nJun 08 16:56:36 ubuntu dex1_1_gripper_server[44245]: [WARNING] motor id=1 does not reply\nJun 08 16:56:36 ubuntu dex1_1_gripper_server[44245]: [WARNING] motor id=1 failed on CRC, data broken\nJun 08 16:56:36 ubuntu dex1_1_gripper_server[44245]: [WARNING] motor id=1 does not reply\nJun 08 16:56:36 ubuntu dex1_1_gripper_server[44245]: [WARNING] SerialPort::recv, unblock version, received 17 bytes, but not 26 bytes.\nJun 08 16:56:36 ubuntu dex1_1_gripper_server[44245]: [WARNING] motor id=1 does not reply\nJun 08 16:56:36 ubuntu dex1_1_gripper_server[44245]: [WARNING] motor id=1 failed on CRC, data broken\nJun 08 16:56:36 ubuntu dex1_1_gripper_server[44245]: [WARNING] motor id=1 does not reply\nJun 08 16:56:36 ubuntu dex1_1_gripper_server[44245]: [WARNING] SerialPort::recv, unblock version, received 17 bytes, but not 26 bytes.\nJun 08 16:56:36 ubuntu dex1_1_gripper_server[44245]: [WARNING] motor id=1 does not reply\nJun 08 16:56:36 ubuntu dex1_1_gripper_server[44245]: [WARNING] motor id=1 failed on CRC, data broken\nJun 08 16:56:36 ubuntu dex1_1_gripper_server[44245]: [WARNING] motor id=1 does not reply\nJun 08 16:56:36 ubuntu dex1_1_gripper_server[44245]: [WARNING] motor id=1 failed on CRC, data broken\nJun 08 16:56:36 ubuntu dex1_1_gripper_server[44245]: [WARNING] motor id=1 does not reply\nJun 08 16:56:36 ubuntu dex1_1_gripper_server[44245]: [WARNING] motor id=1 failed on CRC, data broken\nJun 08 16:56:36 ubuntu dex1_1_gripper_server[44245]: [WARNING] motor id=1 does not reply\nJun 08 16:56:36 ubuntu dex1_1_gripper_server[44245]: [WARNING] motor id=1 failed on CRC, data broken\nJun 08 16:56:36 ubuntu dex1_1_gripper_server[44245]: [WARNING] motor id=1 does not reply\nJun 08 16:56:36 ubuntu dex1_1_gripper_server[44245]: [WARNING] motor id=1 failed on CRC, data broken\nJun 08 16:56:36 ubuntu dex1_1_gripper_server[44245]: [WARNING] motor id=1 does not reply\nJun 08 16:56:36 ubuntu dex1_1_gripper_server[44245]: [WARNING] motor id=1 does not reply\nJun 08 16:56:36 ubuntu dex1_1_gripper_server[44245]: [WARNING] motor id=1 does not reply\nJun 08 16:56:36 ubuntu dex1_1_gripper_server[44245]: [WARNING] motor id=1 does not reply\nJun 08 16:56:36 ubuntu dex1_1_gripper_server[44245]: [WARNING] motor id=1 does not reply\nJun 08 16:56:36 ubuntu dex1_1_gripper_server[44245]: [WARNING] motor id=1 does not reply\nJun 08 16:56:36 ubuntu dex1_1_gripper_server[44245]: [WARNING] motor id=1 does not reply\nJun 08 16:56:36 ubuntu dex1_1_gripper_server[44245]: [WARNING] motor id=1 does not reply\nJun 08 16:56:36 ubuntu dex1_1_gripper_server[44245]: [WARNING] motor id=1 does not reply\nJun 08 16:56:36 ubuntu dex1_1_gripper_server[44245]: [WARNING] motor id=1 does not reply\nJun 08 16:56:36 ubuntu dex1_1_gripper_server[44245]: [WARNING] motor id=0 does not reply\nJun 08 16:56:36 ubuntu dex1_1_gripper_server[44245]: [WARNING] motor id=1 does not reply\nJun 08 16:56:36 ubuntu dex1_1_gripper_server[44245]: [WARNING] motor id=0 does not reply\nJun 08 16:56:36 ubuntu dex1_1_gripper_server[44245]: [WARNING] motor id=1 does not reply\nJun 08 16:56:36 ubuntu dex1_1_gripper_server[44245]: [WARNING] motor id=0 does not reply\nJun 08 16:56:36 ubuntu dex1_1_gripper_server[44245]: [WARNING] motor id=0 does not reply\nJun 08 16:56:36 ubuntu dex1_1_gripper_server[44245]: [WARNING] motor id=0 does not reply\nJun 08 16:56:36 ubuntu dex1_1_gripper_server[44245]: [WARNING] motor id=0 does not reply\nJun 08 16:56:36 ubuntu dex1_1_gripper_server[44245]: [WARNING] motor id=0 does not reply\nJun 08 16:56:37 ubuntu dex1_1_gripper_server[44245]: [WARNING] motor id=1 does not reply\nJun 08 16:56:37 ubuntu dex1_1_gripper_server[44245]: [WARNING] motor id=1 does not reply\nJun 08 16:56:37 ubuntu dex1_1_gripper_server[44245]: [WARNING] motor id=1 does not reply\nJun 08 16:56:37 ubuntu dex1_1_gripper_server[44245]: [WARNING] motor id=0 does not reply\nJun 08 16:56:37 ubuntu dex1_1_gripper_server[44245]: [WARNING] motor id=1 does not reply\nJun 08 17:02:17 ubuntu dex1_1_gripper_server[46185]: [2026-06-08 17:02:17.874] [info] Available Serial Ports: /dev/ttyUSB3, /dev/ttyUSB2, /dev/ttyUSB1, /dev/ttyUSB0\nJun 08 17:02:18 ubuntu dex1_1_gripper_server[46185]: [2026-06-08 17:02:18.029] [info] Detected motors:\nJun 08 17:02:18 ubuntu dex1_1_gripper_server[46185]: [2026-06-08 17:02:18.029] [info]   - Motor ID: 0          Side: right          Port: /dev/ttyUSB1          cmdTopic: rt/dex1/right/cmd          stateTopic: rt/dex1/right/state\nJun 08 17:02:18 ubuntu dex1_1_gripper_server[46185]: [2026-06-08 17:02:18.029] [info]   - Motor ID: 1          Side: left          Port: /dev/ttyUSB2          cmdTopic: rt/dex1/left/cmd          stateTopic: rt/dex1/left/state\nJun 08 17:02:35 ubuntu dex1_1_gripper_server[46365]: [2026-06-08 17:02:35.004] [info] Available Serial Ports: /dev/ttyUSB3, /dev/ttyUSB2, /dev/ttyUSB1, /dev/ttyUSB0\nJun 08 17:02:35 ubuntu dex1_1_gripper_server[46365]: [2026-06-08 17:02:35.158] [info] Detected motors:\nJun 08 17:02:35 ubuntu dex1_1_gripper_server[46365]: [2026-06-08 17:02:35.158] [info]   - Motor ID: 0          Side: right          Port: /dev/ttyUSB1          cmdTopic: rt/dex1/right/cmd          stateTopic: rt/dex1/right/state\nJun 08 17:02:35 ubuntu dex1_1_gripper_server[46365]: [2026-06-08 17:02:35.158] [info]   - Motor ID: 1          Side: left          Port: /dev/ttyUSB2          cmdTopic: rt/dex1/left/cmd          stateTopic: rt/dex1/left/state\nJun 08 17:05:31 ubuntu dex1_1_gripper_server[46365]: [WARNING] SerialPort::recv, unblock version, wait time out\nJun 08 17:05:31 ubuntu dex1_1_gripper_server[46365]: [WARNING] motor id=0 does not reply\nJun 08 17:08:20 ubuntu dex1_1_gripper_server[48301]: [2026-06-08 17:08:20.385] [info] Available Serial Ports: /dev/ttyUSB3, /dev/ttyUSB2, /dev/ttyUSB1, /dev/ttyUSB0\nJun 08 17:08:20 ubuntu dex1_1_gripper_server[48301]: [2026-06-08 17:08:20.540] [info] Detected motors:\nJun 08 17:08:20 ubuntu dex1_1_gripper_server[48301]: [2026-06-08 17:08:20.540] [info]   - Motor ID: 0          Side: right          Port: /dev/ttyUSB1          cmdTopic: rt/dex1/right/cmd          stateTopic: rt/dex1/right/state\nJun 08 17:08:20 ubuntu dex1_1_gripper_server[48301]: [2026-06-08 17:08:20.540] [info]   - Motor ID: 1          Side: left          Port: /dev/ttyUSB2          cmdTopic: rt/dex1/left/cmd          stateTopic: rt/dex1/left/state\nJun 08 17:08:51 ubuntu dex1_1_gripper_server[48614]: [2026-06-08 17:08:51.980] [info] Available Serial Ports: /dev/ttyUSB3, /dev/ttyUSB2, /dev/ttyUSB1, /dev/ttyUSB0\nJun 08 17:08:52 ubuntu dex1_1_gripper_server[48614]: [2026-06-08 17:08:52.136] [info] Detected motors:\nJun 08 17:08:52 ubuntu dex1_1_gripper_server[48614]: [2026-06-08 17:08:52.136] [info]   - Motor ID: 0          Side: right          Port: /dev/ttyUSB1          cmdTopic: rt/dex1/right/cmd          stateTopic: rt/dex1/right/state\nJun 08 17:08:52 ubuntu dex1_1_gripper_server[48614]: [2026-06-08 17:08:52.136] [info]   - Motor ID: 1          Side: left          Port: /dev/ttyUSB2          cmdTopic: rt/dex1/left/cmd          stateTopic: rt/dex1/left/state\nJun 08 17:27:54 ubuntu dex1_1_gripper_server[52131]: [2026-06-08 17:27:54.956] [info] Available Serial Ports: /dev/ttyUSB3, /dev/ttyUSB2, /dev/ttyUSB1, /dev/ttyUSB0\nJun 08 17:27:55 ubuntu dex1_1_gripper_server[52131]: [2026-06-08 17:27:55.111] [info] Detected motors:\nJun 08 17:27:55 ubuntu dex1_1_gripper_server[52131]: [2026-06-08 17:27:55.111] [info]   - Motor ID: 0          Side: right          Port: /dev/ttyUSB1          cmdTopic: rt/dex1/right/cmd          stateTopic: rt/dex1/right/state\nJun 08 17:27:55 ubuntu dex1_1_gripper_server[52131]: [2026-06-08 17:27:55.111] [info]   - Motor ID: 1          Side: left          Port: /dev/ttyUSB2          cmdTopic: rt/dex1/left/cmd          stateTopic: rt/dex1/left/state', 'stdout': 'Jun 08 16:56:35 ubuntu dex1_1_gripper_server[44245]: [WARNING] motor id=0 does not reply\nJun 08 16:56:35 ubuntu dex1_1_gripper_server[44245]: [WARNING] motor id=1 does not reply\nJun 08 16:56:35 ubuntu dex1_1_gripper_server[44245]: [WARNING] motor id=1 does not reply\nJun 08 16:56:35 ubuntu dex1_1_gripper_server[44245]: [WARNING] SerialPort::recv, unblock version, received 21 bytes, but not 26 bytes.\nJun 08 16:56:35 ubuntu dex1_1_gripper_server[44245]: [WARNING] motor id=1 does not reply\nJun 08 16:56:35 ubuntu dex1_1_gripper_server[44245]: [WARNING] motor id=1 failed on CRC, data broken\nJun 08 16:56:35 ubuntu dex1_1_gripper_server[44245]: [WARNING] motor id=1 does not reply\nJun 08 16:56:35 ubuntu dex1_1_gripper_server[44245]: [WARNING] motor id=1 failed on CRC, data broken\nJun 08 16:56:35 ubuntu dex1_1_gripper_server[44245]: [WARNING] motor id=1 does not reply\nJun 08 16:56:35 ubuntu dex1_1_gripper_server[44245]: [WARNING] SerialPort::recv, unblock version, received 23 bytes, but not 26 bytes.\nJun 08 16:56:35 ubuntu dex1_1_gripper_server[44245]: [WARNING] motor id=1 does not reply\nJun 08 16:56:35 ubuntu dex1_1_gripper_server[44245]: [WARNING] motor id=1 failed on CRC, data broken\nJun 08 16:56:35 ubuntu dex1_1_gripper_server[44245]: [WARNING] motor id=1 does not reply\nJun 08 16:56:35 ubuntu dex1_1_gripper_server[44245]: [WARNING] motor id=1 failed on CRC, data broken\nJun 08 16:56:35 ubuntu dex1_1_gripper_server[44245]: [WARNING] motor id=1 does not reply\nJun 08 16:56:35 ubuntu dex1_1_gripper_server[44245]: [WARNING] SerialPort::recv, unblock version, received 13 bytes, but not 26 bytes.\nJun 08 16:56:35 ubuntu dex1_1_gripper_server[44245]: [WARNING] motor id=1 does not reply\nJun 08 16:56:35 ubuntu dex1_1_gripper_server[44245]: [WARNING] motor id=1 failed on CRC, data broken\nJun 08 16:56:35 ubuntu dex1_1_gripper_server[44245]: [WARNING] motor id=1 does not reply\nJun 08 16:56:35 ubuntu dex1_1_gripper_server[44245]: [WARNING] motor id=1 failed on CRC, data broken\nJun 08 16:56:35 ubuntu dex1_1_gripper_server[44245]: [WARNING] motor id=1 does not reply\nJun 08 16:56:35 ubuntu dex1_1_gripper_server[44245]: [WARNING] motor id=1 failed on CRC, data broken\nJun 08 16:56:35 ubuntu dex1_1_gripper_server[44245]: [WARNING] motor id=1 does not reply\nJun 08 16:56:35 ubuntu dex1_1_gripper_server[44245]: [WARNING] motor id=0 failed on CRC, data broken\nJun 08 16:56:35 ubuntu dex1_1_gripper_server[44245]: [WARNING] motor id=0 does not reply\nJun 08 16:56:35 ubuntu dex1_1_gripper_server[44245]: [WARNING] motor id=0 failed on CRC, data broken\nJun 08 16:56:35 ubuntu dex1_1_gripper_server[44245]: [WARNING] motor id=0 does not reply\nJun 08 16:56:35 ubuntu dex1_1_gripper_server[44245]: [WARNING] motor id=0 failed on CRC, data broken\nJun 08 16:56:35 ubuntu dex1_1_gripper_server[44245]: [WARNING] motor id=0 does not reply\nJun 08 16:56:35 ubuntu dex1_1_gripper_server[44245]: [WARNING] motor id=1 does not reply\nJun 08 16:56:35 ubuntu dex1_1_gripper_server[44245]: [WARNING] motor id=0 does not reply\nJun 08 16:56:35 ubuntu dex1_1_gripper_server[44245]: [WARNING] motor id=0 does not reply\nJun 08 16:56:35 ubuntu dex1_1_gripper_server[44245]: [WARNING] motor id=1 does not reply\nJun 08 16:56:35 ubuntu dex1_1_gripper_server[44245]: [WARNING] motor id=0 does not reply\nJun 08 16:56:36 ubuntu dex1_1_gripper_server[44245]: [WARNING] motor id=0 does not reply\nJun 08 16:56:36 ubuntu dex1_1_gripper_server[44245]: [WARNING] motor id=0 does not reply\nJun 08 16:56:36 ubuntu dex1_1_gripper_server[44245]: [WARNING] motor id=1 does not reply\nJun 08 16:56:36 ubuntu dex1_1_gripper_server[44245]: [WARNING] motor id=1 does not reply\nJun 08 16:56:36 ubuntu dex1_1_gripper_server[44245]: [WARNING] motor id=0 does not reply\nJun 08 16:56:36 ubuntu dex1_1_gripper_server[44245]: [WARNING] motor id=0[WARNING] motor id= does not reply1 does not reply\nJun 08 16:56:36 ubuntu dex1_1_gripper_server[44245]: [WARNING] motor id=1 does not reply\nJun 08 16:56:36 ubuntu dex1_1_gripper_server[44245]: [WARNING] motor id=1 does not reply\nJun 08 16:56:36 ubuntu dex1_1_gripper_server[44245]: [WARNING] motor id=1 failed on CRC, data broken\nJun 08 16:56:36 ubuntu dex1_1_gripper_server[44245]: [WARNING] motor id=1 does not reply\nJun 08 16:56:36 ubuntu dex1_1_gripper_server[44245]: [WARNING] motor id=1 failed on CRC, data broken\nJun 08 16:56:36 ubuntu dex1_1_gripper_server[44245]: [WARNING] motor id=1 does not reply\nJun 08 16:56:36 ubuntu dex1_1_gripper_server[44245]: [WARNING] motor id=1 failed on CRC, data broken\nJun 08 16:56:36 ubuntu dex1_1_gripper_server[44245]: [WARNING] motor id=1 does not reply\nJun 08 16:56:36 ubuntu dex1_1_gripper_server[44245]: [WARNING] SerialPort::recv, unblock version, received 24 bytes, but not 26 bytes.\nJun 08 16:56:36 ubuntu dex1_1_gripper_server[44245]: [WARNING] motor id=0 does not reply\nJun 08 16:56:36 ubuntu dex1_1_gripper_server[44245]: [WARNING] motor id=0 failed on CRC, data broken\nJun 08 16:56:36 ubuntu dex1_1_gripper_server[44245]: [WARNING] motor id=0 does not reply\nJun 08 16:56:36 ubuntu dex1_1_gripper_server[44245]: [WARNING] motor id=1 failed on CRC, data broken\nJun 08 16:56:36 ubuntu dex1_1_gripper_server[44245]: [WARNING] motor id=1 does not reply\nJun 08 16:56:36 ubuntu dex1_1_gripper_server[44245]: [WARNING] motor id=1 failed on CRC, data broken\nJun 08 16:56:36 ubuntu dex1_1_gripper_server[44245]: [WARNING] motor id=1 does not reply\nJun 08 16:56:36 ubuntu dex1_1_gripper_server[44245]: [WARNING] motor id=1 failed on CRC, data broken\nJun 08 16:56:36 ubuntu dex1_1_gripper_server[44245]: [WARNING] motor id=1 does not reply\nJun 08 16:56:36 ubuntu dex1_1_gripper_server[44245]: [WARNING] motor id=1 failed on CRC, data broken\nJun 08 16:56:36 ubuntu dex1_1_gripper_server[44245]: [WARNING] motor id=1 does not reply\nJun 08 16:56:36 ubuntu dex1_1_gripper_server[44245]: [WARNING] motor id=1 failed on CRC, data broken\nJun 08 16:56:36 ubuntu dex1_1_gripper_server[44245]: [WARNING] motor id=1 does not reply\nJun 08 16:56:36 ubuntu dex1_1_gripper_server[44245]: [WARNING] motor id=1 failed on CRC, data broken\nJun 08 16:56:36 ubuntu dex1_1_gripper_server[44245]: [WARNING] motor id=1 does not reply\nJun 08 16:56:36 ubuntu dex1_1_gripper_server[44245]: [WARNING] SerialPort::recv, unblock version, received 17 bytes, but not 26 bytes.\nJun 08 16:56:36 ubuntu dex1_1_gripper_server[44245]: [WARNING] motor id=1 does not reply\nJun 08 16:56:36 ubuntu dex1_1_gripper_server[44245]: [WARNING] motor id=1 failed on CRC, data broken\nJun 08 16:56:36 ubuntu dex1_1_gripper_server[44245]: [WARNING] motor id=1 does not reply\nJun 08 16:56:36 ubuntu dex1_1_gripper_server[44245]: [WARNING] SerialPort::recv, unblock version, received 17 bytes, but not 26 bytes.\nJun 08 16:56:36 ubuntu dex1_1_gripper_server[44245]: [WARNING] motor id=1 does not reply\nJun 08 16:56:36 ubuntu dex1_1_gripper_server[44245]: [WARNING] motor id=1 failed on CRC, data broken\nJun 08 16:56:36 ubuntu dex1_1_gripper_server[44245]: [WARNING] motor id=1 does not reply\nJun 08 16:56:36 ubuntu dex1_1_gripper_server[44245]: [WARNING] motor id=1 failed on CRC, data broken\nJun 08 16:56:36 ubuntu dex1_1_gripper_server[44245]: [WARNING] motor id=1 does not reply\nJun 08 16:56:36 ubuntu dex1_1_gripper_server[44245]: [WARNING] motor id=1 failed on CRC, data broken\nJun 08 16:56:36 ubuntu dex1_1_gripper_server[44245]: [WARNING] motor id=1 does not reply\nJun 08 16:56:36 ubuntu dex1_1_gripper_server[44245]: [WARNING] motor id=1 failed on CRC, data broken\nJun 08 16:56:36 ubuntu dex1_1_gripper_server[44245]: [WARNING] motor id=1 does not reply\nJun 08 16:56:36 ubuntu dex1_1_gripper_server[44245]: [WARNING] motor id=1 failed on CRC, data broken\nJun 08 16:56:36 ubuntu dex1_1_gripper_server[44245]: [WARNING] motor id=1 does not reply\nJun 08 16:56:36 ubuntu dex1_1_gripper_server[44245]: [WARNING] motor id=1 does not reply\nJun 08 16:56:36 ubuntu dex1_1_gripper_server[44245]: [WARNING] motor id=1 does not reply\nJun 08 16:56:36 ubuntu dex1_1_gripper_server[44245]: [WARNING] motor id=1 does not reply\nJun 08 16:56:36 ubuntu dex1_1_gripper_server[44245]: [WARNING] motor id=1 does not reply\nJun 08 16:56:36 ubuntu dex1_1_gripper_server[44245]: [WARNING] motor id=1 does not reply\nJun 08 16:56:36 ubuntu dex1_1_gripper_server[44245]: [WARNING] motor id=1 does not reply\nJun 08 16:56:36 ubuntu dex1_1_gripper_server[44245]: [WARNING] motor id=1 does not reply\nJun 08 16:56:36 ubuntu dex1_1_gripper_server[44245]: [WARNING] motor id=1 does not reply\nJun 08 16:56:36 ubuntu dex1_1_gripper_server[44245]: [WARNING] motor id=1 does not reply\nJun 08 16:56:36 ubuntu dex1_1_gripper_server[44245]: [WARNING] motor id=0 does not reply\nJun 08 16:56:36 ubuntu dex1_1_gripper_server[44245]: [WARNING] motor id=1 does not reply\nJun 08 16:56:36 ubuntu dex1_1_gripper_server[44245]: [WARNING] motor id=0 does not reply\nJun 08 16:56:36 ubuntu dex1_1_gripper_server[44245]: [WARNING] motor id=1 does not reply\nJun 08 16:56:36 ubuntu dex1_1_gripper_server[44245]: [WARNING] motor id=0 does not reply\nJun 08 16:56:36 ubuntu dex1_1_gripper_server[44245]: [WARNING] motor id=0 does not reply\nJun 08 16:56:36 ubuntu dex1_1_gripper_server[44245]: [WARNING] motor id=0 does not reply\nJun 08 16:56:36 ubuntu dex1_1_gripper_server[44245]: [WARNING] motor id=0 does not reply\nJun 08 16:56:36 ubuntu dex1_1_gripper_server[44245]: [WARNING] motor id=0 does not reply\nJun 08 16:56:37 ubuntu dex1_1_gripper_server[44245]: [WARNING] motor id=1 does not reply\nJun 08 16:56:37 ubuntu dex1_1_gripper_server[44245]: [WARNING] motor id=1 does not reply\nJun 08 16:56:37 ubuntu dex1_1_gripper_server[44245]: [WARNING] motor id=1 does not reply\nJun 08 16:56:37 ubuntu dex1_1_gripper_server[44245]: [WARNING] motor id=0 does not reply\nJun 08 16:56:37 ubuntu dex1_1_gripper_server[44245]: [WARNING] motor id=1 does not reply\nJun 08 17:02:17 ubuntu dex1_1_gripper_server[46185]: [2026-06-08 17:02:17.874] [info] Available Serial Ports: /dev/ttyUSB3, /dev/ttyUSB2, /dev/ttyUSB1, /dev/ttyUSB0\nJun 08 17:02:18 ubuntu dex1_1_gripper_server[46185]: [2026-06-08 17:02:18.029] [info] Detected motors:\nJun 08 17:02:18 ubuntu dex1_1_gripper_server[46185]: [2026-06-08 17:02:18.029] [info]   - Motor ID: 0          Side: right          Port: /dev/ttyUSB1          cmdTopic: rt/dex1/right/cmd          stateTopic: rt/dex1/right/state\nJun 08 17:02:18 ubuntu dex1_1_gripper_server[46185]: [2026-06-08 17:02:18.029] [info]   - Motor ID: 1          Side: left          Port: /dev/ttyUSB2          cmdTopic: rt/dex1/left/cmd          stateTopic: rt/dex1/left/state\nJun 08 17:02:35 ubuntu dex1_1_gripper_server[46365]: [2026-06-08 17:02:35.004] [info] Available Serial Ports: /dev/ttyUSB3, /dev/ttyUSB2, /dev/ttyUSB1, /dev/ttyUSB0\nJun 08 17:02:35 ubuntu dex1_1_gripper_server[46365]: [2026-06-08 17:02:35.158] [info] Detected motors:\nJun 08 17:02:35 ubuntu dex1_1_gripper_server[46365]: [2026-06-08 17:02:35.158] [info]   - Motor ID: 0          Side: right          Port: /dev/ttyUSB1          cmdTopic: rt/dex1/right/cmd          stateTopic: rt/dex1/right/state\nJun 08 17:02:35 ubuntu dex1_1_gripper_server[46365]: [2026-06-08 17:02:35.158] [info]   - Motor ID: 1          Side: left          Port: /dev/ttyUSB2          cmdTopic: rt/dex1/left/cmd          stateTopic: rt/dex1/left/state\nJun 08 17:05:31 ubuntu dex1_1_gripper_server[46365]: [WARNING] SerialPort::recv, unblock version, wait time out\nJun 08 17:05:31 ubuntu dex1_1_gripper_server[46365]: [WARNING] motor id=0 does not reply\nJun 08 17:08:20 ubuntu dex1_1_gripper_server[48301]: [2026-06-08 17:08:20.385] [info] Available Serial Ports: /dev/ttyUSB3, /dev/ttyUSB2, /dev/ttyUSB1, /dev/ttyUSB0\nJun 08 17:08:20 ubuntu dex1_1_gripper_server[48301]: [2026-06-08 17:08:20.540] [info] Detected motors:\nJun 08 17:08:20 ubuntu dex1_1_gripper_server[48301]: [2026-06-08 17:08:20.540] [info]   - Motor ID: 0          Side: right          Port: /dev/ttyUSB1          cmdTopic: rt/dex1/right/cmd          stateTopic: rt/dex1/right/state\nJun 08 17:08:20 ubuntu dex1_1_gripper_server[48301]: [2026-06-08 17:08:20.540] [info]   - Motor ID: 1          Side: left          Port: /dev/ttyUSB2          cmdTopic: rt/dex1/left/cmd          stateTopic: rt/dex1/left/state\nJun 08 17:08:51 ubuntu dex1_1_gripper_server[48614]: [2026-06-08 17:08:51.980] [info] Available Serial Ports: /dev/ttyUSB3, /dev/ttyUSB2, /dev/ttyUSB1, /dev/ttyUSB0\nJun 08 17:08:52 ubuntu dex1_1_gripper_server[48614]: [2026-06-08 17:08:52.136] [info] Detected motors:\nJun 08 17:08:52 ubuntu dex1_1_gripper_server[48614]: [2026-06-08 17:08:52.136] [info]   - Motor ID: 0          Side: right          Port: /dev/ttyUSB1          cmdTopic: rt/dex1/right/cmd          stateTopic: rt/dex1/right/state\nJun 08 17:08:52 ubuntu dex1_1_gripper_server[48614]: [2026-06-08 17:08:52.136] [info]   - Motor ID: 1          Side: left          Port: /dev/ttyUSB2          cmdTopic: rt/dex1/left/cmd          stateTopic: rt/dex1/left/state\nJun 08 17:27:54 ubuntu dex1_1_gripper_server[52131]: [2026-06-08 17:27:54.956] [info] Available Serial Ports: /dev/ttyUSB3, /dev/ttyUSB2, /dev/ttyUSB1, /dev/ttyUSB0\nJun 08 17:27:55 ubuntu dex1_1_gripper_server[52131]: [2026-06-08 17:27:55.111] [info] Detected motors:\nJun 08 17:27:55 ubuntu dex1_1_gripper_server[52131]: [2026-06-08 17:27:55.111] [info]   - Motor ID: 0          Side: right          Port: /dev/ttyUSB1          cmdTopic: rt/dex1/right/cmd          stateTopic: rt/dex1/right/state\nJun 08 17:27:55 ubuntu dex1_1_gripper_server[52131]: [2026-06-08 17:27:55.111] [info]   - Motor ID: 1          Side: left          Port: /dev/ttyUSB2          cmdTopic: rt/dex1/left/cmd          stateTopic: rt/dex1/left/state', 'stderr': '', 'reason': 'dex1_gripper.service 运行中，但日志显示电机或串口绑定异常。', 'suggestion': '请检查 Dex1 有线连接或硬件状态，并尝试重新插拔后重启 dex1_gripper.service。'})[0m

TASK [Calculate report card status from final checks] **************************
[0;32mok: [g1_robot_065][0m

TASK [Build report card summary] ***********************************************
[0;32mok: [g1_robot_065][0m

TASK [Build host final report] *************************************************
[0;32mok: [g1_robot_065][0m

TASK [Print host check summary] ************************************************
[0;32mok: [g1_robot_065] => {[0m
[0;32m    "msg": [[0m
[0;32m        "==================================================",[0m
[0;32m        "G1 environment check: g1_robot_065 (192.168.90.65)",[0m
[0;32m        "mode=check, robot_id=65, end_effector=dex1",[0m
[0;32m        "overall_status=WARN",[0m
[0;32m        "OK=37, WARN=1, FAIL=0, SKIP=0",[0m
[0;32m        "failed_items=[]",[0m
[0;32m        "warn_items=['dex1 motor binding']",[0m
[0;32m        "install_failed_items=[]",[0m
[0;32m        "=================================================="[0m
[0;32m    ][0m
[0;32m}[0m

TASK [Ensure local reports directory exists] ***********************************
[0;32mok: [g1_robot_065][0m

TASK [Write per-host JSON report] **********************************************
[0;33mchanged: [g1_robot_065][0m

TASK [Write aggregate JSON report] *********************************************
[0;33mchanged: [g1_robot_065][0m

TASK [Print local report paths] ************************************************
[0;32mok: [g1_robot_065] => {[0m
[0;32m    "msg": [[0m
[0;32m        "Per-host reports: /home/jeff/coscene/code/codex/基础环境检查/reports/<inventory_hostname>.json",[0m
[0;32m        "Aggregate report: /home/jeff/coscene/code/codex/基础环境检查/reports/g1_env_summary.json"[0m
[0;32m    ][0m
[0;32m}[0m

PLAY RECAP *********************************************************************
[0;33mg1_robot_065[0m               : [0;32mok=65  [0m [0;33mchanged=4   [0m unreachable=0    failed=0    [0;36mskipped=129 [0m rescued=0    ignored=0   


returncode=0
