$ ansible-playbook -k -K -T 15 -i '/home/jeff/coscene/code/codex/基础环境检查/inventory.ini' -e '{"ansible_ssh_common_args": "-o PreferredAuthentications=password -o PubkeyAuthentication=no -o StrictHostKeyChecking=no -o UserKnownHostsFile=/dev/null -o ConnectTimeout=5 -o ConnectionAttempts=1"}' '/home/jeff/coscene/code/codex/基础环境检查/check_base_env.yml' -e g1_mode=install --limit g1_robot_060
cwd=/home/jeff/coscene/code/codex/基础环境检查

SSH password: 
[operator_console] detected SSH password prompt, password sent

BECOME password[defaults to SSH password]: 
[operator_console] detected BECOME password prompt, sudo password sent


PLAY [Check G1 base environment] ***********************************************

TASK [Gathering Facts] *********************************************************
[0;32mok: [g1_robot_060][0m

TASK [Normalize run mode] ******************************************************
[0;32mok: [g1_robot_060][0m

TASK [Validate run mode] *******************************************************
[0;32mok: [g1_robot_060] => {[0m
[0;32m    "changed": false,[0m
[0;32m    "msg": "All assertions passed"[0m
[0;32m}[0m

TASK [Initialize result buckets] ***********************************************
[0;32mok: [g1_robot_060][0m

TASK [Normalize end effector type] *********************************************
[0;32mok: [g1_robot_060][0m

TASK [Warn when end_effector is missing or invalid] ****************************
[0;36mskipping: [g1_robot_060][0m

TASK [Check remote_start service presence before run] **************************
[0;32mok: [g1_robot_060][0m

TASK [Stop remote_start service during run] ************************************
[0;33mchanged: [g1_robot_060][0m

TASK [Record remote_start preflight stop check result] *************************
[0;32mok: [g1_robot_060][0m

TASK [Record remote_start preflight stop install result] ***********************
[0;32mok: [g1_robot_060][0m

TASK [Get controller current time before installation] *************************
[0;32mok: [g1_robot_060][0m

TASK [Sync robot time from controller before installation] *********************
[0;33mchanged: [g1_robot_060][0m

TASK [Check common apt dependencies before installation] ***********************
[0;32mok: [g1_robot_060] => (item=build-essential)[0m
[0;32mok: [g1_robot_060] => (item=cmake)[0m
[0;32mok: [g1_robot_060] => (item=make)[0m
[0;32mok: [g1_robot_060] => (item=libeigen3-dev)[0m
[0;32mok: [g1_robot_060] => (item=libspdlog-dev)[0m
[0;32mok: [g1_robot_060] => (item=libfmt-dev)[0m
[0;32mok: [g1_robot_060] => (item=libboost-all-dev)[0m
[0;32mok: [g1_robot_060] => (item=libyaml-cpp-dev)[0m

TASK [Set missing common apt package facts] ************************************
[0;32mok: [g1_robot_060][0m

TASK [Install missing common apt dependencies] *********************************
[0;36mskipping: [g1_robot_060][0m

TASK [Record common apt installation result] ***********************************
[0;32mok: [g1_robot_060][0m

TASK [Detect conda before installation] ****************************************
[0;32mok: [g1_robot_060][0m

TASK [Set pre-install conda facts] *********************************************
[0;32mok: [g1_robot_060][0m

TASK [Check miniconda installers] **********************************************
[0;36mskipping: [g1_robot_060] => (item=/home/unitree/g1_setup/miniconda3/miniconda.sh) [0m
[0;36mskipping: [g1_robot_060] => (item=/home/unitree/g1_setup/miniconda.sh) [0m

TASK [Pick miniconda installer] ************************************************
[0;36mskipping: [g1_robot_060][0m

TASK [Install miniconda when conda is missing] *********************************
[0;36mskipping: [g1_robot_060][0m

TASK [Record miniconda installation result] ************************************
[0;32mok: [g1_robot_060][0m

TASK [Re-detect conda after installation] **************************************
[0;32mok: [g1_robot_060][0m

TASK [Set final install conda facts] *******************************************
[0;32mok: [g1_robot_060][0m

TASK [Check tv environment before installation] ********************************
[0;32mok: [g1_robot_060][0m

TASK [Check existing tv python version before installation] ********************
[0;32mok: [g1_robot_060][0m

TASK [Set tv python version mismatch facts] ************************************
[0;32mok: [g1_robot_060][0m

TASK [Backup and recreate tv conda environment on version mismatch] ************
[0;36mskipping: [g1_robot_060][0m

TASK [Record tv environment recreate result] ***********************************
[0;36mskipping: [g1_robot_060][0m

TASK [Create tv conda environment] *********************************************
[0;36mskipping: [g1_robot_060][0m

TASK [Record tv environment installation result] *******************************
[0;32mok: [g1_robot_060][0m

TASK [Check tv environment after possible creation] ****************************
[0;32mok: [g1_robot_060][0m

TASK [Set pip install mode facts] **********************************************
[0;32mok: [g1_robot_060][0m

TASK [Record Python package install environment] *******************************
[0;32mok: [g1_robot_060][0m

TASK [Print Python package install environment] ********************************
[0;32mok: [g1_robot_060] => {[0m
[0;32m    "msg": [[0m
[0;32m        "which python:",[0m
[0;32m        "/usr/bin/python",[0m
[0;32m        "",[0m
[0;32m        "/home/unitree/miniconda3/envs/tv/bin/python --version:",[0m
[0;32m        "Python 3.10.20",[0m
[0;32m        "",[0m
[0;32m        "/home/unitree/miniconda3/envs/tv/bin/pip --version:",[0m
[0;32m        "pip 26.1.2 from /home/unitree/miniconda3/envs/tv/lib/python3.10/site-packages/pip (python 3.10)"[0m
[0;32m    ][0m
[0;32m}[0m

TASK [Install Python packages into tv] *****************************************
[0;33mchanged: [g1_robot_060][0m

TASK [Recheck Python package imports after installation] ***********************
[0;32mok: [g1_robot_060] => (item={'import_name': 'cv2', 'pip_name': 'opencv-python', 'display_name': 'Python cv2'})[0m
[0;32mok: [g1_robot_060] => (item={'import_name': 'zmq', 'pip_name': 'pyzmq', 'display_name': 'Python zmq'})[0m
[0;32mok: [g1_robot_060] => (item={'import_name': 'logging_mp', 'pip_name': 'logging_mp', 'display_name': 'Python logging_mp'})[0m
[0;32mok: [g1_robot_060] => (item={'import_name': 'av', 'pip_name': 'av', 'display_name': 'Python av'})[0m
[0;32mok: [g1_robot_060] => (item={'import_name': 'numpy', 'pip_name': 'numpy', 'display_name': 'Python numpy'})[0m

TASK [Record Python package installation result] *******************************
[0;32mok: [g1_robot_060][0m

TASK [Check unitree_sdk2 installed outputs before build] ***********************
[0;32mok: [g1_robot_060] => (item=/usr/local/lib/libunitree_sdk2.a)[0m
[0;32mok: [g1_robot_060] => (item=/usr/local/lib/cmake/unitree_sdk2/unitree_sdk2Config.cmake)[0m
[0;32mok: [g1_robot_060] => (item=/usr/local/include/unitree/idl/go2/MotorCmds_.hpp)[0m

TASK [Check unitree_sdk2 source before build] **********************************
[0;32mok: [g1_robot_060][0m

TASK [Build and install unitree_sdk2] ******************************************
[0;36mskipping: [g1_robot_060][0m

TASK [Record unitree_sdk2 installation result] *********************************
[0;32mok: [g1_robot_060][0m

TASK [Check remote_start source directory] *************************************
[0;32mok: [g1_robot_060][0m

TASK [Check remote binary before build] ****************************************
[0;32mok: [g1_robot_060][0m

TASK [Build remote_start binary when missing] **********************************
[0;36mskipping: [g1_robot_060][0m

TASK [Check remote binary after possible build] ********************************
[0;32mok: [g1_robot_060][0m

TASK [Ensure remote binary executable when present] ****************************
[0;32mok: [g1_robot_060][0m

TASK [Check project remote_start service file] *********************************
[0;32mok: [g1_robot_060][0m

TASK [Copy project remote_start systemd unit] **********************************
[0;32mok: [g1_robot_060][0m

TASK [Install fallback remote_start systemd unit] ******************************
[0;36mskipping: [g1_robot_060][0m

TASK [Reload systemd after remote_start service installation] ******************
[0;32mok: [g1_robot_060][0m

TASK [Enable and restart remote_start service when requested] ******************
[0;36mskipping: [g1_robot_060][0m

TASK [Record remote_start installation result] *********************************
[0;32mok: [g1_robot_060][0m

TASK [Set dex1 install paths] **************************************************
[0;32mok: [g1_robot_060][0m

TASK [Check dex1 source directory before build] ********************************
[0;32mok: [g1_robot_060][0m

TASK [Check dex1 binaries before build] ****************************************
[0;32mok: [g1_robot_060] => (item=/home/unitree/g1_setup/dex1_1_service/bin/dex1_1_gripper_server)[0m
[0;32mok: [g1_robot_060] => (item=/home/unitree/g1_setup/dex1_1_service/bin/test_dex1_1_gripper_server)[0m

TASK [Build dex1 service binaries when missing] ********************************
[0;36mskipping: [g1_robot_060][0m

TASK [Check dex1 binaries after possible build] ********************************
[0;32mok: [g1_robot_060] => (item=/home/unitree/g1_setup/dex1_1_service/bin/dex1_1_gripper_server)[0m
[0;32mok: [g1_robot_060] => (item=/home/unitree/g1_setup/dex1_1_service/bin/test_dex1_1_gripper_server)[0m

TASK [Set dex1 binary availability] ********************************************
[0;32mok: [g1_robot_060][0m

TASK [Ensure dex1 binaries are executable] *************************************
[0;32mok: [g1_robot_060] => (item={'changed': False, 'stat': {'exists': True, 'path': '/home/unitree/g1_setup/dex1_1_service/bin/dex1_1_gripper_server', 'mode': '0755', 'isdir': False, 'ischr': False, 'isblk': False, 'isreg': True, 'isfifo': False, 'islnk': False, 'issock': False, 'uid': 1000, 'gid': 1000, 'size': 3715184, 'inode': 8127077, 'dev': 66305, 'nlink': 1, 'atime': 1780967234.497096, 'mtime': 1779072732.026654, 'ctime': 1780643355.2404194, 'wusr': True, 'rusr': True, 'xusr': True, 'wgrp': False, 'rgrp': True, 'xgrp': True, 'woth': False, 'roth': True, 'xoth': True, 'isuid': False, 'isgid': False, 'blocks': 7264, 'block_size': 4096, 'device_type': 0, 'readable': True, 'writeable': True, 'executable': True, 'pw_name': 'unitree', 'gr_name': 'unitree', 'checksum': 'eb93d7311939b62ea7b8d7d6ab7759ddb4a68acd', 'mimetype': 'application/x-sharedlib', 'charset': 'binary', 'version': '432725283', 'attributes': ['extents'], 'attr_flags': 'e'}, 'invocation': {'module_args': {'path': '/home/unitree/g1_setup/dex1_1_service/bin/dex1_1_gripper_server', 'follow': False, 'get_md5': False, 'get_checksum': True, 'get_mime': True, 'get_attributes': True, 'checksum_algorithm': 'sha1'}}, 'failed': False, 'item': '/home/unitree/g1_setup/dex1_1_service/bin/dex1_1_gripper_server', 'ansible_loop_var': 'item'})[0m
[0;32mok: [g1_robot_060] => (item={'changed': False, 'stat': {'exists': True, 'path': '/home/unitree/g1_setup/dex1_1_service/bin/test_dex1_1_gripper_server', 'mode': '0755', 'isdir': False, 'ischr': False, 'isblk': False, 'isreg': True, 'isfifo': False, 'islnk': False, 'issock': False, 'uid': 1000, 'gid': 1000, 'size': 3686232, 'inode': 8127078, 'dev': 66305, 'nlink': 1, 'atime': 1780984608.7188668, 'mtime': 1779072728.1985507, 'ctime': 1780643355.4484253, 'wusr': True, 'rusr': True, 'xusr': True, 'wgrp': False, 'rgrp': True, 'xgrp': True, 'woth': False, 'roth': True, 'xoth': True, 'isuid': False, 'isgid': False, 'blocks': 7200, 'block_size': 4096, 'device_type': 0, 'readable': True, 'writeable': True, 'executable': True, 'pw_name': 'unitree', 'gr_name': 'unitree', 'checksum': '9d87ca1ae8b3ea09cf006a809a499c1a571f875b', 'mimetype': 'application/x-sharedlib', 'charset': 'binary', 'version': '2168604959', 'attributes': ['extents'], 'attr_flags': 'e'}, 'invocation': {'module_args': {'path': '/home/unitree/g1_setup/dex1_1_service/bin/test_dex1_1_gripper_server', 'follow': False, 'get_md5': False, 'get_checksum': True, 'get_mime': True, 'get_attributes': True, 'checksum_algorithm': 'sha1'}}, 'failed': False, 'item': '/home/unitree/g1_setup/dex1_1_service/bin/test_dex1_1_gripper_server', 'ansible_loop_var': 'item'})[0m

TASK [Check dex1 autostart script] *********************************************
[0;32mok: [g1_robot_060][0m

TASK [Run dex1 setup_autostart.sh] *********************************************
[0;33mchanged: [g1_robot_060][0m

TASK [Install fallback dex1_gripper systemd unit] ******************************
[0;36mskipping: [g1_robot_060][0m

TASK [Enable and restart fallback dex1_gripper service] ************************
[0;36mskipping: [g1_robot_060][0m

TASK [Record dex1 installation result] *****************************************
[0;32mok: [g1_robot_060][0m

TASK [Set brainco install paths] ***********************************************
[0;36mskipping: [g1_robot_060][0m

TASK [Check brainco source directory before build] *****************************
[0;36mskipping: [g1_robot_060][0m

TASK [Check preferred brainco lib directory] ***********************************
[0;36mskipping: [g1_robot_060][0m

TASK [Find brainco sdk library directory] **************************************
[0;36mskipping: [g1_robot_060][0m

TASK [Set brainco lib directory] ***********************************************
[0;36mskipping: [g1_robot_060][0m

TASK [Check brainco binaries before build] *************************************
[0;36mskipping: [g1_robot_060][0m

TASK [Build brainco service binaries when missing] *****************************
[0;36mskipping: [g1_robot_060][0m

TASK [Check brainco binaries after possible build] *****************************
[0;36mskipping: [g1_robot_060][0m

TASK [Set brainco binary availability] *****************************************
[0;36mskipping: [g1_robot_060][0m

TASK [Ensure brainco binaries are executable] **********************************
[0;36mskipping: [g1_robot_060][0m

TASK [Check brainco autostart script] ******************************************
[0;36mskipping: [g1_robot_060][0m

TASK [Run brainco setup_autostart.sh] ******************************************
[0;36mskipping: [g1_robot_060][0m

TASK [Install fallback brainco_hand systemd unit] ******************************
[0;36mskipping: [g1_robot_060][0m

TASK [Enable and restart fallback brainco_hand service] ************************
[0;36mskipping: [g1_robot_060][0m

TASK [Record brainco installation result] **************************************
[0;36mskipping: [g1_robot_060][0m

TASK [Stop conflicting brainco service for dex1] *******************************
[0;32mok: [g1_robot_060][0m

TASK [Disable conflicting brainco service for dex1] ****************************
[0;32mok: [g1_robot_060][0m

TASK [Record conflicting brainco service stop result] **************************
[0;32mok: [g1_robot_060][0m

TASK [Stop conflicting dex1 service for brainco] *******************************
[0;36mskipping: [g1_robot_060][0m

TASK [Disable conflicting dex1 service for brainco] ****************************
[0;36mskipping: [g1_robot_060][0m

TASK [Record conflicting dex1 service stop result] *****************************
[0;36mskipping: [g1_robot_060][0m

TASK [Stop dex1 service when no end effector is selected] **********************
[0;36mskipping: [g1_robot_060][0m

TASK [Stop brainco service when no end effector is selected] *******************
[0;36mskipping: [g1_robot_060][0m

TASK [Disable dex1 service when no end effector is selected] *******************
[0;36mskipping: [g1_robot_060][0m

TASK [Disable brainco service when no end effector is selected] ****************
[0;36mskipping: [g1_robot_060][0m

TASK [Record all end effector service stop result] *****************************
[0;36mskipping: [g1_robot_060][0m

TASK [Reset check results before final verification] ***************************
[0;32mok: [g1_robot_060][0m

TASK [Check project directory] *************************************************
[0;32mok: [g1_robot_060][0m

TASK [Record project directory status] *****************************************
[0;32mok: [g1_robot_060][0m

TASK [Check unitree_sdk2 source directory] *************************************
[0;32mok: [g1_robot_060][0m

TASK [Record unitree_sdk2 source status] ***************************************
[0;32mok: [g1_robot_060][0m

TASK [Detect conda executable] *************************************************
[0;32mok: [g1_robot_060][0m

TASK [Set conda paths] *********************************************************
[0;32mok: [g1_robot_060][0m

TASK [Record conda status] *****************************************************
[0;32mok: [g1_robot_060][0m

TASK [Set tv python path] ******************************************************
[0;32mok: [g1_robot_060][0m

TASK [Check conda tv environment] **********************************************
[0;32mok: [g1_robot_060][0m

TASK [Record conda tv environment status] **************************************
[0;32mok: [g1_robot_060][0m

TASK [Check tv python version] *************************************************
[0;32mok: [g1_robot_060][0m

TASK [Record tv python version status] *****************************************
[0;32mok: [g1_robot_060][0m

TASK [Record skipped tv python version status] *********************************
[0;36mskipping: [g1_robot_060][0m

TASK [Check Python package imports] ********************************************
[0;32mok: [g1_robot_060] => (item={'import_name': 'cv2', 'pip_name': 'opencv-python', 'display_name': 'Python cv2'})[0m
[0;32mok: [g1_robot_060] => (item={'import_name': 'zmq', 'pip_name': 'pyzmq', 'display_name': 'Python zmq'})[0m
[0;32mok: [g1_robot_060] => (item={'import_name': 'logging_mp', 'pip_name': 'logging_mp', 'display_name': 'Python logging_mp'})[0m
[0;32mok: [g1_robot_060] => (item={'import_name': 'av', 'pip_name': 'av', 'display_name': 'Python av'})[0m
[0;32mok: [g1_robot_060] => (item={'import_name': 'numpy', 'pip_name': 'numpy', 'display_name': 'Python numpy'})[0m

TASK [Record Python package import status] *************************************
[0;32mok: [g1_robot_060] => (item={'cmd': ['/home/unitree/miniconda3/envs/tv/bin/python', '-c', 'import cv2'], 'stdout': '', 'stderr': '', 'rc': 0, 'start': '2026-06-09 14:29:44.336116', 'end': '2026-06-09 14:29:44.576962', 'delta': '0:00:00.240846', 'changed': False, 'invocation': {'module_args': {'_raw_params': "/home/unitree/miniconda3/envs/tv/bin/python -c 'import cv2'", 'warn': True, '_uses_shell': False, 'stdin_add_newline': True, 'strip_empty_ends': True, 'argv': None, 'chdir': None, 'executable': None, 'creates': None, 'removes': None, 'stdin': None}}, 'stdout_lines': [], 'stderr_lines': [], 'failed': False, 'failed_when_result': False, 'item': {'import_name': 'cv2', 'pip_name': 'opencv-python', 'display_name': 'Python cv2'}, 'ansible_loop_var': 'item'})[0m
[0;32mok: [g1_robot_060] => (item={'cmd': ['/home/unitree/miniconda3/envs/tv/bin/python', '-c', 'import zmq'], 'stdout': '', 'stderr': '', 'rc': 0, 'start': '2026-06-09 14:29:44.937435', 'end': '2026-06-09 14:29:45.037521', 'delta': '0:00:00.100086', 'changed': False, 'invocation': {'module_args': {'_raw_params': "/home/unitree/miniconda3/envs/tv/bin/python -c 'import zmq'", 'warn': True, '_uses_shell': False, 'stdin_add_newline': True, 'strip_empty_ends': True, 'argv': None, 'chdir': None, 'executable': None, 'creates': None, 'removes': None, 'stdin': None}}, 'stdout_lines': [], 'stderr_lines': [], 'failed': False, 'failed_when_result': False, 'item': {'import_name': 'zmq', 'pip_name': 'pyzmq', 'display_name': 'Python zmq'}, 'ansible_loop_var': 'item'})[0m
[0;32mok: [g1_robot_060] => (item={'cmd': ['/home/unitree/miniconda3/envs/tv/bin/python', '-c', 'import logging_mp'], 'stdout': '', 'stderr': '', 'rc': 0, 'start': '2026-06-09 14:29:45.364610', 'end': '2026-06-09 14:29:45.490469', 'delta': '0:00:00.125859', 'changed': False, 'invocation': {'module_args': {'_raw_params': "/home/unitree/miniconda3/envs/tv/bin/python -c 'import logging_mp'", 'warn': True, '_uses_shell': False, 'stdin_add_newline': True, 'strip_empty_ends': True, 'argv': None, 'chdir': None, 'executable': None, 'creates': None, 'removes': None, 'stdin': None}}, 'stdout_lines': [], 'stderr_lines': [], 'failed': False, 'failed_when_result': False, 'item': {'import_name': 'logging_mp', 'pip_name': 'logging_mp', 'display_name': 'Python logging_mp'}, 'ansible_loop_var': 'item'})[0m
[0;32mok: [g1_robot_060] => (item={'cmd': ['/home/unitree/miniconda3/envs/tv/bin/python', '-c', 'import av'], 'stdout': '', 'stderr': '', 'rc': 0, 'start': '2026-06-09 14:29:45.770357', 'end': '2026-06-09 14:29:45.916431', 'delta': '0:00:00.146074', 'changed': False, 'invocation': {'module_args': {'_raw_params': "/home/unitree/miniconda3/envs/tv/bin/python -c 'import av'", 'warn': True, '_uses_shell': False, 'stdin_add_newline': True, 'strip_empty_ends': True, 'argv': None, 'chdir': None, 'executable': None, 'creates': None, 'removes': None, 'stdin': None}}, 'stdout_lines': [], 'stderr_lines': [], 'failed': False, 'failed_when_result': False, 'item': {'import_name': 'av', 'pip_name': 'av', 'display_name': 'Python av'}, 'ansible_loop_var': 'item'})[0m
[0;32mok: [g1_robot_060] => (item={'cmd': ['/home/unitree/miniconda3/envs/tv/bin/python', '-c', 'import numpy'], 'stdout': '', 'stderr': '', 'rc': 0, 'start': '2026-06-09 14:29:46.206114', 'end': '2026-06-09 14:29:46.384292', 'delta': '0:00:00.178178', 'changed': False, 'invocation': {'module_args': {'_raw_params': "/home/unitree/miniconda3/envs/tv/bin/python -c 'import numpy'", 'warn': True, '_uses_shell': False, 'stdin_add_newline': True, 'strip_empty_ends': True, 'argv': None, 'chdir': None, 'executable': None, 'creates': None, 'removes': None, 'stdin': None}}, 'stdout_lines': [], 'stderr_lines': [], 'failed': False, 'failed_when_result': False, 'item': {'import_name': 'numpy', 'pip_name': 'numpy', 'display_name': 'Python numpy'}, 'ansible_loop_var': 'item'})[0m

TASK [Record skipped Python package imports] ***********************************
[0;36mskipping: [g1_robot_060] => (item={'import_name': 'cv2', 'pip_name': 'opencv-python', 'display_name': 'Python cv2'}) [0m
[0;36mskipping: [g1_robot_060] => (item={'import_name': 'zmq', 'pip_name': 'pyzmq', 'display_name': 'Python zmq'}) [0m
[0;36mskipping: [g1_robot_060] => (item={'import_name': 'logging_mp', 'pip_name': 'logging_mp', 'display_name': 'Python logging_mp'}) [0m
[0;36mskipping: [g1_robot_060] => (item={'import_name': 'av', 'pip_name': 'av', 'display_name': 'Python av'}) [0m
[0;36mskipping: [g1_robot_060] => (item={'import_name': 'numpy', 'pip_name': 'numpy', 'display_name': 'Python numpy'}) [0m

TASK [Check unitree_sdk2 installed files] **************************************
[0;32mok: [g1_robot_060] => (item={'name': 'unitree_sdk2 library', 'path': '/usr/local/lib/libunitree_sdk2.a'})[0m
[0;32mok: [g1_robot_060] => (item={'name': 'unitree_sdk2 cmake config', 'path': '/usr/local/lib/cmake/unitree_sdk2/unitree_sdk2Config.cmake'})[0m
[0;32mok: [g1_robot_060] => (item={'name': 'unitree_sdk2 go2 header', 'path': '/usr/local/include/unitree/idl/go2/MotorCmds_.hpp'})[0m

TASK [Record unitree_sdk2 installed file status] *******************************
[0;32mok: [g1_robot_060] => (item={'changed': False, 'stat': {'exists': True, 'path': '/usr/local/lib/libunitree_sdk2.a', 'mode': '0644', 'isdir': False, 'ischr': False, 'isblk': False, 'isreg': True, 'isfifo': False, 'islnk': False, 'issock': False, 'uid': 0, 'gid': 0, 'size': 28836044, 'inode': 1970671, 'dev': 66305, 'nlink': 1, 'atime': 1780984602.7346926, 'mtime': 1779071972.0, 'ctime': 1779072477.7968538, 'wusr': True, 'rusr': True, 'xusr': False, 'wgrp': False, 'rgrp': True, 'xgrp': False, 'woth': False, 'roth': True, 'xoth': False, 'isuid': False, 'isgid': False, 'blocks': 56328, 'block_size': 4096, 'device_type': 0, 'readable': True, 'writeable': False, 'executable': False, 'pw_name': 'root', 'gr_name': 'root', 'checksum': '6aa9bbd4ee362b0e1b080741ef839c9f07d80444', 'mimetype': 'application/x-archive', 'charset': 'binary', 'version': '3024943660', 'attributes': ['extents'], 'attr_flags': 'e'}, 'invocation': {'module_args': {'path': '/usr/local/lib/libunitree_sdk2.a', 'follow': False, 'get_md5': False, 'get_checksum': True, 'get_mime': True, 'get_attributes': True, 'checksum_algorithm': 'sha1'}}, 'failed': False, 'item': {'name': 'unitree_sdk2 library', 'path': '/usr/local/lib/libunitree_sdk2.a'}, 'ansible_loop_var': 'item'})[0m
[0;32mok: [g1_robot_060] => (item={'changed': False, 'stat': {'exists': True, 'path': '/usr/local/lib/cmake/unitree_sdk2/unitree_sdk2Config.cmake', 'mode': '0644', 'isdir': False, 'ischr': False, 'isblk': False, 'isreg': True, 'isfifo': False, 'islnk': False, 'issock': False, 'uid': 0, 'gid': 0, 'size': 186, 'inode': 7999340, 'dev': 66305, 'nlink': 1, 'atime': 1780984603.0667024, 'mtime': 1779072375.0, 'ctime': 1779072477.7968538, 'wusr': True, 'rusr': True, 'xusr': False, 'wgrp': False, 'rgrp': True, 'xgrp': False, 'woth': False, 'roth': True, 'xoth': False, 'isuid': False, 'isgid': False, 'blocks': 8, 'block_size': 4096, 'device_type': 0, 'readable': True, 'writeable': False, 'executable': False, 'pw_name': 'root', 'gr_name': 'root', 'checksum': '3a27dd724be144969a69609c6789b0b9c12a0a94', 'mimetype': 'text/plain', 'charset': 'us-ascii', 'version': '2761420585', 'attributes': ['extents'], 'attr_flags': 'e'}, 'invocation': {'module_args': {'path': '/usr/local/lib/cmake/unitree_sdk2/unitree_sdk2Config.cmake', 'follow': False, 'get_md5': False, 'get_checksum': True, 'get_mime': True, 'get_attributes': True, 'checksum_algorithm': 'sha1'}}, 'failed': False, 'item': {'name': 'unitree_sdk2 cmake config', 'path': '/usr/local/lib/cmake/unitree_sdk2/unitree_sdk2Config.cmake'}, 'ansible_loop_var': 'item'})[0m
[0;32mok: [g1_robot_060] => (item={'changed': False, 'stat': {'exists': True, 'path': '/usr/local/include/unitree/idl/go2/MotorCmds_.hpp', 'mode': '0644', 'isdir': False, 'ischr': False, 'isblk': False, 'isreg': True, 'isfifo': False, 'islnk': False, 'issock': False, 'uid': 0, 'gid': 0, 'size': 14799, 'inode': 3673005, 'dev': 66305, 'nlink': 1, 'atime': 1780984603.3107095, 'mtime': 1779071970.0, 'ctime': 1779072477.7488527, 'wusr': True, 'rusr': True, 'xusr': False, 'wgrp': False, 'rgrp': True, 'xgrp': False, 'woth': False, 'roth': True, 'xoth': False, 'isuid': False, 'isgid': False, 'blocks': 32, 'block_size': 4096, 'device_type': 0, 'readable': True, 'writeable': False, 'executable': False, 'pw_name': 'root', 'gr_name': 'root', 'checksum': '61c007d557e6b98267de2f718cde8828915ac109', 'mimetype': 'text/x-c++', 'charset': 'us-ascii', 'version': '1156986215', 'attributes': ['extents'], 'attr_flags': 'e'}, 'invocation': {'module_args': {'path': '/usr/local/include/unitree/idl/go2/MotorCmds_.hpp', 'follow': False, 'get_md5': False, 'get_checksum': True, 'get_mime': True, 'get_attributes': True, 'checksum_algorithm': 'sha1'}}, 'failed': False, 'item': {'name': 'unitree_sdk2 go2 header', 'path': '/usr/local/include/unitree/idl/go2/MotorCmds_.hpp'}, 'ansible_loop_var': 'item'})[0m

TASK [Check apt package installation] ******************************************
[0;32mok: [g1_robot_060] => (item=build-essential)[0m
[0;32mok: [g1_robot_060] => (item=cmake)[0m
[0;32mok: [g1_robot_060] => (item=make)[0m
[0;32mok: [g1_robot_060] => (item=libeigen3-dev)[0m
[0;32mok: [g1_robot_060] => (item=libspdlog-dev)[0m
[0;32mok: [g1_robot_060] => (item=libfmt-dev)[0m
[0;32mok: [g1_robot_060] => (item=libboost-all-dev)[0m
[0;32mok: [g1_robot_060] => (item=libyaml-cpp-dev)[0m

TASK [Record apt package status] ***********************************************
[0;32mok: [g1_robot_060] => (item={'cmd': ['dpkg-query', '-W', '-f=${Status}', 'build-essential'], 'stdout': 'install ok installed', 'stderr': '', 'rc': 0, 'start': '2026-06-09 14:29:47.529083', 'end': '2026-06-09 14:29:47.569761', 'delta': '0:00:00.040678', 'changed': False, 'invocation': {'module_args': {'_raw_params': 'dpkg-query -W -f=${Status} build-essential', 'warn': True, '_uses_shell': False, 'stdin_add_newline': True, 'strip_empty_ends': True, 'argv': None, 'chdir': None, 'executable': None, 'creates': None, 'removes': None, 'stdin': None}}, 'stdout_lines': ['install ok installed'], 'stderr_lines': [], 'failed': False, 'failed_when_result': False, 'item': 'build-essential', 'ansible_loop_var': 'item'})[0m
[0;32mok: [g1_robot_060] => (item={'cmd': ['dpkg-query', '-W', '-f=${Status}', 'cmake'], 'stdout': 'install ok installed', 'stderr': '', 'rc': 0, 'start': '2026-06-09 14:29:47.769159', 'end': '2026-06-09 14:29:47.822743', 'delta': '0:00:00.053584', 'changed': False, 'invocation': {'module_args': {'_raw_params': 'dpkg-query -W -f=${Status} cmake', 'warn': True, '_uses_shell': False, 'stdin_add_newline': True, 'strip_empty_ends': True, 'argv': None, 'chdir': None, 'executable': None, 'creates': None, 'removes': None, 'stdin': None}}, 'stdout_lines': ['install ok installed'], 'stderr_lines': [], 'failed': False, 'failed_when_result': False, 'item': 'cmake', 'ansible_loop_var': 'item'})[0m
[0;32mok: [g1_robot_060] => (item={'cmd': ['dpkg-query', '-W', '-f=${Status}', 'make'], 'stdout': 'install ok installed', 'stderr': '', 'rc': 0, 'start': '2026-06-09 14:29:48.024061', 'end': '2026-06-09 14:29:48.078768', 'delta': '0:00:00.054707', 'changed': False, 'invocation': {'module_args': {'_raw_params': 'dpkg-query -W -f=${Status} make', 'warn': True, '_uses_shell': False, 'stdin_add_newline': True, 'strip_empty_ends': True, 'argv': None, 'chdir': None, 'executable': None, 'creates': None, 'removes': None, 'stdin': None}}, 'stdout_lines': ['install ok installed'], 'stderr_lines': [], 'failed': False, 'failed_when_result': False, 'item': 'make', 'ansible_loop_var': 'item'})[0m
[0;32mok: [g1_robot_060] => (item={'cmd': ['dpkg-query', '-W', '-f=${Status}', 'libeigen3-dev'], 'stdout': 'install ok installed', 'stderr': '', 'rc': 0, 'start': '2026-06-09 14:29:48.283099', 'end': '2026-06-09 14:29:48.325360', 'delta': '0:00:00.042261', 'changed': False, 'invocation': {'module_args': {'_raw_params': 'dpkg-query -W -f=${Status} libeigen3-dev', 'warn': True, '_uses_shell': False, 'stdin_add_newline': True, 'strip_empty_ends': True, 'argv': None, 'chdir': None, 'executable': None, 'creates': None, 'removes': None, 'stdin': None}}, 'stdout_lines': ['install ok installed'], 'stderr_lines': [], 'failed': False, 'failed_when_result': False, 'item': 'libeigen3-dev', 'ansible_loop_var': 'item'})[0m
[0;32mok: [g1_robot_060] => (item={'cmd': ['dpkg-query', '-W', '-f=${Status}', 'libspdlog-dev'], 'stdout': 'install ok installed', 'stderr': '', 'rc': 0, 'start': '2026-06-09 14:29:48.544450', 'end': '2026-06-09 14:29:48.597973', 'delta': '0:00:00.053523', 'changed': False, 'invocation': {'module_args': {'_raw_params': 'dpkg-query -W -f=${Status} libspdlog-dev', 'warn': True, '_uses_shell': False, 'stdin_add_newline': True, 'strip_empty_ends': True, 'argv': None, 'chdir': None, 'executable': None, 'creates': None, 'removes': None, 'stdin': None}}, 'stdout_lines': ['install ok installed'], 'stderr_lines': [], 'failed': False, 'failed_when_result': False, 'item': 'libspdlog-dev', 'ansible_loop_var': 'item'})[0m
[0;32mok: [g1_robot_060] => (item={'cmd': ['dpkg-query', '-W', '-f=${Status}', 'libfmt-dev'], 'stdout': 'install ok installed', 'stderr': '', 'rc': 0, 'start': '2026-06-09 14:29:48.798090', 'end': '2026-06-09 14:29:48.839709', 'delta': '0:00:00.041619', 'changed': False, 'invocation': {'module_args': {'_raw_params': 'dpkg-query -W -f=${Status} libfmt-dev', 'warn': True, '_uses_shell': False, 'stdin_add_newline': True, 'strip_empty_ends': True, 'argv': None, 'chdir': None, 'executable': None, 'creates': None, 'removes': None, 'stdin': None}}, 'stdout_lines': ['install ok installed'], 'stderr_lines': [], 'failed': False, 'failed_when_result': False, 'item': 'libfmt-dev', 'ansible_loop_var': 'item'})[0m
[0;32mok: [g1_robot_060] => (item={'cmd': ['dpkg-query', '-W', '-f=${Status}', 'libboost-all-dev'], 'stdout': 'install ok installed', 'stderr': '', 'rc': 0, 'start': '2026-06-09 14:29:49.044356', 'end': '2026-06-09 14:29:49.086271', 'delta': '0:00:00.041915', 'changed': False, 'invocation': {'module_args': {'_raw_params': 'dpkg-query -W -f=${Status} libboost-all-dev', 'warn': True, '_uses_shell': False, 'stdin_add_newline': True, 'strip_empty_ends': True, 'argv': None, 'chdir': None, 'executable': None, 'creates': None, 'removes': None, 'stdin': None}}, 'stdout_lines': ['install ok installed'], 'stderr_lines': [], 'failed': False, 'failed_when_result': False, 'item': 'libboost-all-dev', 'ansible_loop_var': 'item'})[0m
[0;32mok: [g1_robot_060] => (item={'cmd': ['dpkg-query', '-W', '-f=${Status}', 'libyaml-cpp-dev'], 'stdout': 'install ok installed', 'stderr': '', 'rc': 0, 'start': '2026-06-09 14:29:49.286657', 'end': '2026-06-09 14:29:49.328019', 'delta': '0:00:00.041362', 'changed': False, 'invocation': {'module_args': {'_raw_params': 'dpkg-query -W -f=${Status} libyaml-cpp-dev', 'warn': True, '_uses_shell': False, 'stdin_add_newline': True, 'strip_empty_ends': True, 'argv': None, 'chdir': None, 'executable': None, 'creates': None, 'removes': None, 'stdin': None}}, 'stdout_lines': ['install ok installed'], 'stderr_lines': [], 'failed': False, 'failed_when_result': False, 'item': 'libyaml-cpp-dev', 'ansible_loop_var': 'item'})[0m

TASK [Check remote image service binary] ***************************************
[0;32mok: [g1_robot_060][0m

TASK [Record remote image service binary status] *******************************
[0;32mok: [g1_robot_060][0m

TASK [Check remote_start systemd unit file] ************************************
[0;36mskipping: [g1_robot_060][0m

TASK [Check remote_start service enabled state] ********************************
[0;36mskipping: [g1_robot_060][0m

TASK [Check remote_start service active state] *********************************
[0;36mskipping: [g1_robot_060][0m

TASK [Record remote_start service status] **************************************
[0;36mskipping: [g1_robot_060][0m

TASK [Check camera udev rule file] *********************************************
[0;32mok: [g1_robot_060][0m

TASK [Record camera udev rule file status] *************************************
[0;32mok: [g1_robot_060][0m

TASK [Check camera device symlinks] ********************************************
[0;32mok: [g1_robot_060] => (item=/dev/cam_head)[0m
[0;32mok: [g1_robot_060] => (item=/dev/cam_wrist_left)[0m
[0;32mok: [g1_robot_060] => (item=/dev/cam_wrist_right)[0m

TASK [Record camera device symlink status] *************************************
[0;32mok: [g1_robot_060] => (item={'changed': False, 'stat': {'exists': False}, 'invocation': {'module_args': {'path': '/dev/cam_head', 'follow': False, 'get_md5': False, 'get_checksum': True, 'get_mime': True, 'get_attributes': True, 'checksum_algorithm': 'sha1'}}, 'failed': False, 'item': '/dev/cam_head', 'ansible_loop_var': 'item'})[0m
[0;32mok: [g1_robot_060] => (item={'changed': False, 'stat': {'exists': True, 'path': '/dev/cam_wrist_left', 'mode': '0777', 'isdir': False, 'ischr': False, 'isblk': False, 'isreg': False, 'isfifo': False, 'islnk': True, 'issock': False, 'uid': 0, 'gid': 0, 'size': 6, 'inode': 1484, 'dev': 5, 'nlink': 1, 'atime': 1780977304.373827, 'mtime': 1780977304.1658208, 'ctime': 1780977304.1658208, 'wusr': True, 'rusr': True, 'xusr': True, 'wgrp': True, 'rgrp': True, 'xgrp': True, 'woth': True, 'roth': True, 'xoth': True, 'isuid': False, 'isgid': False, 'blocks': 0, 'block_size': 4096, 'device_type': 0, 'readable': True, 'writeable': True, 'executable': False, 'lnk_source': '/dev/video8', 'lnk_target': 'video8', 'pw_name': 'root', 'gr_name': 'root', 'mimetype': 'inode/symlink', 'charset': 'binary', 'version': None, 'attributes': [], 'attr_flags': ''}, 'invocation': {'module_args': {'path': '/dev/cam_wrist_left', 'follow': False, 'get_md5': False, 'get_checksum': True, 'get_mime': True, 'get_attributes': True, 'checksum_algorithm': 'sha1'}}, 'failed': False, 'item': '/dev/cam_wrist_left', 'ansible_loop_var': 'item'})[0m
[0;32mok: [g1_robot_060] => (item={'changed': False, 'stat': {'exists': True, 'path': '/dev/cam_wrist_right', 'mode': '0777', 'isdir': False, 'ischr': False, 'isblk': False, 'isreg': False, 'isfifo': False, 'islnk': True, 'issock': False, 'uid': 0, 'gid': 0, 'size': 6, 'inode': 1380, 'dev': 5, 'nlink': 1, 'atime': 1780976699.2717495, 'mtime': 1780976676.6593418, 'ctime': 1780976676.6593418, 'wusr': True, 'rusr': True, 'xusr': True, 'wgrp': True, 'rgrp': True, 'xgrp': True, 'woth': True, 'roth': True, 'xoth': True, 'isuid': False, 'isgid': False, 'blocks': 0, 'block_size': 4096, 'device_type': 0, 'readable': True, 'writeable': True, 'executable': False, 'lnk_source': '/dev/video0', 'lnk_target': 'video0', 'pw_name': 'root', 'gr_name': 'root', 'mimetype': 'inode/symlink', 'charset': 'binary', 'version': None, 'attributes': [], 'attr_flags': ''}, 'invocation': {'module_args': {'path': '/dev/cam_wrist_right', 'follow': False, 'get_md5': False, 'get_checksum': True, 'get_mime': True, 'get_attributes': True, 'checksum_algorithm': 'sha1'}}, 'failed': False, 'item': '/dev/cam_wrist_right', 'ansible_loop_var': 'item'})[0m

TASK [Check cos_teleop camera journal] *****************************************
[0;32mok: [g1_robot_060][0m

TASK [Record cos_teleop camera journal status] *********************************
[0;32mok: [g1_robot_060][0m

TASK [Set dex1 paths] **********************************************************
[0;32mok: [g1_robot_060][0m

TASK [Check dex1 files] ********************************************************
[0;32mok: [g1_robot_060] => (item={'name': 'dex1 source directory', 'path': '/home/unitree/g1_setup/dex1_1_service'})[0m
[0;32mok: [g1_robot_060] => (item={'name': 'dex1 bin directory', 'path': '/home/unitree/g1_setup/dex1_1_service/bin'})[0m
[0;32mok: [g1_robot_060] => (item={'name': 'dex1 server binary', 'path': '/home/unitree/g1_setup/dex1_1_service/bin/dex1_1_gripper_server'})[0m
[0;32mok: [g1_robot_060] => (item={'name': 'dex1 test binary', 'path': '/home/unitree/g1_setup/dex1_1_service/bin/test_dex1_1_gripper_server'})[0m
[0;32mok: [g1_robot_060] => (item={'name': 'dex1 systemd unit file', 'path': '/etc/systemd/system/dex1_gripper.service'})[0m

TASK [Record dex1 file status] *************************************************
[0;32mok: [g1_robot_060] => (item={'changed': False, 'stat': {'exists': True, 'path': '/home/unitree/g1_setup/dex1_1_service', 'mode': '0700', 'isdir': True, 'ischr': False, 'isblk': False, 'isreg': False, 'isfifo': False, 'islnk': False, 'issock': False, 'uid': 1000, 'gid': 1000, 'size': 4096, 'inode': 8127066, 'dev': 66305, 'nlink': 7, 'atime': 1780977020.857225, 'mtime': 1779072687.4174497, 'ctime': 1779072687.4174497, 'wusr': True, 'rusr': True, 'xusr': True, 'wgrp': False, 'rgrp': False, 'xgrp': False, 'woth': False, 'roth': False, 'xoth': False, 'isuid': False, 'isgid': False, 'blocks': 8, 'block_size': 4096, 'device_type': 0, 'readable': True, 'writeable': True, 'executable': True, 'pw_name': 'unitree', 'gr_name': 'unitree', 'mimetype': 'inode/directory', 'charset': 'binary', 'version': '3240065018', 'attributes': ['extents'], 'attr_flags': 'e'}, 'invocation': {'module_args': {'path': '/home/unitree/g1_setup/dex1_1_service', 'follow': False, 'get_md5': False, 'get_checksum': True, 'get_mime': True, 'get_attributes': True, 'checksum_algorithm': 'sha1'}}, 'failed': False, 'item': {'name': 'dex1 source directory', 'path': '/home/unitree/g1_setup/dex1_1_service'}, 'ansible_loop_var': 'item'})[0m
[0;32mok: [g1_robot_060] => (item={'changed': False, 'stat': {'exists': True, 'path': '/home/unitree/g1_setup/dex1_1_service/bin', 'mode': '0700', 'isdir': True, 'ischr': False, 'isblk': False, 'isreg': False, 'isfifo': False, 'islnk': False, 'issock': False, 'uid': 1000, 'gid': 1000, 'size': 4096, 'inode': 8127075, 'dev': 66305, 'nlink': 2, 'atime': 1780984599.1985896, 'mtime': 1779072731.4986398, 'ctime': 1779072731.4986398, 'wusr': True, 'rusr': True, 'xusr': True, 'wgrp': False, 'rgrp': False, 'xgrp': False, 'woth': False, 'roth': False, 'xoth': False, 'isuid': False, 'isgid': False, 'blocks': 8, 'block_size': 4096, 'device_type': 0, 'readable': True, 'writeable': True, 'executable': True, 'pw_name': 'unitree', 'gr_name': 'unitree', 'mimetype': 'inode/directory', 'charset': 'binary', 'version': '1748877158', 'attributes': ['extents'], 'attr_flags': 'e'}, 'invocation': {'module_args': {'path': '/home/unitree/g1_setup/dex1_1_service/bin', 'follow': False, 'get_md5': False, 'get_checksum': True, 'get_mime': True, 'get_attributes': True, 'checksum_algorithm': 'sha1'}}, 'failed': False, 'item': {'name': 'dex1 bin directory', 'path': '/home/unitree/g1_setup/dex1_1_service/bin'}, 'ansible_loop_var': 'item'})[0m
[0;32mok: [g1_robot_060] => (item={'changed': False, 'stat': {'exists': True, 'path': '/home/unitree/g1_setup/dex1_1_service/bin/dex1_1_gripper_server', 'mode': '0755', 'isdir': False, 'ischr': False, 'isblk': False, 'isreg': True, 'isfifo': False, 'islnk': False, 'issock': False, 'uid': 1000, 'gid': 1000, 'size': 3715184, 'inode': 8127077, 'dev': 66305, 'nlink': 1, 'atime': 1780967234.497096, 'mtime': 1779072732.026654, 'ctime': 1780643355.2404194, 'wusr': True, 'rusr': True, 'xusr': True, 'wgrp': False, 'rgrp': True, 'xgrp': True, 'woth': False, 'roth': True, 'xoth': True, 'isuid': False, 'isgid': False, 'blocks': 7264, 'block_size': 4096, 'device_type': 0, 'readable': True, 'writeable': True, 'executable': True, 'pw_name': 'unitree', 'gr_name': 'unitree', 'checksum': 'eb93d7311939b62ea7b8d7d6ab7759ddb4a68acd', 'mimetype': 'application/x-sharedlib', 'charset': 'binary', 'version': '432725283', 'attributes': ['extents'], 'attr_flags': 'e'}, 'invocation': {'module_args': {'path': '/home/unitree/g1_setup/dex1_1_service/bin/dex1_1_gripper_server', 'follow': False, 'get_md5': False, 'get_checksum': True, 'get_mime': True, 'get_attributes': True, 'checksum_algorithm': 'sha1'}}, 'failed': False, 'item': {'name': 'dex1 server binary', 'path': '/home/unitree/g1_setup/dex1_1_service/bin/dex1_1_gripper_server'}, 'ansible_loop_var': 'item'})[0m
[0;32mok: [g1_robot_060] => (item={'changed': False, 'stat': {'exists': True, 'path': '/home/unitree/g1_setup/dex1_1_service/bin/test_dex1_1_gripper_server', 'mode': '0755', 'isdir': False, 'ischr': False, 'isblk': False, 'isreg': True, 'isfifo': False, 'islnk': False, 'issock': False, 'uid': 1000, 'gid': 1000, 'size': 3686232, 'inode': 8127078, 'dev': 66305, 'nlink': 1, 'atime': 1780984608.7188668, 'mtime': 1779072728.1985507, 'ctime': 1780643355.4484253, 'wusr': True, 'rusr': True, 'xusr': True, 'wgrp': False, 'rgrp': True, 'xgrp': True, 'woth': False, 'roth': True, 'xoth': True, 'isuid': False, 'isgid': False, 'blocks': 7200, 'block_size': 4096, 'device_type': 0, 'readable': True, 'writeable': True, 'executable': True, 'pw_name': 'unitree', 'gr_name': 'unitree', 'checksum': '9d87ca1ae8b3ea09cf006a809a499c1a571f875b', 'mimetype': 'application/x-sharedlib', 'charset': 'binary', 'version': '2168604959', 'attributes': ['extents'], 'attr_flags': 'e'}, 'invocation': {'module_args': {'path': '/home/unitree/g1_setup/dex1_1_service/bin/test_dex1_1_gripper_server', 'follow': False, 'get_md5': False, 'get_checksum': True, 'get_mime': True, 'get_attributes': True, 'checksum_algorithm': 'sha1'}}, 'failed': False, 'item': {'name': 'dex1 test binary', 'path': '/home/unitree/g1_setup/dex1_1_service/bin/test_dex1_1_gripper_server'}, 'ansible_loop_var': 'item'})[0m
[0;32mok: [g1_robot_060] => (item={'changed': False, 'stat': {'exists': True, 'path': '/etc/systemd/system/dex1_gripper.service', 'mode': '0644', 'isdir': False, 'ischr': False, 'isblk': False, 'isreg': True, 'isfifo': False, 'islnk': False, 'issock': False, 'uid': 0, 'gid': 0, 'size': 447, 'inode': 918141, 'dev': 66305, 'nlink': 1, 'atime': 1780986578.5204532, 'mtime': 1780986578.340448, 'ctime': 1780986578.340448, 'wusr': True, 'rusr': True, 'xusr': False, 'wgrp': False, 'rgrp': True, 'xgrp': False, 'woth': False, 'roth': True, 'xoth': False, 'isuid': False, 'isgid': False, 'blocks': 8, 'block_size': 4096, 'device_type': 0, 'readable': True, 'writeable': False, 'executable': False, 'pw_name': 'root', 'gr_name': 'root', 'checksum': 'fcd7783569a1d05e73eee86d6e38571723163f02', 'mimetype': 'text/plain', 'charset': 'us-ascii', 'version': '1856358996', 'attributes': ['extents'], 'attr_flags': 'e'}, 'invocation': {'module_args': {'path': '/etc/systemd/system/dex1_gripper.service', 'follow': False, 'get_md5': False, 'get_checksum': True, 'get_mime': True, 'get_attributes': True, 'checksum_algorithm': 'sha1'}}, 'failed': False, 'item': {'name': 'dex1 systemd unit file', 'path': '/etc/systemd/system/dex1_gripper.service'}, 'ansible_loop_var': 'item'})[0m

TASK [Check dex1 server binary executable bit] *********************************
[0;32mok: [g1_robot_060][0m

TASK [Record dex1 server executable status] ************************************
[0;32mok: [g1_robot_060][0m

TASK [Check dex1 dynamic library dependencies] *********************************
[0;32mok: [g1_robot_060][0m

TASK [Record dex1 dynamic library status] **************************************
[0;32mok: [g1_robot_060][0m

TASK [Check dex1 service enabled state] ****************************************
[0;32mok: [g1_robot_060][0m

TASK [Check dex1 service active state] *****************************************
[0;32mok: [g1_robot_060][0m

TASK [Initialize dex1 service recovery result] *********************************
[0;32mok: [g1_robot_060][0m

TASK [Restart dex1 service until active] ***************************************
[0;36mskipping: [g1_robot_060][0m

TASK [Recheck dex1 service active state after recovery] ************************
[0;36mskipping: [g1_robot_060][0m

TASK [Update dex1 service recovery result] *************************************
[0;36mskipping: [g1_robot_060][0m

TASK [Collect dex1 service status after failed recovery] ***********************
[0;36mskipping: [g1_robot_060][0m

TASK [Collect dex1 service journal after failed recovery] **********************
[0;36mskipping: [g1_robot_060][0m

TASK [Record dex1 service status] **********************************************
[0;32mok: [g1_robot_060][0m

TASK [Collect dex1 recent service journal] *************************************
[0;32mok: [g1_robot_060][0m

TASK [Detect dex1 service health issue] ****************************************
[0;32mok: [g1_robot_060][0m

TASK [Restart dex1 service after health issue] *********************************
[0;36mskipping: [g1_robot_060][0m

TASK [Collect dex1 recent service journal after health restart] ****************
[0;36mskipping: [g1_robot_060][0m

TASK [Record dex1 motor binding health] ****************************************
[0;32mok: [g1_robot_060][0m

TASK [Record dex1 service recovery install result] *****************************
[0;32mok: [g1_robot_060][0m

TASK [Check conflicting brainco service enabled state] *************************
[0;36mskipping: [g1_robot_060][0m

TASK [Check conflicting brainco service active state] **************************
[0;36mskipping: [g1_robot_060][0m

TASK [Record conflicting brainco service status] *******************************
[0;36mskipping: [g1_robot_060][0m

TASK [Set brainco paths] *******************************************************
[0;36mskipping: [g1_robot_060][0m

TASK [Check preferred brainco sdk library] *************************************
[0;36mskipping: [g1_robot_060][0m

TASK [Find brainco sdk library] ************************************************
[0;36mskipping: [g1_robot_060][0m

TASK [Set brainco sdk library path] ********************************************
[0;36mskipping: [g1_robot_060][0m

TASK [Check brainco files] *****************************************************
[0;36mskipping: [g1_robot_060][0m

TASK [Record brainco file status] **********************************************
[0;36mskipping: [g1_robot_060][0m

TASK [Check brainco server binary executable bit] ******************************
[0;36mskipping: [g1_robot_060][0m

TASK [Record brainco server executable status] *********************************
[0;36mskipping: [g1_robot_060][0m

TASK [Check brainco dynamic library dependencies] ******************************
[0;36mskipping: [g1_robot_060][0m

TASK [Record brainco dynamic library status] ***********************************
[0;36mskipping: [g1_robot_060][0m

TASK [Check brainco service enabled state] *************************************
[0;36mskipping: [g1_robot_060][0m

TASK [Check brainco service active state] **************************************
[0;36mskipping: [g1_robot_060][0m

TASK [Initialize brainco service recovery result] ******************************
[0;36mskipping: [g1_robot_060][0m

TASK [Restart brainco service until active] ************************************
[0;36mskipping: [g1_robot_060][0m

TASK [Recheck brainco service active state after recovery] *********************
[0;36mskipping: [g1_robot_060][0m

TASK [Update brainco service recovery result] **********************************
[0;36mskipping: [g1_robot_060][0m

TASK [Collect brainco service status after failed recovery] ********************
[0;36mskipping: [g1_robot_060][0m

TASK [Collect brainco service journal after failed recovery] *******************
[0;36mskipping: [g1_robot_060][0m

TASK [Record brainco service status] *******************************************
[0;36mskipping: [g1_robot_060][0m

TASK [Collect brainco recent service journal] **********************************
[0;36mskipping: [g1_robot_060][0m

TASK [Detect brainco service health issue] *************************************
[0;36mskipping: [g1_robot_060][0m

TASK [Restart brainco service after health issue] ******************************
[0;36mskipping: [g1_robot_060][0m

TASK [Collect brainco recent service journal after health restart] *************
[0;36mskipping: [g1_robot_060][0m

TASK [Record brainco hand binding health] **************************************
[0;36mskipping: [g1_robot_060][0m

TASK [Record brainco service recovery install result] **************************
[0;36mskipping: [g1_robot_060][0m

TASK [Check conflicting dex1 service enabled state] ****************************
[0;36mskipping: [g1_robot_060][0m

TASK [Check conflicting dex1 service active state] *****************************
[0;36mskipping: [g1_robot_060][0m

TASK [Record conflicting dex1 service status] **********************************
[0;36mskipping: [g1_robot_060][0m

TASK [Record skipped end effector checks] **************************************
[0;36mskipping: [g1_robot_060][0m

TASK [Record invalid end effector checks] **************************************
[0;36mskipping: [g1_robot_060][0m

TASK [Initialize enriched report check results] ********************************
[0;32mok: [g1_robot_060][0m

TASK [Add reason and suggestion to WARN and FAIL results] **********************
[0;32mok: [g1_robot_060] => (item={'name': 'g1_setup directory', 'status': 'OK', 'detail': '/home/unitree/g1_setup'})[0m
[0;32mok: [g1_robot_060] => (item={'name': 'unitree_sdk2 source', 'status': 'OK', 'detail': '/home/unitree/g1_setup/unitree_sdk2'})[0m
[0;32mok: [g1_robot_060] => (item={'name': 'Conda engine', 'status': 'OK', 'detail': '/home/unitree/miniconda3/bin/conda'})[0m
[0;32mok: [g1_robot_060] => (item={'name': 'conda env tv', 'status': 'OK', 'detail': '/home/unitree/miniconda3/envs/tv/bin/python'})[0m
[0;32mok: [g1_robot_060] => (item={'name': 'tv python version', 'status': 'OK', 'detail': 'Python 3.10.20', 'stdout': 'Python 3.10.20', 'stderr': '', 'reason': '', 'suggestion': ''})[0m
[0;32mok: [g1_robot_060] => (item={'name': 'Python cv2', 'status': 'OK', 'detail': 'import cv2', 'stdout': '', 'stderr': ''})[0m
[0;32mok: [g1_robot_060] => (item={'name': 'Python zmq', 'status': 'OK', 'detail': 'import zmq', 'stdout': '', 'stderr': ''})[0m
[0;32mok: [g1_robot_060] => (item={'name': 'Python logging_mp', 'status': 'OK', 'detail': 'import logging_mp', 'stdout': '', 'stderr': ''})[0m
[0;32mok: [g1_robot_060] => (item={'name': 'Python av', 'status': 'OK', 'detail': 'import av', 'stdout': '', 'stderr': ''})[0m
[0;32mok: [g1_robot_060] => (item={'name': 'Python numpy', 'status': 'OK', 'detail': 'import numpy', 'stdout': '', 'stderr': ''})[0m
[0;32mok: [g1_robot_060] => (item={'name': 'unitree_sdk2 library', 'status': 'OK', 'detail': '/usr/local/lib/libunitree_sdk2.a'})[0m
[0;32mok: [g1_robot_060] => (item={'name': 'unitree_sdk2 cmake config', 'status': 'OK', 'detail': '/usr/local/lib/cmake/unitree_sdk2/unitree_sdk2Config.cmake'})[0m
[0;32mok: [g1_robot_060] => (item={'name': 'unitree_sdk2 go2 header', 'status': 'OK', 'detail': '/usr/local/include/unitree/idl/go2/MotorCmds_.hpp'})[0m
[0;32mok: [g1_robot_060] => (item={'name': 'apt build-essential', 'status': 'OK', 'detail': 'build-essential'})[0m
[0;32mok: [g1_robot_060] => (item={'name': 'apt cmake', 'status': 'OK', 'detail': 'cmake'})[0m
[0;32mok: [g1_robot_060] => (item={'name': 'apt make', 'status': 'OK', 'detail': 'make'})[0m
[0;32mok: [g1_robot_060] => (item={'name': 'apt libeigen3-dev', 'status': 'OK', 'detail': 'libeigen3-dev'})[0m
[0;32mok: [g1_robot_060] => (item={'name': 'apt libspdlog-dev', 'status': 'OK', 'detail': 'libspdlog-dev'})[0m
[0;32mok: [g1_robot_060] => (item={'name': 'apt libfmt-dev', 'status': 'OK', 'detail': 'libfmt-dev'})[0m
[0;32mok: [g1_robot_060] => (item={'name': 'apt libboost-all-dev', 'status': 'OK', 'detail': 'libboost-all-dev'})[0m
[0;32mok: [g1_robot_060] => (item={'name': 'apt libyaml-cpp-dev', 'status': 'OK', 'detail': 'libyaml-cpp-dev'})[0m
[0;32mok: [g1_robot_060] => (item={'name': 'remote image binary', 'status': 'OK', 'detail': '/home/unitree/g1_setup/remote'})[0m
[0;32mok: [g1_robot_060] => (item={'name': 'camera udev rules', 'status': 'OK', 'detail': '/etc/udev/rules.d/99-usb-cameras.rules'})[0m
[0;32mok: [g1_robot_060] => (item={'name': '/dev/cam_head', 'status': 'WARN', 'detail': '/dev/cam_head'})[0m
[0;32mok: [g1_robot_060] => (item={'name': '/dev/cam_wrist_left', 'status': 'OK', 'detail': '/dev/cam_wrist_left'})[0m
[0;32mok: [g1_robot_060] => (item={'name': '/dev/cam_wrist_right', 'status': 'OK', 'detail': '/dev/cam_wrist_right'})[0m
[0;32mok: [g1_robot_060] => (item={'name': 'cos_teleop camera log', 'status': 'WARN', 'detail': '[teleop_server_node-1] [WARN] [1780986216.122954963] [teleop_server]: RealSense camera[0] frame wait timed out after 1000ms\n[teleop_server_node-1] [WARN] [1780986218.124031453] [teleop_server]: RealSense camera[0] frame wait timed out after 1000ms\n[teleop_server_node-1] [WARN] [1780986220.125259787] [teleop_server]: RealSense camera[0] frame wait timed out after 1000ms\n[teleop_server_node-1] [WARN] [1780986222.126486969] [teleop_server]: RealSense camera[0] frame wait timed out after 1000ms\n[teleop_server_node-1] [WARN] [1780986224.126877902] [teleop_server]: RealSense camera[0] frame wait timed out after 1000ms\n[teleop_server_node-1] [WARN] [1780986226.127294820] [teleop_server]: RealSense camera[0] frame wait timed out after 1000ms\n[teleop_server_node-1] [WARN] [1780986228.127734171] [teleop_server]: RealSense camera[0] frame wait timed out after 1000ms\n[teleop_server_node-1] [WARN] [1780986230.128146162] [teleop_server]: RealSense camera[0] frame wait timed out after 1000ms\n[teleop_server_node-1] [WARN] [1780986232.128601065] [teleop_server]: RealSense camera[0] frame wait timed out after 1000ms\n[teleop_server_node-1] [WARN] [1780986234.129094402] [teleop_server]: RealSense camera[0] frame wait timed out after 1000ms\n[teleop_server_node-1] [WARN] [1780986236.129745471] [teleop_server]: RealSense camera[0] frame wait timed out after 1000ms\n[teleop_server_node-1] [WARN] [1780986238.130146453] [teleop_server]: RealSense camera[0] frame wait timed out after 1000ms\n[teleop_server_node-1] [WARN] [1780986240.130575947] [teleop_server]: RealSense camera[0] frame wait timed out after 1000ms\n[teleop_server_node-1] [WARN] [1780986242.130999970] [teleop_server]: RealSense camera[0] frame wait timed out after 1000ms\n[teleop_server_node-1] [WARN] [1780986244.131413464] [teleop_server]: RealSense camera[0] frame wait timed out after 1000ms\n[teleop_server_node-1] [WARN] [1780986246.131806990] [teleop_server]: RealSense camera[0] frame wait timed out after 1000ms\n[teleop_server_node-1] [WARN] [1780986248.132206436] [teleop_server]: RealSense camera[0] frame wait timed out after 1000ms\n[teleop_server_node-1] [WARN] [1780986250.132636346] [teleop_server]: RealSense camera[0] frame wait timed out after 1000ms\n[teleop_server_node-1] [WARN] [1780986252.133039344] [teleop_server]: RealSense camera[0] frame wait timed out after 1000ms\n[teleop_server_node-1] [WARN] [1780986254.133462087] [teleop_server]: RealSense camera[0] frame wait timed out after 1000ms\n[teleop_server_node-1] [WARN] [1780986256.133854812] [teleop_server]: RealSense camera[0] frame wait timed out after 1000ms\n[teleop_server_node-1] [WARN] [1780986258.134255314] [teleop_server]: RealSense camera[0] frame wait timed out after 1000ms\n[teleop_server_node-1] [WARN] [1780986260.134776748] [teleop_server]: RealSense camera[0] frame wait timed out after 1000ms\n[teleop_server_node-1] [WARN] [1780986262.135171937] [teleop_server]: RealSense camera[0] frame wait timed out after 1000ms\n[teleop_server_node-1] [WARN] [1780986264.135555863] [teleop_server]: RealSense camera[0] frame wait timed out after 1000ms\n[teleop_server_node-1] [WARN] [1780986266.136047311] [teleop_server]: RealSense camera[0] frame wait timed out after 1000ms\n[teleop_server_node-1] [WARN] [1780986268.136465254] [teleop_server]: RealSense camera[0] frame wait timed out after 1000ms\n[teleop_server_node-1] [WARN] [1780986270.136868636] [teleop_server]: RealSense camera[0] frame wait timed out after 1000ms\n[teleop_server_node-1] [WARN] [1780986272.137282930] [teleop_server]: RealSense camera[0] frame wait timed out after 1000ms\n[teleop_server_node-1] [WARN] [1780986274.137727177] [teleop_server]: RealSense camera[0] frame wait timed out after 1000ms\n[teleop_server_node-1] [WARN] [1780986276.138115134] [teleop_server]: RealSense camera[0] frame wait timed out after 1000ms\n[teleop_server_node-1] [WARN] [1780986278.138535797] [teleop_server]: RealSense camera[0] frame wait timed out after 1000ms\n[teleop_server_node-1] [WARN] [1780986280.138952363] [teleop_server]: RealSense camera[0] frame wait timed out after 1000ms\n[teleop_server_node-1] [WARN] [1780986282.139437348] [teleop_server]: RealSense camera[0] frame wait timed out after 1000ms\n[teleop_server_node-1] [WARN] [1780986284.139849466] [teleop_server]: RealSense camera[0] frame wait timed out after 1000ms\n[teleop_server_node-1] [WARN] [1780986286.140305937] [teleop_server]: RealSense camera[0] frame wait timed out after 1000ms\n[teleop_server_node-1] [WARN] [1780986288.140767977] [teleop_server]: RealSense camera[0] frame wait timed out after 1000ms\n[teleop_server_node-1] [WARN] [1780986290.141183487] [teleop_server]: RealSense camera[0] frame wait timed out after 1000ms\n[teleop_server_node-1] [WARN] [1780986292.141580757] [teleop_server]: RealSense camera[0] frame wait timed out after 1000ms\n[teleop_server_node-1] [WARN] [1780986294.142042605] [teleop_server]: RealSense camera[0] frame wait timed out after 1000ms\n[teleop_server_node-1] [WARN] [1780986296.142445187] [teleop_server]: RealSense camera[0] frame wait timed out after 1000ms\n[teleop_server_node-1] [WARN] [1780986298.142837496] [teleop_server]: RealSense camera[0] frame wait timed out after 1000ms\n[teleop_server_node-1] [WARN] [1780986300.143202765] [teleop_server]: RealSense camera[0] frame wait timed out after 1000ms\n[teleop_server_node-1] [WARN] [1780986302.143595427] [teleop_server]: RealSense camera[0] frame wait timed out after 1000ms\n[teleop_server_node-1] [WARN] [1780986304.143981240] [teleop_server]: RealSense camera[0] frame wait timed out after 1000ms\n[teleop_server_node-1] [WARN] [1780986306.144334861] [teleop_server]: RealSense camera[0] frame wait timed out after 1000ms\n[teleop_server_node-1] [WARN] [1780986308.144736674] [teleop_server]: RealSense camera[0] frame wait timed out after 1000ms\n[teleop_server_node-1] [WARN] [1780986310.145109143] [teleop_server]: RealSense camera[0] frame wait timed out after 1000ms\n[teleop_server_node-1] [WARN] [1780986312.145598736] [teleop_server]: RealSense camera[0] frame wait timed out after 1000ms\n[teleop_server_node-1] [WARN] [1780986314.145963301] [teleop_server]: RealSense camera[0] frame wait timed out after 1000ms\n[teleop_server_node-1] [WARN] [1780986316.146383259] [teleop_server]: RealSense camera[0] frame wait timed out after 1000ms\n[teleop_server_node-1] [WARN] [1780986318.146786929] [teleop_server]: RealSense camera[0] frame wait timed out after 1000ms\n[teleop_server_node-1] [WARN] [1780986320.147165670] [teleop_server]: RealSense camera[0] frame wait timed out after 1000ms\n[teleop_server_node-1] [WARN] [1780986322.147537179] [teleop_server]: RealSense camera[0] frame wait timed out after 1000ms\n[teleop_server_node-1] [WARN] [1780986324.147936145] [teleop_server]: RealSense camera[0] frame wait timed out after 1000ms\n[teleop_server_node-1] [WARN] [1780986326.148310342] [teleop_server]: RealSense camera[0] frame wait timed out after 1000ms\n[teleop_server_node-1] [WARN] [1780986328.148697660] [teleop_server]: RealSense camera[0] frame wait timed out after 1000ms\n[teleop_server_node-1] [WARN] [1780986330.149103890] [teleop_server]: RealSense camera[0] frame wait timed out after 1000ms\n[teleop_server_node-1] [WARN] [1780986332.149487303] [teleop_server]: RealSense camera[0] frame wait timed out after 1000ms\n[teleop_server_node-1] [WARN] [1780986334.149919582] [teleop_server]: RealSense camera[0] frame wait timed out after 1000ms\n[teleop_server_node-1] [WARN] [1780986336.150305811] [teleop_server]: RealSense camera[0] frame wait timed out after 1000ms\n[teleop_server_node-1] [WARN] [1780986338.150689097] [teleop_server]: RealSense camera[0] frame wait timed out after 1000ms\n[teleop_server_node-1] [WARN] [1780986340.151199202] [teleop_server]: RealSense camera[0] frame wait timed out after 1000ms\n[teleop_server_node-1] [WARN] [1780986342.151722843] [teleop_server]: RealSense camera[0] frame wait timed out after 1000ms\n[teleop_server_node-1] [WARN] [1780986344.152114897] [teleop_server]: RealSense camera[0] frame wait timed out after 1000ms\n[teleop_server_node-1] [WARN] [1780986346.152514151] [teleop_server]: RealSense camera[0] frame wait timed out after 1000ms\n[teleop_server_node-1] [WARN] [1780986348.152971422] [teleop_server]: RealSense camera[0] frame wait timed out after 1000ms\n[teleop_server_node-1] [WARN] [1780986350.153372788] [teleop_server]: RealSense camera[0] frame wait timed out after 1000ms\n[teleop_server_node-1] [WARN] [1780986352.153798635] [teleop_server]: RealSense camera[0] frame wait timed out after 1000ms\n[teleop_server_node-1] [WARN] [1780986354.154190176] [teleop_server]: RealSense camera[0] frame wait timed out after 1000ms\n[teleop_server_node-1] [WARN] [1780986356.154577174] [teleop_server]: RealSense camera[0] frame wait timed out after 1000ms\n[teleop_server_node-1] [WARN] [1780986358.154956395] [teleop_server]: RealSense camera[0] frame wait timed out after 1000ms\n[teleop_server_node-1] [WARN] [1780986360.155362081] [teleop_server]: RealSense camera[0] frame wait timed out after 1000ms\n[teleop_server_node-1] [WARN] [1780986362.155755927] [teleop_server]: RealSense camera[0] frame wait timed out after 1000ms\n[teleop_server_node-1] [WARN] [1780986364.156139916] [teleop_server]: RealSense camera[0] frame wait timed out after 1000ms\n[teleop_server_node-1] [WARN] [1780986366.156543138] [teleop_server]: RealSense camera[0] frame wait timed out after 1000ms\n[teleop_server_node-1] [WARN] [1780986368.156948248] [teleop_server]: RealSense camera[0] frame wait timed out after 1000ms\n[teleop_server_node-1] [WARN] [1780986370.157357422] [teleop_server]: RealSense camera[0] frame wait timed out after 1000ms\n[teleop_server_node-1] [WARN] [1780986372.157784645] [teleop_server]: RealSense camera[0] frame wait timed out after 1000ms\n[teleop_server_node-1] [WARN] [1780986374.158194299] [teleop_server]: RealSense camera[0] frame wait timed out after 1000ms\n[teleop_server_node-1] [WARN] [1780986376.158594513] [teleop_server]: RealSense camera[0] frame wait timed out after 1000ms\n[teleop_server_node-1] [WARN] [1780986378.159009159] [teleop_server]: RealSense camera[0] frame wait timed out after 1000ms\n[teleop_server_node-1] [WARN] [1780986380.159404285] [teleop_server]: RealSense camera[0] frame wait timed out after 1000ms\n[teleop_server_node-1] [WARN] [1780986382.159795314] [teleop_server]: RealSense camera[0] frame wait timed out after 1000ms\n[teleop_server_node-1] [WARN] [1780986384.160190760] [teleop_server]: RealSense camera[0] frame wait timed out after 1000ms\n[teleop_server_node-1] [WARN] [1780986386.160581981] [teleop_server]: RealSense camera[0] frame wait timed out after 1000ms\n[teleop_server_node-1] [WARN] [1780986388.160977203] [teleop_server]: RealSense camera[0] frame wait timed out after 1000ms\n[teleop_server_node-1] [WARN] [1780986390.161375625] [teleop_server]: RealSense camera[0] frame wait timed out after 1000ms\n[teleop_server_node-1] [WARN] [1780986392.161777535] [teleop_server]: RealSense camera[0] frame wait timed out after 1000ms\n[teleop_server_node-1] [WARN] [1780986394.162170516] [teleop_server]: RealSense camera[0] frame wait timed out after 1000ms\n[teleop_server_node-1] [WARN] [1780986396.162589483] [teleop_server]: RealSense camera[0] frame wait timed out after 1000ms\n[teleop_server_node-1] [WARN] [1780986398.162988737] [teleop_server]: RealSense camera[0] frame wait timed out after 1000ms\n[teleop_server_node-1] [WARN] [1780986400.163396407] [teleop_server]: RealSense camera[0] frame wait timed out after 1000ms\n[teleop_server_node-1] [WARN] [1780986402.163787980] [teleop_server]: RealSense camera[0] frame wait timed out after 1000ms\n[teleop_server_node-1] [WARN] [1780986404.164191490] [teleop_server]: RealSense camera[0] frame wait timed out after 1000ms\n[teleop_server_node-1] [WARN] [1780986406.164587768] [teleop_server]: RealSense camera[0] frame wait timed out after 1000ms\n[teleop_server_node-1] [WARN] [1780986408.164980590] [teleop_server]: RealSense camera[0] frame wait timed out after 1000ms\n[teleop_server_node-1] [WARN] [1780986410.165370083] [teleop_server]: RealSense camera[0] frame wait timed out after 1000ms\n[teleop_server_node-1] [WARN] [1780986412.165792986] [teleop_server]: RealSense camera[0] frame wait timed out after 1000ms\n[teleop_server_node-1] [WARN] [1780986414.166187695] [teleop_server]: RealSense camera[0] frame wait timed out after 1000ms\n[teleop_server_node-1] [WARN] [1780986416.166603462] [teleop_server]: RealSense camera[0] frame wait timed out after 1000ms\n[teleop_server_node-1] [WARN] [1780986418.167009756] [teleop_server]: RealSense camera[0] frame wait timed out after 1000ms\n[teleop_server_node-1] [WARN] [1780986420.167413074] [teleop_server]: RealSense camera[0] frame wait timed out after 1000ms\n[teleop_server_node-1] [WARN] [1780986422.167902250] [teleop_server]: RealSense camera[0] frame wait timed out after 1000ms\n[teleop_server_node-1] [WARN] [1780986424.168298624] [teleop_server]: RealSense camera[0] frame wait timed out after 1000ms\n[teleop_server_node-1] [WARN] [1780986426.168713238] [teleop_server]: RealSense camera[0] frame wait timed out after 1000ms\n[teleop_server_node-1] [WARN] [1780986428.169104364] [teleop_server]: RealSense camera[0] frame wait timed out after 1000ms\n[teleop_server_node-1] [WARN] [1780986430.169449216] [teleop_server]: RealSense camera[0] frame wait timed out after 1000ms\n[teleop_server_node-1] [WARN] [1780986432.169849366] [teleop_server]: RealSense camera[0] frame wait timed out after 1000ms\n[teleop_server_node-1] [WARN] [1780986434.170237963] [teleop_server]: RealSense camera[0] frame wait timed out after 1000ms\n[teleop_server_node-1] [WARN] [1780986436.170660770] [teleop_server]: RealSense camera[0] frame wait timed out after 1000ms\n[teleop_server_node-1] [WARN] [1780986438.170999798] [teleop_server]: RealSense camera[0] frame wait timed out after 1000ms\n[teleop_server_node-1] [WARN] [1780986440.171395756] [teleop_server]: RealSense camera[0] frame wait timed out after 1000ms\n[teleop_server_node-1] [WARN] [1780986442.171783649] [teleop_server]: RealSense camera[0] frame wait timed out after 1000ms\n[teleop_server_node-1] [WARN] [1780986444.172163094] [teleop_server]: RealSense camera[0] frame wait timed out after 1000ms\n[teleop_server_node-1] [WARN] [1780986446.172570028] [teleop_server]: RealSense camera[0] frame wait timed out after 1000ms\n[teleop_server_node-1] [WARN] [1780986448.172965250] [teleop_server]: RealSense camera[0] frame wait timed out after 1000ms\n[teleop_server_node-1] [WARN] [1780986450.173357656] [teleop_server]: RealSense camera[0] frame wait timed out after 1000ms\n[teleop_server_node-1] [WARN] [1780986452.173804431] [teleop_server]: RealSense camera[0] frame wait timed out after 1000ms\n[teleop_server_node-1] [WARN] [1780986454.174200645] [teleop_server]: RealSense camera[0] frame wait timed out after 1000ms\n[teleop_server_node-1] [WARN] [1780986456.174601434] [teleop_server]: RealSense camera[0] frame wait timed out after 1000ms\n[teleop_server_node-1] [WARN] [1780986458.175010705] [teleop_server]: RealSense camera[0] frame wait timed out after 1000ms\n[teleop_server_node-1] [WARN] [1780986460.175454792] [teleop_server]: RealSense camera[0] frame wait timed out after 1000ms\n[teleop_server_node-1] [WARN] [1780986462.175861662] [teleop_server]: RealSense camera[0] frame wait timed out after 1000ms\n[teleop_server_node-1] [WARN] [1780986464.176230291] [teleop_server]: RealSense camera[0] frame wait timed out after 1000ms\n[teleop_server_node-1] [WARN] [1780986466.176648201] [teleop_server]: RealSense camera[0] frame wait timed out after 1000ms\n[teleop_server_node-1] [WARN] [1780986468.177068031] [teleop_server]: RealSense camera[0] frame wait timed out after 1000ms\n[teleop_server_node-1] [WARN] [1780986470.177473333] [teleop_server]: RealSense camera[0] frame wait timed out after 1000ms\n[teleop_server_node-1] [WARN] [1780986472.177884492] [teleop_server]: RealSense camera[0] frame wait timed out after 1000ms\n[teleop_server_node-1] [WARN] [1780986474.178300066] [teleop_server]: RealSense camera[0] frame wait timed out after 1000ms\n[teleop_server_node-1] [WARN] [1780986476.178752249] [teleop_server]: RealSense camera[0] frame wait timed out after 1000ms\n[teleop_server_node-1] [WARN] [1780986478.179147439] [teleop_server]: RealSense camera[0] frame wait timed out after 1000ms\n[teleop_server_node-1] [WARN] [1780986480.179552517] [teleop_server]: RealSense camera[0] frame wait timed out after 1000ms\n[teleop_server_node-1] [WARN] [1780986482.179950875] [teleop_server]: RealSense camera[0] frame wait timed out after 1000ms\n[teleop_server_node-1] [WARN] [1780986484.180351377] [teleop_server]: RealSense camera[0] frame wait timed out after 1000ms\n[teleop_server_node-1] [WARN] [1780986486.180754727] [teleop_server]: RealSense camera[0] frame wait timed out after 1000ms\n[teleop_server_node-1] [WARN] [1780986488.181148252] [teleop_server]: RealSense camera[0] frame wait timed out after 1000ms\n[teleop_server_node-1] [WARN] [1780986490.181546898] [teleop_server]: RealSense camera[0] frame wait timed out after 1000ms\n[teleop_server_node-1] [WARN] [1780986492.181965096] [teleop_server]: RealSense camera[0] frame wait timed out after 1000ms\n[teleop_server_node-1] [WARN] [1780986494.182359582] [teleop_server]: RealSense camera[0] frame wait timed out after 1000ms\n[teleop_server_node-1] [WARN] [1780986496.182756756] [teleop_server]: RealSense camera[0] frame wait timed out after 1000ms\n[teleop_server_node-1] [WARN] [1780986498.183145001] [teleop_server]: RealSense camera[0] frame wait timed out after 1000ms\n[teleop_server_node-1] [WARN] [1780986500.183531071] [teleop_server]: RealSense camera[0] frame wait timed out after 1000ms\n[teleop_server_node-1] [WARN] [1780986502.183916052] [teleop_server]: RealSense camera[0] frame wait timed out after 1000ms\n[teleop_server_node-1] [WARN] [1780986504.184408461] [teleop_server]: RealSense camera[0] frame wait timed out after 1000ms\n[teleop_server_node-1] [WARN] [1780986506.184827875] [teleop_server]: RealSense camera[0] frame wait timed out after 1000ms\n[teleop_server_node-1] [WARN] [1780986508.185228249] [teleop_server]: RealSense camera[0] frame wait timed out after 1000ms\n[teleop_server_node-1] [WARN] [1780986510.185654768] [teleop_server]: RealSense camera[0] frame wait timed out after 1000ms\n[teleop_server_node-1] [WARN] [1780986512.186039909] [teleop_server]: RealSense camera[0] frame wait timed out after 1000ms\n[teleop_server_node-1] [WARN] [1780986514.186438907] [teleop_server]: RealSense camera[0] frame wait timed out after 1000ms\n[teleop_server_node-1] [WARN] [1780986516.186834896] [teleop_server]: RealSense camera[0] frame wait timed out after 1000ms\n[teleop_server_node-1] [WARN] [1780986518.187247623] [teleop_server]: RealSense camera[0] frame wait timed out after 1000ms\n[teleop_server_node-1] [WARN] [1780986520.187663261] [teleop_server]: RealSense camera[0] frame wait timed out after 1000ms\n[teleop_server_node-1] [WARN] [1780986522.188026098] [teleop_server]: RealSense camera[0] frame wait timed out after 1000ms\n[teleop_server_node-1] [WARN] [1780986524.188411783] [teleop_server]: RealSense camera[0] frame wait timed out after 1000ms\n[teleop_server_node-1] [WARN] [1780986526.188794204] [teleop_server]: RealSense camera[0] frame wait timed out after 1000ms\n[teleop_server_node-1] [WARN] [1780986528.189203379] [teleop_server]: RealSense camera[0] frame wait timed out after 1000ms\n[teleop_server_node-1] [WARN] [1780986530.189570951] [teleop_server]: RealSense camera[0] frame wait timed out after 1000ms\n[teleop_server_node-1] [WARN] [1780986532.189966237] [teleop_server]: RealSense camera[0] frame wait timed out after 1000ms\n[teleop_server_node-1] [WARN] [1780986534.190333138] [teleop_server]: RealSense camera[0] frame wait timed out after 1000ms\n[teleop_server_node-1] [WARN] [1780986536.190724072] [teleop_server]: RealSense camera[0] frame wait timed out after 1000ms\n[teleop_server_node-1] [WARN] [1780986538.191118429] [teleop_server]: RealSense camera[0] frame wait timed out after 1000ms\n[teleop_server_node-1] [WARN] [1780986540.191500467] [teleop_server]: RealSense camera[0] frame wait timed out after 1000ms\n[teleop_server_node-1] [WARN] [1780986542.191905001] [teleop_server]: RealSense camera[0] frame wait timed out after 1000ms\n[teleop_server_node-1] [WARN] [1780986544.192279582] [teleop_server]: RealSense camera[0] frame wait timed out after 1000ms\n[teleop_server_node-1] [WARN] [1780986546.192653843] [teleop_server]: RealSense camera[0] frame wait timed out after 1000ms\n[teleop_server_node-1] [WARN] [1780986548.193028008] [teleop_server]: RealSense camera[0] frame wait timed out after 1000ms\n[teleop_server_node-1] [WARN] [1780986550.193399037] [teleop_server]: RealSense camera[0] frame wait timed out after 1000ms\n[teleop_server_node-1] [WARN] [1780986552.193801267] [teleop_server]: RealSense camera[0] frame wait timed out after 1000ms\n[teleop_server_node-1] [WARN] [1780986554.194207721] [teleop_server]: RealSense camera[0] frame wait timed out after 1000ms\n[teleop_server_node-1] [WARN] [1780986556.194606047] [teleop_server]: RealSense camera[0] frame wait timed out after 1000ms\n[teleop_server_node-1] [WARN] [1780986558.195023765] [teleop_server]: RealSense camera[0] frame wait timed out after 1000ms\n[teleop_server_node-1] [WARN] [1780986560.195430763] [teleop_server]: RealSense camera[0] frame wait timed out after 1000ms\n[teleop_server_node-1] [WARN] [1780986562.195833889] [teleop_server]: RealSense camera[0] frame wait timed out after 1000ms\n[teleop_server_node-1] [WARN] [1780986564.196211255] [teleop_server]: RealSense camera[0] frame wait timed out after 1000ms\n[teleop_server_node-1] [WARN] [1780986566.196592012] [teleop_server]: RealSense camera[0] frame wait timed out after 1000ms\n[teleop_server_node-1] [WARN] [1780986568.196973250] [teleop_server]: RealSense camera[0] frame wait timed out after 1000ms\n[teleop_server_node-1] [WARN] [1780986570.197288853] [teleop_server]: RealSense camera[0] frame wait timed out after 1000ms\n[teleop_server_node-1] [WARN] [1780986572.197610696] [teleop_server]: RealSense camera[0] frame wait timed out after 1000ms\n[teleop_server_node-1] [WARN] [1780986574.197949500] [teleop_server]: RealSense camera[0] frame wait timed out after 1000ms\n[teleop_server_node-1] [WARN] [1780986576.198276400] [teleop_server]: RealSense camera[0] frame wait timed out after 1000ms\n[teleop_server_node-1] [WARN] [1780986578.198595396] [teleop_server]: RealSense camera[0] frame wait timed out after 1000ms\n[teleop_server_node-1] [WARN] [1780986580.198938552] [teleop_server]: RealSense camera[0] frame wait timed out after 1000ms\n[teleop_server_node-1] [WARN] [1780986582.199349070] [teleop_server]: RealSense camera[0] frame wait timed out after 1000ms\n[teleop_server_node-1] [WARN] [1780986584.199679554] [teleop_server]: RealSense camera[0] frame wait timed out after 1000ms\n[teleop_server_node-1] [WARN] [1780986586.200094744] [teleop_server]: RealSense camera[0] frame wait timed out after 1000ms\n[teleop_server_node-1] [WARN] [1780986588.200424396] [teleop_server]: RealSense camera[0] frame wait timed out after 1000ms\n[teleop_server_node-1] [WARN] [1780986590.200775968] [teleop_server]: RealSense camera[0] frame wait timed out after 1000ms', 'stdout': '[teleop_server_node-1] [WARN] [1780986216.122954963] [teleop_server]: RealSense camera[0] frame wait timed out after 1000ms\n[teleop_server_node-1] [WARN] [1780986218.124031453] [teleop_server]: RealSense camera[0] frame wait timed out after 1000ms\n[teleop_server_node-1] [WARN] [1780986220.125259787] [teleop_server]: RealSense camera[0] frame wait timed out after 1000ms\n[teleop_server_node-1] [WARN] [1780986222.126486969] [teleop_server]: RealSense camera[0] frame wait timed out after 1000ms\n[teleop_server_node-1] [WARN] [1780986224.126877902] [teleop_server]: RealSense camera[0] frame wait timed out after 1000ms\n[teleop_server_node-1] [WARN] [1780986226.127294820] [teleop_server]: RealSense camera[0] frame wait timed out after 1000ms\n[teleop_server_node-1] [WARN] [1780986228.127734171] [teleop_server]: RealSense camera[0] frame wait timed out after 1000ms\n[teleop_server_node-1] [WARN] [1780986230.128146162] [teleop_server]: RealSense camera[0] frame wait timed out after 1000ms\n[teleop_server_node-1] [WARN] [1780986232.128601065] [teleop_server]: RealSense camera[0] frame wait timed out after 1000ms\n[teleop_server_node-1] [WARN] [1780986234.129094402] [teleop_server]: RealSense camera[0] frame wait timed out after 1000ms\n[teleop_server_node-1] [WARN] [1780986236.129745471] [teleop_server]: RealSense camera[0] frame wait timed out after 1000ms\n[teleop_server_node-1] [WARN] [1780986238.130146453] [teleop_server]: RealSense camera[0] frame wait timed out after 1000ms\n[teleop_server_node-1] [WARN] [1780986240.130575947] [teleop_server]: RealSense camera[0] frame wait timed out after 1000ms\n[teleop_server_node-1] [WARN] [1780986242.130999970] [teleop_server]: RealSense camera[0] frame wait timed out after 1000ms\n[teleop_server_node-1] [WARN] [1780986244.131413464] [teleop_server]: RealSense camera[0] frame wait timed out after 1000ms\n[teleop_server_node-1] [WARN] [1780986246.131806990] [teleop_server]: RealSense camera[0] frame wait timed out after 1000ms\n[teleop_server_node-1] [WARN] [1780986248.132206436] [teleop_server]: RealSense camera[0] frame wait timed out after 1000ms\n[teleop_server_node-1] [WARN] [1780986250.132636346] [teleop_server]: RealSense camera[0] frame wait timed out after 1000ms\n[teleop_server_node-1] [WARN] [1780986252.133039344] [teleop_server]: RealSense camera[0] frame wait timed out after 1000ms\n[teleop_server_node-1] [WARN] [1780986254.133462087] [teleop_server]: RealSense camera[0] frame wait timed out after 1000ms\n[teleop_server_node-1] [WARN] [1780986256.133854812] [teleop_server]: RealSense camera[0] frame wait timed out after 1000ms\n[teleop_server_node-1] [WARN] [1780986258.134255314] [teleop_server]: RealSense camera[0] frame wait timed out after 1000ms\n[teleop_server_node-1] [WARN] [1780986260.134776748] [teleop_server]: RealSense camera[0] frame wait timed out after 1000ms\n[teleop_server_node-1] [WARN] [1780986262.135171937] [teleop_server]: RealSense camera[0] frame wait timed out after 1000ms\n[teleop_server_node-1] [WARN] [1780986264.135555863] [teleop_server]: RealSense camera[0] frame wait timed out after 1000ms\n[teleop_server_node-1] [WARN] [1780986266.136047311] [teleop_server]: RealSense camera[0] frame wait timed out after 1000ms\n[teleop_server_node-1] [WARN] [1780986268.136465254] [teleop_server]: RealSense camera[0] frame wait timed out after 1000ms\n[teleop_server_node-1] [WARN] [1780986270.136868636] [teleop_server]: RealSense camera[0] frame wait timed out after 1000ms\n[teleop_server_node-1] [WARN] [1780986272.137282930] [teleop_server]: RealSense camera[0] frame wait timed out after 1000ms\n[teleop_server_node-1] [WARN] [1780986274.137727177] [teleop_server]: RealSense camera[0] frame wait timed out after 1000ms\n[teleop_server_node-1] [WARN] [1780986276.138115134] [teleop_server]: RealSense camera[0] frame wait timed out after 1000ms\n[teleop_server_node-1] [WARN] [1780986278.138535797] [teleop_server]: RealSense camera[0] frame wait timed out after 1000ms\n[teleop_server_node-1] [WARN] [1780986280.138952363] [teleop_server]: RealSense camera[0] frame wait timed out after 1000ms\n[teleop_server_node-1] [WARN] [1780986282.139437348] [teleop_server]: RealSense camera[0] frame wait timed out after 1000ms\n[teleop_server_node-1] [WARN] [1780986284.139849466] [teleop_server]: RealSense camera[0] frame wait timed out after 1000ms\n[teleop_server_node-1] [WARN] [1780986286.140305937] [teleop_server]: RealSense camera[0] frame wait timed out after 1000ms\n[teleop_server_node-1] [WARN] [1780986288.140767977] [teleop_server]: RealSense camera[0] frame wait timed out after 1000ms\n[teleop_server_node-1] [WARN] [1780986290.141183487] [teleop_server]: RealSense camera[0] frame wait timed out after 1000ms\n[teleop_server_node-1] [WARN] [1780986292.141580757] [teleop_server]: RealSense camera[0] frame wait timed out after 1000ms\n[teleop_server_node-1] [WARN] [1780986294.142042605] [teleop_server]: RealSense camera[0] frame wait timed out after 1000ms\n[teleop_server_node-1] [WARN] [1780986296.142445187] [teleop_server]: RealSense camera[0] frame wait timed out after 1000ms\n[teleop_server_node-1] [WARN] [1780986298.142837496] [teleop_server]: RealSense camera[0] frame wait timed out after 1000ms\n[teleop_server_node-1] [WARN] [1780986300.143202765] [teleop_server]: RealSense camera[0] frame wait timed out after 1000ms\n[teleop_server_node-1] [WARN] [1780986302.143595427] [teleop_server]: RealSense camera[0] frame wait timed out after 1000ms\n[teleop_server_node-1] [WARN] [1780986304.143981240] [teleop_server]: RealSense camera[0] frame wait timed out after 1000ms\n[teleop_server_node-1] [WARN] [1780986306.144334861] [teleop_server]: RealSense camera[0] frame wait timed out after 1000ms\n[teleop_server_node-1] [WARN] [1780986308.144736674] [teleop_server]: RealSense camera[0] frame wait timed out after 1000ms\n[teleop_server_node-1] [WARN] [1780986310.145109143] [teleop_server]: RealSense camera[0] frame wait timed out after 1000ms\n[teleop_server_node-1] [WARN] [1780986312.145598736] [teleop_server]: RealSense camera[0] frame wait timed out after 1000ms\n[teleop_server_node-1] [WARN] [1780986314.145963301] [teleop_server]: RealSense camera[0] frame wait timed out after 1000ms\n[teleop_server_node-1] [WARN] [1780986316.146383259] [teleop_server]: RealSense camera[0] frame wait timed out after 1000ms\n[teleop_server_node-1] [WARN] [1780986318.146786929] [teleop_server]: RealSense camera[0] frame wait timed out after 1000ms\n[teleop_server_node-1] [WARN] [1780986320.147165670] [teleop_server]: RealSense camera[0] frame wait timed out after 1000ms\n[teleop_server_node-1] [WARN] [1780986322.147537179] [teleop_server]: RealSense camera[0] frame wait timed out after 1000ms\n[teleop_server_node-1] [WARN] [1780986324.147936145] [teleop_server]: RealSense camera[0] frame wait timed out after 1000ms\n[teleop_server_node-1] [WARN] [1780986326.148310342] [teleop_server]: RealSense camera[0] frame wait timed out after 1000ms\n[teleop_server_node-1] [WARN] [1780986328.148697660] [teleop_server]: RealSense camera[0] frame wait timed out after 1000ms\n[teleop_server_node-1] [WARN] [1780986330.149103890] [teleop_server]: RealSense camera[0] frame wait timed out after 1000ms\n[teleop_server_node-1] [WARN] [1780986332.149487303] [teleop_server]: RealSense camera[0] frame wait timed out after 1000ms\n[teleop_server_node-1] [WARN] [1780986334.149919582] [teleop_server]: RealSense camera[0] frame wait timed out after 1000ms\n[teleop_server_node-1] [WARN] [1780986336.150305811] [teleop_server]: RealSense camera[0] frame wait timed out after 1000ms\n[teleop_server_node-1] [WARN] [1780986338.150689097] [teleop_server]: RealSense camera[0] frame wait timed out after 1000ms\n[teleop_server_node-1] [WARN] [1780986340.151199202] [teleop_server]: RealSense camera[0] frame wait timed out after 1000ms\n[teleop_server_node-1] [WARN] [1780986342.151722843] [teleop_server]: RealSense camera[0] frame wait timed out after 1000ms\n[teleop_server_node-1] [WARN] [1780986344.152114897] [teleop_server]: RealSense camera[0] frame wait timed out after 1000ms\n[teleop_server_node-1] [WARN] [1780986346.152514151] [teleop_server]: RealSense camera[0] frame wait timed out after 1000ms\n[teleop_server_node-1] [WARN] [1780986348.152971422] [teleop_server]: RealSense camera[0] frame wait timed out after 1000ms\n[teleop_server_node-1] [WARN] [1780986350.153372788] [teleop_server]: RealSense camera[0] frame wait timed out after 1000ms\n[teleop_server_node-1] [WARN] [1780986352.153798635] [teleop_server]: RealSense camera[0] frame wait timed out after 1000ms\n[teleop_server_node-1] [WARN] [1780986354.154190176] [teleop_server]: RealSense camera[0] frame wait timed out after 1000ms\n[teleop_server_node-1] [WARN] [1780986356.154577174] [teleop_server]: RealSense camera[0] frame wait timed out after 1000ms\n[teleop_server_node-1] [WARN] [1780986358.154956395] [teleop_server]: RealSense camera[0] frame wait timed out after 1000ms\n[teleop_server_node-1] [WARN] [1780986360.155362081] [teleop_server]: RealSense camera[0] frame wait timed out after 1000ms\n[teleop_server_node-1] [WARN] [1780986362.155755927] [teleop_server]: RealSense camera[0] frame wait timed out after 1000ms\n[teleop_server_node-1] [WARN] [1780986364.156139916] [teleop_server]: RealSense camera[0] frame wait timed out after 1000ms\n[teleop_server_node-1] [WARN] [1780986366.156543138] [teleop_server]: RealSense camera[0] frame wait timed out after 1000ms\n[teleop_server_node-1] [WARN] [1780986368.156948248] [teleop_server]: RealSense camera[0] frame wait timed out after 1000ms\n[teleop_server_node-1] [WARN] [1780986370.157357422] [teleop_server]: RealSense camera[0] frame wait timed out after 1000ms\n[teleop_server_node-1] [WARN] [1780986372.157784645] [teleop_server]: RealSense camera[0] frame wait timed out after 1000ms\n[teleop_server_node-1] [WARN] [1780986374.158194299] [teleop_server]: RealSense camera[0] frame wait timed out after 1000ms\n[teleop_server_node-1] [WARN] [1780986376.158594513] [teleop_server]: RealSense camera[0] frame wait timed out after 1000ms\n[teleop_server_node-1] [WARN] [1780986378.159009159] [teleop_server]: RealSense camera[0] frame wait timed out after 1000ms\n[teleop_server_node-1] [WARN] [1780986380.159404285] [teleop_server]: RealSense camera[0] frame wait timed out after 1000ms\n[teleop_server_node-1] [WARN] [1780986382.159795314] [teleop_server]: RealSense camera[0] frame wait timed out after 1000ms\n[teleop_server_node-1] [WARN] [1780986384.160190760] [teleop_server]: RealSense camera[0] frame wait timed out after 1000ms\n[teleop_server_node-1] [WARN] [1780986386.160581981] [teleop_server]: RealSense camera[0] frame wait timed out after 1000ms\n[teleop_server_node-1] [WARN] [1780986388.160977203] [teleop_server]: RealSense camera[0] frame wait timed out after 1000ms\n[teleop_server_node-1] [WARN] [1780986390.161375625] [teleop_server]: RealSense camera[0] frame wait timed out after 1000ms\n[teleop_server_node-1] [WARN] [1780986392.161777535] [teleop_server]: RealSense camera[0] frame wait timed out after 1000ms\n[teleop_server_node-1] [WARN] [1780986394.162170516] [teleop_server]: RealSense camera[0] frame wait timed out after 1000ms\n[teleop_server_node-1] [WARN] [1780986396.162589483] [teleop_server]: RealSense camera[0] frame wait timed out after 1000ms\n[teleop_server_node-1] [WARN] [1780986398.162988737] [teleop_server]: RealSense camera[0] frame wait timed out after 1000ms\n[teleop_server_node-1] [WARN] [1780986400.163396407] [teleop_server]: RealSense camera[0] frame wait timed out after 1000ms\n[teleop_server_node-1] [WARN] [1780986402.163787980] [teleop_server]: RealSense camera[0] frame wait timed out after 1000ms\n[teleop_server_node-1] [WARN] [1780986404.164191490] [teleop_server]: RealSense camera[0] frame wait timed out after 1000ms\n[teleop_server_node-1] [WARN] [1780986406.164587768] [teleop_server]: RealSense camera[0] frame wait timed out after 1000ms\n[teleop_server_node-1] [WARN] [1780986408.164980590] [teleop_server]: RealSense camera[0] frame wait timed out after 1000ms\n[teleop_server_node-1] [WARN] [1780986410.165370083] [teleop_server]: RealSense camera[0] frame wait timed out after 1000ms\n[teleop_server_node-1] [WARN] [1780986412.165792986] [teleop_server]: RealSense camera[0] frame wait timed out after 1000ms\n[teleop_server_node-1] [WARN] [1780986414.166187695] [teleop_server]: RealSense camera[0] frame wait timed out after 1000ms\n[teleop_server_node-1] [WARN] [1780986416.166603462] [teleop_server]: RealSense camera[0] frame wait timed out after 1000ms\n[teleop_server_node-1] [WARN] [1780986418.167009756] [teleop_server]: RealSense camera[0] frame wait timed out after 1000ms\n[teleop_server_node-1] [WARN] [1780986420.167413074] [teleop_server]: RealSense camera[0] frame wait timed out after 1000ms\n[teleop_server_node-1] [WARN] [1780986422.167902250] [teleop_server]: RealSense camera[0] frame wait timed out after 1000ms\n[teleop_server_node-1] [WARN] [1780986424.168298624] [teleop_server]: RealSense camera[0] frame wait timed out after 1000ms\n[teleop_server_node-1] [WARN] [1780986426.168713238] [teleop_server]: RealSense camera[0] frame wait timed out after 1000ms\n[teleop_server_node-1] [WARN] [1780986428.169104364] [teleop_server]: RealSense camera[0] frame wait timed out after 1000ms\n[teleop_server_node-1] [WARN] [1780986430.169449216] [teleop_server]: RealSense camera[0] frame wait timed out after 1000ms\n[teleop_server_node-1] [WARN] [1780986432.169849366] [teleop_server]: RealSense camera[0] frame wait timed out after 1000ms\n[teleop_server_node-1] [WARN] [1780986434.170237963] [teleop_server]: RealSense camera[0] frame wait timed out after 1000ms\n[teleop_server_node-1] [WARN] [1780986436.170660770] [teleop_server]: RealSense camera[0] frame wait timed out after 1000ms\n[teleop_server_node-1] [WARN] [1780986438.170999798] [teleop_server]: RealSense camera[0] frame wait timed out after 1000ms\n[teleop_server_node-1] [WARN] [1780986440.171395756] [teleop_server]: RealSense camera[0] frame wait timed out after 1000ms\n[teleop_server_node-1] [WARN] [1780986442.171783649] [teleop_server]: RealSense camera[0] frame wait timed out after 1000ms\n[teleop_server_node-1] [WARN] [1780986444.172163094] [teleop_server]: RealSense camera[0] frame wait timed out after 1000ms\n[teleop_server_node-1] [WARN] [1780986446.172570028] [teleop_server]: RealSense camera[0] frame wait timed out after 1000ms\n[teleop_server_node-1] [WARN] [1780986448.172965250] [teleop_server]: RealSense camera[0] frame wait timed out after 1000ms\n[teleop_server_node-1] [WARN] [1780986450.173357656] [teleop_server]: RealSense camera[0] frame wait timed out after 1000ms\n[teleop_server_node-1] [WARN] [1780986452.173804431] [teleop_server]: RealSense camera[0] frame wait timed out after 1000ms\n[teleop_server_node-1] [WARN] [1780986454.174200645] [teleop_server]: RealSense camera[0] frame wait timed out after 1000ms\n[teleop_server_node-1] [WARN] [1780986456.174601434] [teleop_server]: RealSense camera[0] frame wait timed out after 1000ms\n[teleop_server_node-1] [WARN] [1780986458.175010705] [teleop_server]: RealSense camera[0] frame wait timed out after 1000ms\n[teleop_server_node-1] [WARN] [1780986460.175454792] [teleop_server]: RealSense camera[0] frame wait timed out after 1000ms\n[teleop_server_node-1] [WARN] [1780986462.175861662] [teleop_server]: RealSense camera[0] frame wait timed out after 1000ms\n[teleop_server_node-1] [WARN] [1780986464.176230291] [teleop_server]: RealSense camera[0] frame wait timed out after 1000ms\n[teleop_server_node-1] [WARN] [1780986466.176648201] [teleop_server]: RealSense camera[0] frame wait timed out after 1000ms\n[teleop_server_node-1] [WARN] [1780986468.177068031] [teleop_server]: RealSense camera[0] frame wait timed out after 1000ms\n[teleop_server_node-1] [WARN] [1780986470.177473333] [teleop_server]: RealSense camera[0] frame wait timed out after 1000ms\n[teleop_server_node-1] [WARN] [1780986472.177884492] [teleop_server]: RealSense camera[0] frame wait timed out after 1000ms\n[teleop_server_node-1] [WARN] [1780986474.178300066] [teleop_server]: RealSense camera[0] frame wait timed out after 1000ms\n[teleop_server_node-1] [WARN] [1780986476.178752249] [teleop_server]: RealSense camera[0] frame wait timed out after 1000ms\n[teleop_server_node-1] [WARN] [1780986478.179147439] [teleop_server]: RealSense camera[0] frame wait timed out after 1000ms\n[teleop_server_node-1] [WARN] [1780986480.179552517] [teleop_server]: RealSense camera[0] frame wait timed out after 1000ms\n[teleop_server_node-1] [WARN] [1780986482.179950875] [teleop_server]: RealSense camera[0] frame wait timed out after 1000ms\n[teleop_server_node-1] [WARN] [1780986484.180351377] [teleop_server]: RealSense camera[0] frame wait timed out after 1000ms\n[teleop_server_node-1] [WARN] [1780986486.180754727] [teleop_server]: RealSense camera[0] frame wait timed out after 1000ms\n[teleop_server_node-1] [WARN] [1780986488.181148252] [teleop_server]: RealSense camera[0] frame wait timed out after 1000ms\n[teleop_server_node-1] [WARN] [1780986490.181546898] [teleop_server]: RealSense camera[0] frame wait timed out after 1000ms\n[teleop_server_node-1] [WARN] [1780986492.181965096] [teleop_server]: RealSense camera[0] frame wait timed out after 1000ms\n[teleop_server_node-1] [WARN] [1780986494.182359582] [teleop_server]: RealSense camera[0] frame wait timed out after 1000ms\n[teleop_server_node-1] [WARN] [1780986496.182756756] [teleop_server]: RealSense camera[0] frame wait timed out after 1000ms\n[teleop_server_node-1] [WARN] [1780986498.183145001] [teleop_server]: RealSense camera[0] frame wait timed out after 1000ms\n[teleop_server_node-1] [WARN] [1780986500.183531071] [teleop_server]: RealSense camera[0] frame wait timed out after 1000ms\n[teleop_server_node-1] [WARN] [1780986502.183916052] [teleop_server]: RealSense camera[0] frame wait timed out after 1000ms\n[teleop_server_node-1] [WARN] [1780986504.184408461] [teleop_server]: RealSense camera[0] frame wait timed out after 1000ms\n[teleop_server_node-1] [WARN] [1780986506.184827875] [teleop_server]: RealSense camera[0] frame wait timed out after 1000ms\n[teleop_server_node-1] [WARN] [1780986508.185228249] [teleop_server]: RealSense camera[0] frame wait timed out after 1000ms\n[teleop_server_node-1] [WARN] [1780986510.185654768] [teleop_server]: RealSense camera[0] frame wait timed out after 1000ms\n[teleop_server_node-1] [WARN] [1780986512.186039909] [teleop_server]: RealSense camera[0] frame wait timed out after 1000ms\n[teleop_server_node-1] [WARN] [1780986514.186438907] [teleop_server]: RealSense camera[0] frame wait timed out after 1000ms\n[teleop_server_node-1] [WARN] [1780986516.186834896] [teleop_server]: RealSense camera[0] frame wait timed out after 1000ms\n[teleop_server_node-1] [WARN] [1780986518.187247623] [teleop_server]: RealSense camera[0] frame wait timed out after 1000ms\n[teleop_server_node-1] [WARN] [1780986520.187663261] [teleop_server]: RealSense camera[0] frame wait timed out after 1000ms\n[teleop_server_node-1] [WARN] [1780986522.188026098] [teleop_server]: RealSense camera[0] frame wait timed out after 1000ms\n[teleop_server_node-1] [WARN] [1780986524.188411783] [teleop_server]: RealSense camera[0] frame wait timed out after 1000ms\n[teleop_server_node-1] [WARN] [1780986526.188794204] [teleop_server]: RealSense camera[0] frame wait timed out after 1000ms\n[teleop_server_node-1] [WARN] [1780986528.189203379] [teleop_server]: RealSense camera[0] frame wait timed out after 1000ms\n[teleop_server_node-1] [WARN] [1780986530.189570951] [teleop_server]: RealSense camera[0] frame wait timed out after 1000ms\n[teleop_server_node-1] [WARN] [1780986532.189966237] [teleop_server]: RealSense camera[0] frame wait timed out after 1000ms\n[teleop_server_node-1] [WARN] [1780986534.190333138] [teleop_server]: RealSense camera[0] frame wait timed out after 1000ms\n[teleop_server_node-1] [WARN] [1780986536.190724072] [teleop_server]: RealSense camera[0] frame wait timed out after 1000ms\n[teleop_server_node-1] [WARN] [1780986538.191118429] [teleop_server]: RealSense camera[0] frame wait timed out after 1000ms\n[teleop_server_node-1] [WARN] [1780986540.191500467] [teleop_server]: RealSense camera[0] frame wait timed out after 1000ms\n[teleop_server_node-1] [WARN] [1780986542.191905001] [teleop_server]: RealSense camera[0] frame wait timed out after 1000ms\n[teleop_server_node-1] [WARN] [1780986544.192279582] [teleop_server]: RealSense camera[0] frame wait timed out after 1000ms\n[teleop_server_node-1] [WARN] [1780986546.192653843] [teleop_server]: RealSense camera[0] frame wait timed out after 1000ms\n[teleop_server_node-1] [WARN] [1780986548.193028008] [teleop_server]: RealSense camera[0] frame wait timed out after 1000ms\n[teleop_server_node-1] [WARN] [1780986550.193399037] [teleop_server]: RealSense camera[0] frame wait timed out after 1000ms\n[teleop_server_node-1] [WARN] [1780986552.193801267] [teleop_server]: RealSense camera[0] frame wait timed out after 1000ms\n[teleop_server_node-1] [WARN] [1780986554.194207721] [teleop_server]: RealSense camera[0] frame wait timed out after 1000ms\n[teleop_server_node-1] [WARN] [1780986556.194606047] [teleop_server]: RealSense camera[0] frame wait timed out after 1000ms\n[teleop_server_node-1] [WARN] [1780986558.195023765] [teleop_server]: RealSense camera[0] frame wait timed out after 1000ms\n[teleop_server_node-1] [WARN] [1780986560.195430763] [teleop_server]: RealSense camera[0] frame wait timed out after 1000ms\n[teleop_server_node-1] [WARN] [1780986562.195833889] [teleop_server]: RealSense camera[0] frame wait timed out after 1000ms\n[teleop_server_node-1] [WARN] [1780986564.196211255] [teleop_server]: RealSense camera[0] frame wait timed out after 1000ms\n[teleop_server_node-1] [WARN] [1780986566.196592012] [teleop_server]: RealSense camera[0] frame wait timed out after 1000ms\n[teleop_server_node-1] [WARN] [1780986568.196973250] [teleop_server]: RealSense camera[0] frame wait timed out after 1000ms\n[teleop_server_node-1] [WARN] [1780986570.197288853] [teleop_server]: RealSense camera[0] frame wait timed out after 1000ms\n[teleop_server_node-1] [WARN] [1780986572.197610696] [teleop_server]: RealSense camera[0] frame wait timed out after 1000ms\n[teleop_server_node-1] [WARN] [1780986574.197949500] [teleop_server]: RealSense camera[0] frame wait timed out after 1000ms\n[teleop_server_node-1] [WARN] [1780986576.198276400] [teleop_server]: RealSense camera[0] frame wait timed out after 1000ms\n[teleop_server_node-1] [WARN] [1780986578.198595396] [teleop_server]: RealSense camera[0] frame wait timed out after 1000ms\n[teleop_server_node-1] [WARN] [1780986580.198938552] [teleop_server]: RealSense camera[0] frame wait timed out after 1000ms\n[teleop_server_node-1] [WARN] [1780986582.199349070] [teleop_server]: RealSense camera[0] frame wait timed out after 1000ms\n[teleop_server_node-1] [WARN] [1780986584.199679554] [teleop_server]: RealSense camera[0] frame wait timed out after 1000ms\n[teleop_server_node-1] [WARN] [1780986586.200094744] [teleop_server]: RealSense camera[0] frame wait timed out after 1000ms\n[teleop_server_node-1] [WARN] [1780986588.200424396] [teleop_server]: RealSense camera[0] frame wait timed out after 1000ms\n[teleop_server_node-1] [WARN] [1780986590.200775968] [teleop_server]: RealSense camera[0] frame wait timed out after 1000ms', 'stderr': '', 'reason': 'cos_teleop 服务正在运行，但日志中存在相机读取或初始化异常。', 'suggestion': '请尝试重启 cos_teleop.service；如果仍异常，请检查相机 Type-C 连接、udev 映射、相机设备状态或相机是否被占用。'})[0m
[0;32mok: [g1_robot_060] => (item={'name': 'dex1 source directory', 'status': 'OK', 'detail': '/home/unitree/g1_setup/dex1_1_service'})[0m
[0;32mok: [g1_robot_060] => (item={'name': 'dex1 bin directory', 'status': 'OK', 'detail': '/home/unitree/g1_setup/dex1_1_service/bin'})[0m
[0;32mok: [g1_robot_060] => (item={'name': 'dex1 server binary', 'status': 'OK', 'detail': '/home/unitree/g1_setup/dex1_1_service/bin/dex1_1_gripper_server'})[0m
[0;32mok: [g1_robot_060] => (item={'name': 'dex1 test binary', 'status': 'OK', 'detail': '/home/unitree/g1_setup/dex1_1_service/bin/test_dex1_1_gripper_server'})[0m
[0;32mok: [g1_robot_060] => (item={'name': 'dex1 systemd unit file', 'status': 'OK', 'detail': '/etc/systemd/system/dex1_gripper.service'})[0m
[0;32mok: [g1_robot_060] => (item={'name': 'dex1 server executable', 'status': 'OK', 'detail': '/home/unitree/g1_setup/dex1_1_service/bin/dex1_1_gripper_server'})[0m
[0;32mok: [g1_robot_060] => (item={'name': 'dex1 shared libraries', 'status': 'OK', 'detail': 'ldd rc=0'})[0m
[0;32mok: [g1_robot_060] => (item={'name': 'dex1 service enabled', 'status': 'OK', 'detail': 'enabled'})[0m
[0;32mok: [g1_robot_060] => (item={'name': 'dex1 service active', 'status': 'OK', 'detail': 'active', 'stdout': '\n--- systemctl status ---\n\n--- journalctl -u dex1_gripper.service -n 50 ---\n', 'stderr': '\n--- systemctl status stderr ---\n\n--- journalctl stderr ---\n'})[0m
[0;32mok: [g1_robot_060] => (item={'name': 'dex1 motor binding', 'status': 'OK', 'detail': 'Dex1 left/right motors detected and server started', 'stdout': 'RecurrentThread Execute Func error. what:IO Exception: ::tcgetattr, file /root/unitree_actuator_sdk_python/unitree_actuator_sdk-all/src/SerialPort.cpp, line 392.\nRecurrentThread Execute Func error. what:IO Exception: ::tcgetattr, file /root/unitree_actuator_sdk_python/unitree_actuator_sdk-all/src/SerialPort.cpp, line 392.\nRecurrentThread Execute Func error. what:IO Exception: ::tcgetattr, file /root/unitree_actuator_sdk_python/unitree_actuator_sdk-all/src/SerialPort.cpp, line 392.\nRecurrentThread Execute Func error. what:IO Exception: ::tcgetattr, file /root/unitree_actuator_sdk_python/unitree_actuator_sdk-all/src/SerialPort.cpp, line 392.\nRecurrentThread Execute Func error. what:IO Exception: ::tcgetattr, file /root/unitree_actuator_sdk_python/unitree_actuator_sdk-all/src/SerialPort.cpp, line 392.\nRecurrentThread Execute Func error. what:IO Exception: ::tcgetattr, file /root/unitree_actuator_sdk_python/unitree_actuator_sdk-all/src/SerialPort.cpp, line 392.\nRecurrentThread Execute Func error. what:IO Exception: ::tcgetattr, file /root/unitree_actuator_sdk_python/unitree_actuator_sdk-all/src/SerialPort.cpp, line 392.\nRecurrentThread Execute Func error. what:IO Exception: ::tcgetattr, file /root/unitree_actuator_sdk_python/unitree_actuator_sdk-all/src/SerialPort.cpp, line 392.\nRecurrentThread Execute Func error. what:IO Exception: ::tcgetattr, file /root/unitree_actuator_sdk_python/unitree_actuator_sdk-all/src/SerialPort.cpp, line 392.\nStopped Dex1-1 Service Start.\n[2026-06-09 11:49:09.810] [info] Dex1-1 Gripper Server started.\nRecurrentThread Execute Func error. what:IO Exception: ::tcgetattr, file /root/unitree_actuator_sdk_python/unitree_actuator_sdk-all/src/SerialPort.cpp, line 392.\nRecurrentThread Execute Func error. what:IO Exception: ::tcgetattr, file /root/unitree_actuator_sdk_python/unitree_actuator_sdk-all/src/SerialPort.cpp, line 392.\nRecurrentThread Execute Func error. what:IO Exception: ::tcgetattr, file /root/unitree_actuator_sdk_python/unitree_actuator_sdk-all/src/SerialPort.cpp, line 392.\nRecurrentThread Execute Func error. what:IO Exception: ::tcgetattr, file /root/unitree_actuator_sdk_python/unitree_actuator_sdk-all/src/SerialPort.cpp, line 392.\nRecurrentThread Execute Func error. what:IO Exception: ::tcgetattr, file /root/unitree_actuator_sdk_python/unitree_actuator_sdk-all/src/SerialPort.cpp, line 392.\nRecurrentThread Execute Func error. what:IO Exception: ::tcgetattr, file /root/unitree_actuator_sdk_python/unitree_actuator_sdk-all/src/SerialPort.cpp, line 392.\nRecurrentThread Execute Func error. what:IO Exception: ::tcgetattr, file /root/unitree_actuator_sdk_python/unitree_actuator_sdk-all/src/SerialPort.cpp, line 392.\nRecurrentThread Execute Func error. what:IO Exception: ::tcgetattr, file /root/unitree_actuator_sdk_python/unitree_actuator_sdk-all/src/SerialPort.cpp, line 392.\nRecurrentThread Execute Func error. what:IO Exception: ::tcgetattr, file /root/unitree_actuator_sdk_python/unitree_actuator_sdk-all/src/SerialPort.cpp, line 392.\nRecurrentThread Execute Func error. what:IO Exception: ::tcgetattr, file /root/unitree_actuator_sdk_python/unitree_actuator_sdk-all/src/SerialPort.cpp, line 392.\nRecurrentThread Execute Func error. what:IO Exception: ::tcgetattr, file /root/unitree_actuator_sdk_python/unitree_actuator_sdk-all/src/SerialPort.cpp, line 392.\nRecurrentThread Execute Func error. what:IO Exception: ::tcgetattr, file /root/unitree_actuator_sdk_python/unitree_actuator_sdk-all/src/SerialPort.cpp, line 392.\nStarted Dex1-1 Service Start.\nRecurrentThread Execute Func error. what:IO Exception: ::tcgetattr, file /root/unitree_actuator_sdk_python/unitree_actuator_sdk-all/src/SerialPort.cpp, line 392.\nRecurrentThread Execute Func error. what:IO Exception: ::tcgetattr, file /root/unitree_actuator_sdk_python/unitree_actuator_sdk-all/src/SerialPort.cpp, line 392.\nRecurrentThread Execute Func error. what:IO Exception: ::tcgetattr, file /root/unitree_actuator_sdk_python/unitree_actuator_sdk-all/src/SerialPort.cpp, line 392.\nRecurrentThread Execute Func error. what:IO Exception: ::tcgetattr, file /root/unitree_actuator_sdk_python/unitree_actuator_sdk-all/src/SerialPort.cpp, line 392.\nRecurrentThread Execute Func error. what:IO Exception: ::tcgetattr, file /root/unitree_actuator_sdk_python/unitree_actuator_sdk-all/src/SerialPort.cpp, line 392.\nRecurrentThread Execute Func error. what:IO Exception: ::tcgetattr, file /root/unitree_actuator_sdk_python/unitree_actuator_sdk-all/src/SerialPort.cpp, line 392.\nRecurrentThread Execute Func error. what:IO Exception: ::tcgetattr, file /root/unitree_actuator_sdk_python/unitree_actuator_sdk-all/src/SerialPort.cpp, line 392.\nRecurrentThread Execute Func error. what:IO Exception: ::tcgetattr, file /root/unitree_actuator_sdk_python/unitree_actuator_sdk-all/src/SerialPort.cpp, line 392.\nRecurrentThread Execute Func error. what:IO Exception: ::tcgetattr, file /root/unitree_actuator_sdk_python/unitree_actuator_sdk-all/src/SerialPort.cpp, line 392.\nRecurrentThread Execute Func error. what:IO Exception: ::tcgetattr, file /root/unitree_actuator_sdk_python/unitree_actuator_sdk-all/src/SerialPort.cpp, line 392.\nRecurrentThread Execute Func error. what:IO Exception: ::tcgetattr, file /root/unitree_actuator_sdk_python/unitree_actuator_sdk-all/src/SerialPort.cpp, line 392.\nRecurrentThread Execute Func error. what:IO Exception: ::tcgetattr, file /root/unitree_actuator_sdk_python/unitree_actuator_sdk-all/src/SerialPort.cpp, line 392.\nRecurrentThread Execute Func error. what:IO Exception: ::tcgetattr, file /root/unitree_actuator_sdk_python/unitree_actuator_sdk-all/src/SerialPort.cpp, line 392.\nRecurrentThread Execute Func error. what:IO Exception: ::tcgetattr, file /root/unitree_actuator_sdk_python/unitree_actuator_sdk-all/src/SerialPort.cpp, line 392.\nRecurrentThread Execute Func error. what:IO Exception: ::tcgetattr, file /root/unitree_actuator_sdk_python/unitree_actuator_sdk-all/src/SerialPort.cpp, line 392.\nRecurrentThread Execute Func error. what:IO Exception: ::tcgetattr, file /root/unitree_actuator_sdk_python/unitree_actuator_sdk-all/src/SerialPort.cpp, line 392.\nRecurrentThread Execute Func error. what:IO Exception: ::tcgetattr, file /root/unitree_actuator_sdk_python/unitree_actuator_sdk-all/src/SerialPort.cpp, line 392.\nRecurrentThread Execute Func error. what:IO Exception: ::tcgetattr, file /root/unitree_actuator_sdk_python/unitree_actuator_sdk-all/src/SerialPort.cpp, line 392.\nRecurrentThread Execute Func error. what:IO Exception: ::tcgetattr, file /root/unitree_actuator_sdk_python/unitree_actuator_sdk-all/src/SerialPort.cpp, line 392.\nRecurrentThread Execute Func error. what:IO Exception: ::tcgetattr, file /root/unitree_actuator_sdk_python/unitree_actuator_sdk-all/src/SerialPort.cpp, line 392.\nRecurrentThread Execute Func error. what:IO Exception: ::tcgetattr, file /root/unitree_actuator_sdk_python/unitree_actuator_sdk-all/src/SerialPort.cpp, line 392.\nRecurrentThread Execute Func error. what:IO Exception: ::tcgetattr, file /root/unitree_actuator_sdk_python/unitree_actuator_sdk-all/src/SerialPort.cpp, line 392.\nRecurrentThread Execute Func error. what:IO Exception: ::tcgetattr, file /root/unitree_actuator_sdk_python/unitree_actuator_sdk-all/src/SerialPort.cpp, line 392.\nRecurrentThread Execute Func error. what:IO Exception: ::tcgetattr, file /root/unitree_actuator_sdk_python/unitree_actuator_sdk-all/src/SerialPort.cpp, line 392.\nRecurrentThread Execute Func error. what:IO Exception: ::tcgetattr, file /root/unitree_actuator_sdk_python/unitree_actuator_sdk-all/src/SerialPort.cpp, line 392.\nRecurrentThread Execute Func error. what:IO Exception: ::tcgetattr, file /root/unitree_actuator_sdk_python/unitree_actuator_sdk-all/src/SerialPort.cpp, line 392.\nRecurrentThread Execute Func error. what:IO Exception: ::tcgetattr, file /root/unitree_actuator_sdk_python/unitree_actuator_sdk-all/src/SerialPort.cpp, line 392.\nRecurrentThread Execute Func error. what:IO Exception: ::tcgetattr, file /root/unitree_actuator_sdk_python/unitree_actuator_sdk-all/src/SerialPort.cpp, line 392.\nRecurrentThread Execute Func error. what:IO Exception: ::tcgetattr, file /root/unitree_actuator_sdk_python/unitree_actuator_sdk-all/src/SerialPort.cpp, line 392.\nRecurrentThread Execute Func error. what:IO Exception: ::tcgetattr, file /root/unitree_actuator_sdk_python/unitree_actuator_sdk-all/src/SerialPort.cpp, line 392.\nRecurrentThread Execute Func error. what:IO Exception: ::tcgetattr, file /root/unitree_actuator_sdk_python/unitree_actuator_sdk-all/src/SerialPort.cpp, line 392.\nRecurrentThread Execute Func error. what:IO Exception: ::tcgetattr, file /root/unitree_actuator_sdk_python/unitree_actuator_sdk-all/src/SerialPort.cpp, line 392.\nRecurrentThread Execute Func error. what:IO Exception: ::tcgetattr, file /root/unitree_actuator_sdk_python/unitree_actuator_sdk-all/src/SerialPort.cpp, line 392.\nRecurrentThread Execute Func error. what:IO Exception: ::tcgetattr, file /root/unitree_actuator_sdk_python/unitree_actuator_sdk-all/src/SerialPort.cpp, line 392.\nRecurrentThread Execute Func error. what:IO Exception: ::tcgetattr, file /root/unitree_actuator_sdk_python/unitree_actuator_sdk-all/src/SerialPort.cpp, line 392.\nRecurrentThread Execute Func error. what:IO Exception: ::tcgetattr, file /root/unitree_actuator_sdk_python/unitree_actuator_sdk-all/src/SerialPort.cpp, line 392.\nRecurrentThread Execute Func error. what:IO Exception: ::tcgetattr, file /root/unitree_actuator_sdk_python/unitree_actuator_sdk-all/src/SerialPort.cpp, line 392.\nRecurrentThread Execute Func error. what:IO Exception: ::tcgetattr, file /root/unitree_actuator_sdk_python/unitree_actuator_sdk-all/src/SerialPort.cpp, line 392.\nRecurrentThread Execute Func error. what:IO Exception: ::tcgetattr, file /root/unitree_actuator_sdk_python/unitree_actuator_sdk-all/src/SerialPort.cpp, line 392.\nRecurrentThread Execute Func error. what:IO Exception: ::tcgetattr, file /root/unitree_actuator_sdk_python/unitree_actuator_sdk-all/src/SerialPort.cpp, line 392.\nRecurrentThread Execute Func error. what:IO Exception: ::tcgetattr, file /root/unitree_actuator_sdk_python/unitree_actuator_sdk-all/src/SerialPort.cpp, line 392.\nRecurrentThread Execute Func error. what:IO Exception: ::tcgetattr, file /root/unitree_actuator_sdk_python/unitree_actuator_sdk-all/src/SerialPort.cpp, line 392.\nRecurrentThread Execute Func error. what:IO Exception: ::tcgetattr, file /root/unitree_actuator_sdk_python/unitree_actuator_sdk-all/src/SerialPort.cpp, line 392.\nRecurrentThread Execute Func error. what:IO Exception: ::tcgetattr, file /root/unitree_actuator_sdk_python/unitree_actuator_sdk-all/src/SerialPort.cpp, line 392.\nRecurrentThread Execute Func error. what:IO Exception: ::tcgetattr, file /root/unitree_actuator_sdk_python/unitree_actuator_sdk-all/src/SerialPort.cpp, line 392.\nRecurrentThread Execute Func error. what:IO Exception: ::tcgetattr, file /root/unitree_actuator_sdk_python/unitree_actuator_sdk-all/src/SerialPort.cpp, line 392.\nRecurrentThread Execute Func error. what:IO Exception: ::tcgetattr, file /root/unitree_actuator_sdk_python/unitree_actuator_sdk-all/src/SerialPort.cpp, line 392.\nRecurrentThread Execute Func error. what:IO Exception: ::tcgetattr, file /root/unitree_actuator_sdk_python/unitree_actuator_sdk-all/src/SerialPort.cpp, line 392.\nRecurrentThread Execute Func error. what:IO Exception: ::tcgetattr, file /root/unitree_actuator_sdk_python/unitree_actuator_sdk-all/src/SerialPort.cpp, line 392.\nRecurrentThread Execute Func error. what:IO Exception: ::tcgetattr, file /root/unitree_actuator_sdk_python/unitree_actuator_sdk-all/src/SerialPort.cpp, line 392.\nRecurrentThread Execute Func error. what:IO Exception: ::tcgetattr, file /root/unitree_actuator_sdk_python/unitree_actuator_sdk-all/src/SerialPort.cpp, line 392.\nRecurrentThread Execute Func error. what:IO Exception: ::tcgetattr, file /root/unitree_actuator_sdk_python/unitree_actuator_sdk-all/src/SerialPort.cpp, line 392.\nRecurrentThread Execute Func error. what:IO Exception: ::tcgetattr, file /root/unitree_actuator_sdk_python/unitree_actuator_sdk-all/src/SerialPort.cpp, line 392.\nRecurrentThread Execute Func error. what:IO Exception: ::tcgetattr, file /root/unitree_actuator_sdk_python/unitree_actuator_sdk-all/src/SerialPort.cpp, line 392.\nRecurrentThread Execute Func error. what:IO Exception: ::tcgetattr, file /root/unitree_actuator_sdk_python/unitree_actuator_sdk-all/src/SerialPort.cpp, line 392.\nRecurrentThread Execute Func error. what:IO Exception: ::tcgetattr, file /root/unitree_actuator_sdk_python/unitree_actuator_sdk-all/src/SerialPort.cpp, line 392.\nRecurrentThread Execute Func error. what:IO Exception: ::tcgetattr, file /root/unitree_actuator_sdk_python/unitree_actuator_sdk-all/src/SerialPort.cpp, line 392.\nRecurrentThread Execute Func error. what:IO Exception: ::tcgetattr, file /root/unitree_actuator_sdk_python/unitree_actuator_sdk-all/src/SerialPort.cpp, line 392.\nRecurrentThread Execute Func error. what:IO Exception: ::tcgetattr, file /root/unitree_actuator_sdk_python/unitree_actuator_sdk-all/src/SerialPort.cpp, line 392.\nRecurrentThread Execute Func error. what:IO Exception: ::tcgetattr, file /root/unitree_actuator_sdk_python/unitree_actuator_sdk-all/src/SerialPort.cpp, line 392.\nRecurrentThread Execute Func error. what:IO Exception: ::tcgetattr, file /root/unitree_actuator_sdk_python/unitree_actuator_sdk-all/src/SerialPort.cpp, line 392.\nRecurrentThread Execute Func error. what:IO Exception: ::tcgetattr, file /root/unitree_actuator_sdk_python/unitree_actuator_sdk-all/src/SerialPort.cpp, line 392.\nRecurrentThread Execute Func error. what:IO Exception: ::tcgetattr, file /root/unitree_actuator_sdk_python/unitree_actuator_sdk-all/src/SerialPort.cpp, line 392.\nRecurrentThread Execute Func error. what:IO Exception: ::tcgetattr, file /root/unitree_actuator_sdk_python/unitree_actuator_sdk-all/src/SerialPort.cpp, line 392.\nRecurrentThread Execute Func error. what:IO Exception: ::tcgetattr, file /root/unitree_actuator_sdk_python/unitree_actuator_sdk-all/src/SerialPort.cpp, line 392.\nRecurrentThread Execute Func error. what:IO Exception: ::tcgetattr, file /root/unitree_actuator_sdk_python/unitree_actuator_sdk-all/src/SerialPort.cpp, line 392.\nRecurrentThread Execute Func error. what:IO Exception: ::tcgetattr, file /root/unitree_actuator_sdk_python/unitree_actuator_sdk-all/src/SerialPort.cpp, line 392.\nRecurrentThread Execute Func error. what:IO Exception: ::tcgetattr, file /root/unitree_actuator_sdk_python/unitree_actuator_sdk-all/src/SerialPort.cpp, line 392.\nRecurrentThread Execute Func error. what:IO Exception: ::tcgetattr, file /root/unitree_actuator_sdk_python/unitree_actuator_sdk-all/src/SerialPort.cpp, line 392.\nRecurrentThread Execute Func error. what:IO Exception: ::tcgetattr, file /root/unitree_actuator_sdk_python/unitree_actuator_sdk-all/src/SerialPort.cpp, line 392.\nRecurrentThread Execute Func error. what:IO Exception: ::tcgetattr, file /root/unitree_actuator_sdk_python/unitree_actuator_sdk-all/src/SerialPort.cpp, line 392.\nRecurrentThread Execute Func error. what:IO Exception: ::tcgetattr, file /root/unitree_actuator_sdk_python/unitree_actuator_sdk-all/src/SerialPort.cpp, line 392.\nRecurrentThread Execute Func error. what:IO Exception: ::tcgetattr, file /root/unitree_actuator_sdk_python/unitree_actuator_sdk-all/src/SerialPort.cpp, line 392.\nRecurrentThread Execute Func error. what:IO Exception: ::tcgetattr, file /root/unitree_actuator_sdk_python/unitree_actuator_sdk-all/src/SerialPort.cpp, line 392.\nRecurrentThread Execute Func error. what:IO Exception: ::tcgetattr, file /root/unitree_actuator_sdk_python/unitree_actuator_sdk-all/src/SerialPort.cpp, line 392.\nRecurrentThread Execute Func error. what:IO Exception: ::tcgetattr, file /root/unitree_actuator_sdk_python/unitree_actuator_sdk-all/src/SerialPort.cpp, line 392.\nRecurrentThread Execute Func error. what:IO Exception: ::tcgetattr, file /root/unitree_actuator_sdk_python/unitree_actuator_sdk-all/src/SerialPort.cpp, line 392.\nRecurrentThread Execute Func error. what:IO Exception: ::tcgetattr, file /root/unitree_actuator_sdk_python/unitree_actuator_sdk-all/src/SerialPort.cpp, line 392.\nStopping Dex1-1 Service Start...\ndex1_gripper.service: Succeeded.\nStopped Dex1-1 Service Start.\nStarted Dex1-1 Service Start.\n[2026-06-09 11:52:48.230] [info] Available Serial Ports: /dev/ttyUSB5, /dev/ttyUSB4, /dev/ttyUSB3, /dev/ttyUSB0\n[2026-06-09 11:52:48.386] [info] Detected motors:\n[2026-06-09 11:52:48.386] [info]   - Motor ID: 0 \t Side: right \t Port: /dev/ttyUSB3 \t cmdTopic: rt/dex1/right/cmd \t stateTopic: rt/dex1/right/state\n[2026-06-09 11:52:48.386] [info]   - Motor ID: 1 \t Side: left \t Port: /dev/ttyUSB4 \t cmdTopic: rt/dex1/left/cmd \t stateTopic: rt/dex1/left/state\n[2026-06-09 11:52:48.591] [info] Dex1-1 Gripper Server started.\nStopping Dex1-1 Service Start...\ndex1_gripper.service: Succeeded.\nStopped Dex1-1 Service Start.\nStarted Dex1-1 Service Start.\n[2026-06-09 14:29:39.084] [info] Available Serial Ports: /dev/ttyUSB5, /dev/ttyUSB4, /dev/ttyUSB3, /dev/ttyUSB0\n[2026-06-09 14:29:39.239] [info] Detected motors:\n[2026-06-09 14:29:39.239] [info]   - Motor ID: 0 \t Side: right \t Port: /dev/ttyUSB3 \t cmdTopic: rt/dex1/right/cmd \t stateTopic: rt/dex1/right/state\n[2026-06-09 14:29:39.239] [info]   - Motor ID: 1 \t Side: left \t Port: /dev/ttyUSB4 \t cmdTopic: rt/dex1/left/cmd \t stateTopic: rt/dex1/left/state\n[2026-06-09 14:29:39.444] [info] Dex1-1 Gripper Server started.', 'stderr': '', 'reason': '', 'suggestion': ''})[0m

TASK [Use enriched check results for report] ***********************************
[0;32mok: [g1_robot_060][0m

TASK [Calculate check counters] ************************************************
[0;32mok: [g1_robot_060][0m

TASK [Calculate overall status] ************************************************
[0;32mok: [g1_robot_060][0m

TASK [Initialize report card issues] *******************************************
[0;32mok: [g1_robot_060][0m

TASK [Add check issues to report card] *****************************************
[0;32mok: [g1_robot_060] => (item={'name': '/dev/cam_head', 'status': 'WARN', 'detail': '/dev/cam_head', 'reason': 'Required file, directory, or check condition is missing.', 'suggestion': 'Check the detail field and rerun install mode if the component should exist.'})[0m
[0;32mok: [g1_robot_060] => (item={'name': 'cos_teleop camera log', 'status': 'WARN', 'detail': '[teleop_server_node-1] [WARN] [1780986216.122954963] [teleop_server]: RealSense camera[0] frame wait timed out after 1000ms\n[teleop_server_node-1] [WARN] [1780986218.124031453] [teleop_server]: RealSense camera[0] frame wait timed out after 1000ms\n[teleop_server_node-1] [WARN] [1780986220.125259787] [teleop_server]: RealSense camera[0] frame wait timed out after 1000ms\n[teleop_server_node-1] [WARN] [1780986222.126486969] [teleop_server]: RealSense camera[0] frame wait timed out after 1000ms\n[teleop_server_node-1] [WARN] [1780986224.126877902] [teleop_server]: RealSense camera[0] frame wait timed out after 1000ms\n[teleop_server_node-1] [WARN] [1780986226.127294820] [teleop_server]: RealSense camera[0] frame wait timed out after 1000ms\n[teleop_server_node-1] [WARN] [1780986228.127734171] [teleop_server]: RealSense camera[0] frame wait timed out after 1000ms\n[teleop_server_node-1] [WARN] [1780986230.128146162] [teleop_server]: RealSense camera[0] frame wait timed out after 1000ms\n[teleop_server_node-1] [WARN] [1780986232.128601065] [teleop_server]: RealSense camera[0] frame wait timed out after 1000ms\n[teleop_server_node-1] [WARN] [1780986234.129094402] [teleop_server]: RealSense camera[0] frame wait timed out after 1000ms\n[teleop_server_node-1] [WARN] [1780986236.129745471] [teleop_server]: RealSense camera[0] frame wait timed out after 1000ms\n[teleop_server_node-1] [WARN] [1780986238.130146453] [teleop_server]: RealSense camera[0] frame wait timed out after 1000ms\n[teleop_server_node-1] [WARN] [1780986240.130575947] [teleop_server]: RealSense camera[0] frame wait timed out after 1000ms\n[teleop_server_node-1] [WARN] [1780986242.130999970] [teleop_server]: RealSense camera[0] frame wait timed out after 1000ms\n[teleop_server_node-1] [WARN] [1780986244.131413464] [teleop_server]: RealSense camera[0] frame wait timed out after 1000ms\n[teleop_server_node-1] [WARN] [1780986246.131806990] [teleop_server]: RealSense camera[0] frame wait timed out after 1000ms\n[teleop_server_node-1] [WARN] [1780986248.132206436] [teleop_server]: RealSense camera[0] frame wait timed out after 1000ms\n[teleop_server_node-1] [WARN] [1780986250.132636346] [teleop_server]: RealSense camera[0] frame wait timed out after 1000ms\n[teleop_server_node-1] [WARN] [1780986252.133039344] [teleop_server]: RealSense camera[0] frame wait timed out after 1000ms\n[teleop_server_node-1] [WARN] [1780986254.133462087] [teleop_server]: RealSense camera[0] frame wait timed out after 1000ms\n[teleop_server_node-1] [WARN] [1780986256.133854812] [teleop_server]: RealSense camera[0] frame wait timed out after 1000ms\n[teleop_server_node-1] [WARN] [1780986258.134255314] [teleop_server]: RealSense camera[0] frame wait timed out after 1000ms\n[teleop_server_node-1] [WARN] [1780986260.134776748] [teleop_server]: RealSense camera[0] frame wait timed out after 1000ms\n[teleop_server_node-1] [WARN] [1780986262.135171937] [teleop_server]: RealSense camera[0] frame wait timed out after 1000ms\n[teleop_server_node-1] [WARN] [1780986264.135555863] [teleop_server]: RealSense camera[0] frame wait timed out after 1000ms\n[teleop_server_node-1] [WARN] [1780986266.136047311] [teleop_server]: RealSense camera[0] frame wait timed out after 1000ms\n[teleop_server_node-1] [WARN] [1780986268.136465254] [teleop_server]: RealSense camera[0] frame wait timed out after 1000ms\n[teleop_server_node-1] [WARN] [1780986270.136868636] [teleop_server]: RealSense camera[0] frame wait timed out after 1000ms\n[teleop_server_node-1] [WARN] [1780986272.137282930] [teleop_server]: RealSense camera[0] frame wait timed out after 1000ms\n[teleop_server_node-1] [WARN] [1780986274.137727177] [teleop_server]: RealSense camera[0] frame wait timed out after 1000ms\n[teleop_server_node-1] [WARN] [1780986276.138115134] [teleop_server]: RealSense camera[0] frame wait timed out after 1000ms\n[teleop_server_node-1] [WARN] [1780986278.138535797] [teleop_server]: RealSense camera[0] frame wait timed out after 1000ms\n[teleop_server_node-1] [WARN] [1780986280.138952363] [teleop_server]: RealSense camera[0] frame wait timed out after 1000ms\n[teleop_server_node-1] [WARN] [1780986282.139437348] [teleop_server]: RealSense camera[0] frame wait timed out after 1000ms\n[teleop_server_node-1] [WARN] [1780986284.139849466] [teleop_server]: RealSense camera[0] frame wait timed out after 1000ms\n[teleop_server_node-1] [WARN] [1780986286.140305937] [teleop_server]: RealSense camera[0] frame wait timed out after 1000ms\n[teleop_server_node-1] [WARN] [1780986288.140767977] [teleop_server]: RealSense camera[0] frame wait timed out after 1000ms\n[teleop_server_node-1] [WARN] [1780986290.141183487] [teleop_server]: RealSense camera[0] frame wait timed out after 1000ms\n[teleop_server_node-1] [WARN] [1780986292.141580757] [teleop_server]: RealSense camera[0] frame wait timed out after 1000ms\n[teleop_server_node-1] [WARN] [1780986294.142042605] [teleop_server]: RealSense camera[0] frame wait timed out after 1000ms\n[teleop_server_node-1] [WARN] [1780986296.142445187] [teleop_server]: RealSense camera[0] frame wait timed out after 1000ms\n[teleop_server_node-1] [WARN] [1780986298.142837496] [teleop_server]: RealSense camera[0] frame wait timed out after 1000ms\n[teleop_server_node-1] [WARN] [1780986300.143202765] [teleop_server]: RealSense camera[0] frame wait timed out after 1000ms\n[teleop_server_node-1] [WARN] [1780986302.143595427] [teleop_server]: RealSense camera[0] frame wait timed out after 1000ms\n[teleop_server_node-1] [WARN] [1780986304.143981240] [teleop_server]: RealSense camera[0] frame wait timed out after 1000ms\n[teleop_server_node-1] [WARN] [1780986306.144334861] [teleop_server]: RealSense camera[0] frame wait timed out after 1000ms\n[teleop_server_node-1] [WARN] [1780986308.144736674] [teleop_server]: RealSense camera[0] frame wait timed out after 1000ms\n[teleop_server_node-1] [WARN] [1780986310.145109143] [teleop_server]: RealSense camera[0] frame wait timed out after 1000ms\n[teleop_server_node-1] [WARN] [1780986312.145598736] [teleop_server]: RealSense camera[0] frame wait timed out after 1000ms\n[teleop_server_node-1] [WARN] [1780986314.145963301] [teleop_server]: RealSense camera[0] frame wait timed out after 1000ms\n[teleop_server_node-1] [WARN] [1780986316.146383259] [teleop_server]: RealSense camera[0] frame wait timed out after 1000ms\n[teleop_server_node-1] [WARN] [1780986318.146786929] [teleop_server]: RealSense camera[0] frame wait timed out after 1000ms\n[teleop_server_node-1] [WARN] [1780986320.147165670] [teleop_server]: RealSense camera[0] frame wait timed out after 1000ms\n[teleop_server_node-1] [WARN] [1780986322.147537179] [teleop_server]: RealSense camera[0] frame wait timed out after 1000ms\n[teleop_server_node-1] [WARN] [1780986324.147936145] [teleop_server]: RealSense camera[0] frame wait timed out after 1000ms\n[teleop_server_node-1] [WARN] [1780986326.148310342] [teleop_server]: RealSense camera[0] frame wait timed out after 1000ms\n[teleop_server_node-1] [WARN] [1780986328.148697660] [teleop_server]: RealSense camera[0] frame wait timed out after 1000ms\n[teleop_server_node-1] [WARN] [1780986330.149103890] [teleop_server]: RealSense camera[0] frame wait timed out after 1000ms\n[teleop_server_node-1] [WARN] [1780986332.149487303] [teleop_server]: RealSense camera[0] frame wait timed out after 1000ms\n[teleop_server_node-1] [WARN] [1780986334.149919582] [teleop_server]: RealSense camera[0] frame wait timed out after 1000ms\n[teleop_server_node-1] [WARN] [1780986336.150305811] [teleop_server]: RealSense camera[0] frame wait timed out after 1000ms\n[teleop_server_node-1] [WARN] [1780986338.150689097] [teleop_server]: RealSense camera[0] frame wait timed out after 1000ms\n[teleop_server_node-1] [WARN] [1780986340.151199202] [teleop_server]: RealSense camera[0] frame wait timed out after 1000ms\n[teleop_server_node-1] [WARN] [1780986342.151722843] [teleop_server]: RealSense camera[0] frame wait timed out after 1000ms\n[teleop_server_node-1] [WARN] [1780986344.152114897] [teleop_server]: RealSense camera[0] frame wait timed out after 1000ms\n[teleop_server_node-1] [WARN] [1780986346.152514151] [teleop_server]: RealSense camera[0] frame wait timed out after 1000ms\n[teleop_server_node-1] [WARN] [1780986348.152971422] [teleop_server]: RealSense camera[0] frame wait timed out after 1000ms\n[teleop_server_node-1] [WARN] [1780986350.153372788] [teleop_server]: RealSense camera[0] frame wait timed out after 1000ms\n[teleop_server_node-1] [WARN] [1780986352.153798635] [teleop_server]: RealSense camera[0] frame wait timed out after 1000ms\n[teleop_server_node-1] [WARN] [1780986354.154190176] [teleop_server]: RealSense camera[0] frame wait timed out after 1000ms\n[teleop_server_node-1] [WARN] [1780986356.154577174] [teleop_server]: RealSense camera[0] frame wait timed out after 1000ms\n[teleop_server_node-1] [WARN] [1780986358.154956395] [teleop_server]: RealSense camera[0] frame wait timed out after 1000ms\n[teleop_server_node-1] [WARN] [1780986360.155362081] [teleop_server]: RealSense camera[0] frame wait timed out after 1000ms\n[teleop_server_node-1] [WARN] [1780986362.155755927] [teleop_server]: RealSense camera[0] frame wait timed out after 1000ms\n[teleop_server_node-1] [WARN] [1780986364.156139916] [teleop_server]: RealSense camera[0] frame wait timed out after 1000ms\n[teleop_server_node-1] [WARN] [1780986366.156543138] [teleop_server]: RealSense camera[0] frame wait timed out after 1000ms\n[teleop_server_node-1] [WARN] [1780986368.156948248] [teleop_server]: RealSense camera[0] frame wait timed out after 1000ms\n[teleop_server_node-1] [WARN] [1780986370.157357422] [teleop_server]: RealSense camera[0] frame wait timed out after 1000ms\n[teleop_server_node-1] [WARN] [1780986372.157784645] [teleop_server]: RealSense camera[0] frame wait timed out after 1000ms\n[teleop_server_node-1] [WARN] [1780986374.158194299] [teleop_server]: RealSense camera[0] frame wait timed out after 1000ms\n[teleop_server_node-1] [WARN] [1780986376.158594513] [teleop_server]: RealSense camera[0] frame wait timed out after 1000ms\n[teleop_server_node-1] [WARN] [1780986378.159009159] [teleop_server]: RealSense camera[0] frame wait timed out after 1000ms\n[teleop_server_node-1] [WARN] [1780986380.159404285] [teleop_server]: RealSense camera[0] frame wait timed out after 1000ms\n[teleop_server_node-1] [WARN] [1780986382.159795314] [teleop_server]: RealSense camera[0] frame wait timed out after 1000ms\n[teleop_server_node-1] [WARN] [1780986384.160190760] [teleop_server]: RealSense camera[0] frame wait timed out after 1000ms\n[teleop_server_node-1] [WARN] [1780986386.160581981] [teleop_server]: RealSense camera[0] frame wait timed out after 1000ms\n[teleop_server_node-1] [WARN] [1780986388.160977203] [teleop_server]: RealSense camera[0] frame wait timed out after 1000ms\n[teleop_server_node-1] [WARN] [1780986390.161375625] [teleop_server]: RealSense camera[0] frame wait timed out after 1000ms\n[teleop_server_node-1] [WARN] [1780986392.161777535] [teleop_server]: RealSense camera[0] frame wait timed out after 1000ms\n[teleop_server_node-1] [WARN] [1780986394.162170516] [teleop_server]: RealSense camera[0] frame wait timed out after 1000ms\n[teleop_server_node-1] [WARN] [1780986396.162589483] [teleop_server]: RealSense camera[0] frame wait timed out after 1000ms\n[teleop_server_node-1] [WARN] [1780986398.162988737] [teleop_server]: RealSense camera[0] frame wait timed out after 1000ms\n[teleop_server_node-1] [WARN] [1780986400.163396407] [teleop_server]: RealSense camera[0] frame wait timed out after 1000ms\n[teleop_server_node-1] [WARN] [1780986402.163787980] [teleop_server]: RealSense camera[0] frame wait timed out after 1000ms\n[teleop_server_node-1] [WARN] [1780986404.164191490] [teleop_server]: RealSense camera[0] frame wait timed out after 1000ms\n[teleop_server_node-1] [WARN] [1780986406.164587768] [teleop_server]: RealSense camera[0] frame wait timed out after 1000ms\n[teleop_server_node-1] [WARN] [1780986408.164980590] [teleop_server]: RealSense camera[0] frame wait timed out after 1000ms\n[teleop_server_node-1] [WARN] [1780986410.165370083] [teleop_server]: RealSense camera[0] frame wait timed out after 1000ms\n[teleop_server_node-1] [WARN] [1780986412.165792986] [teleop_server]: RealSense camera[0] frame wait timed out after 1000ms\n[teleop_server_node-1] [WARN] [1780986414.166187695] [teleop_server]: RealSense camera[0] frame wait timed out after 1000ms\n[teleop_server_node-1] [WARN] [1780986416.166603462] [teleop_server]: RealSense camera[0] frame wait timed out after 1000ms\n[teleop_server_node-1] [WARN] [1780986418.167009756] [teleop_server]: RealSense camera[0] frame wait timed out after 1000ms\n[teleop_server_node-1] [WARN] [1780986420.167413074] [teleop_server]: RealSense camera[0] frame wait timed out after 1000ms\n[teleop_server_node-1] [WARN] [1780986422.167902250] [teleop_server]: RealSense camera[0] frame wait timed out after 1000ms\n[teleop_server_node-1] [WARN] [1780986424.168298624] [teleop_server]: RealSense camera[0] frame wait timed out after 1000ms\n[teleop_server_node-1] [WARN] [1780986426.168713238] [teleop_server]: RealSense camera[0] frame wait timed out after 1000ms\n[teleop_server_node-1] [WARN] [1780986428.169104364] [teleop_server]: RealSense camera[0] frame wait timed out after 1000ms\n[teleop_server_node-1] [WARN] [1780986430.169449216] [teleop_server]: RealSense camera[0] frame wait timed out after 1000ms\n[teleop_server_node-1] [WARN] [1780986432.169849366] [teleop_server]: RealSense camera[0] frame wait timed out after 1000ms\n[teleop_server_node-1] [WARN] [1780986434.170237963] [teleop_server]: RealSense camera[0] frame wait timed out after 1000ms\n[teleop_server_node-1] [WARN] [1780986436.170660770] [teleop_server]: RealSense camera[0] frame wait timed out after 1000ms\n[teleop_server_node-1] [WARN] [1780986438.170999798] [teleop_server]: RealSense camera[0] frame wait timed out after 1000ms\n[teleop_server_node-1] [WARN] [1780986440.171395756] [teleop_server]: RealSense camera[0] frame wait timed out after 1000ms\n[teleop_server_node-1] [WARN] [1780986442.171783649] [teleop_server]: RealSense camera[0] frame wait timed out after 1000ms\n[teleop_server_node-1] [WARN] [1780986444.172163094] [teleop_server]: RealSense camera[0] frame wait timed out after 1000ms\n[teleop_server_node-1] [WARN] [1780986446.172570028] [teleop_server]: RealSense camera[0] frame wait timed out after 1000ms\n[teleop_server_node-1] [WARN] [1780986448.172965250] [teleop_server]: RealSense camera[0] frame wait timed out after 1000ms\n[teleop_server_node-1] [WARN] [1780986450.173357656] [teleop_server]: RealSense camera[0] frame wait timed out after 1000ms\n[teleop_server_node-1] [WARN] [1780986452.173804431] [teleop_server]: RealSense camera[0] frame wait timed out after 1000ms\n[teleop_server_node-1] [WARN] [1780986454.174200645] [teleop_server]: RealSense camera[0] frame wait timed out after 1000ms\n[teleop_server_node-1] [WARN] [1780986456.174601434] [teleop_server]: RealSense camera[0] frame wait timed out after 1000ms\n[teleop_server_node-1] [WARN] [1780986458.175010705] [teleop_server]: RealSense camera[0] frame wait timed out after 1000ms\n[teleop_server_node-1] [WARN] [1780986460.175454792] [teleop_server]: RealSense camera[0] frame wait timed out after 1000ms\n[teleop_server_node-1] [WARN] [1780986462.175861662] [teleop_server]: RealSense camera[0] frame wait timed out after 1000ms\n[teleop_server_node-1] [WARN] [1780986464.176230291] [teleop_server]: RealSense camera[0] frame wait timed out after 1000ms\n[teleop_server_node-1] [WARN] [1780986466.176648201] [teleop_server]: RealSense camera[0] frame wait timed out after 1000ms\n[teleop_server_node-1] [WARN] [1780986468.177068031] [teleop_server]: RealSense camera[0] frame wait timed out after 1000ms\n[teleop_server_node-1] [WARN] [1780986470.177473333] [teleop_server]: RealSense camera[0] frame wait timed out after 1000ms\n[teleop_server_node-1] [WARN] [1780986472.177884492] [teleop_server]: RealSense camera[0] frame wait timed out after 1000ms\n[teleop_server_node-1] [WARN] [1780986474.178300066] [teleop_server]: RealSense camera[0] frame wait timed out after 1000ms\n[teleop_server_node-1] [WARN] [1780986476.178752249] [teleop_server]: RealSense camera[0] frame wait timed out after 1000ms\n[teleop_server_node-1] [WARN] [1780986478.179147439] [teleop_server]: RealSense camera[0] frame wait timed out after 1000ms\n[teleop_server_node-1] [WARN] [1780986480.179552517] [teleop_server]: RealSense camera[0] frame wait timed out after 1000ms\n[teleop_server_node-1] [WARN] [1780986482.179950875] [teleop_server]: RealSense camera[0] frame wait timed out after 1000ms\n[teleop_server_node-1] [WARN] [1780986484.180351377] [teleop_server]: RealSense camera[0] frame wait timed out after 1000ms\n[teleop_server_node-1] [WARN] [1780986486.180754727] [teleop_server]: RealSense camera[0] frame wait timed out after 1000ms\n[teleop_server_node-1] [WARN] [1780986488.181148252] [teleop_server]: RealSense camera[0] frame wait timed out after 1000ms\n[teleop_server_node-1] [WARN] [1780986490.181546898] [teleop_server]: RealSense camera[0] frame wait timed out after 1000ms\n[teleop_server_node-1] [WARN] [1780986492.181965096] [teleop_server]: RealSense camera[0] frame wait timed out after 1000ms\n[teleop_server_node-1] [WARN] [1780986494.182359582] [teleop_server]: RealSense camera[0] frame wait timed out after 1000ms\n[teleop_server_node-1] [WARN] [1780986496.182756756] [teleop_server]: RealSense camera[0] frame wait timed out after 1000ms\n[teleop_server_node-1] [WARN] [1780986498.183145001] [teleop_server]: RealSense camera[0] frame wait timed out after 1000ms\n[teleop_server_node-1] [WARN] [1780986500.183531071] [teleop_server]: RealSense camera[0] frame wait timed out after 1000ms\n[teleop_server_node-1] [WARN] [1780986502.183916052] [teleop_server]: RealSense camera[0] frame wait timed out after 1000ms\n[teleop_server_node-1] [WARN] [1780986504.184408461] [teleop_server]: RealSense camera[0] frame wait timed out after 1000ms\n[teleop_server_node-1] [WARN] [1780986506.184827875] [teleop_server]: RealSense camera[0] frame wait timed out after 1000ms\n[teleop_server_node-1] [WARN] [1780986508.185228249] [teleop_server]: RealSense camera[0] frame wait timed out after 1000ms\n[teleop_server_node-1] [WARN] [1780986510.185654768] [teleop_server]: RealSense camera[0] frame wait timed out after 1000ms\n[teleop_server_node-1] [WARN] [1780986512.186039909] [teleop_server]: RealSense camera[0] frame wait timed out after 1000ms\n[teleop_server_node-1] [WARN] [1780986514.186438907] [teleop_server]: RealSense camera[0] frame wait timed out after 1000ms\n[teleop_server_node-1] [WARN] [1780986516.186834896] [teleop_server]: RealSense camera[0] frame wait timed out after 1000ms\n[teleop_server_node-1] [WARN] [1780986518.187247623] [teleop_server]: RealSense camera[0] frame wait timed out after 1000ms\n[teleop_server_node-1] [WARN] [1780986520.187663261] [teleop_server]: RealSense camera[0] frame wait timed out after 1000ms\n[teleop_server_node-1] [WARN] [1780986522.188026098] [teleop_server]: RealSense camera[0] frame wait timed out after 1000ms\n[teleop_server_node-1] [WARN] [1780986524.188411783] [teleop_server]: RealSense camera[0] frame wait timed out after 1000ms\n[teleop_server_node-1] [WARN] [1780986526.188794204] [teleop_server]: RealSense camera[0] frame wait timed out after 1000ms\n[teleop_server_node-1] [WARN] [1780986528.189203379] [teleop_server]: RealSense camera[0] frame wait timed out after 1000ms\n[teleop_server_node-1] [WARN] [1780986530.189570951] [teleop_server]: RealSense camera[0] frame wait timed out after 1000ms\n[teleop_server_node-1] [WARN] [1780986532.189966237] [teleop_server]: RealSense camera[0] frame wait timed out after 1000ms\n[teleop_server_node-1] [WARN] [1780986534.190333138] [teleop_server]: RealSense camera[0] frame wait timed out after 1000ms\n[teleop_server_node-1] [WARN] [1780986536.190724072] [teleop_server]: RealSense camera[0] frame wait timed out after 1000ms\n[teleop_server_node-1] [WARN] [1780986538.191118429] [teleop_server]: RealSense camera[0] frame wait timed out after 1000ms\n[teleop_server_node-1] [WARN] [1780986540.191500467] [teleop_server]: RealSense camera[0] frame wait timed out after 1000ms\n[teleop_server_node-1] [WARN] [1780986542.191905001] [teleop_server]: RealSense camera[0] frame wait timed out after 1000ms\n[teleop_server_node-1] [WARN] [1780986544.192279582] [teleop_server]: RealSense camera[0] frame wait timed out after 1000ms\n[teleop_server_node-1] [WARN] [1780986546.192653843] [teleop_server]: RealSense camera[0] frame wait timed out after 1000ms\n[teleop_server_node-1] [WARN] [1780986548.193028008] [teleop_server]: RealSense camera[0] frame wait timed out after 1000ms\n[teleop_server_node-1] [WARN] [1780986550.193399037] [teleop_server]: RealSense camera[0] frame wait timed out after 1000ms\n[teleop_server_node-1] [WARN] [1780986552.193801267] [teleop_server]: RealSense camera[0] frame wait timed out after 1000ms\n[teleop_server_node-1] [WARN] [1780986554.194207721] [teleop_server]: RealSense camera[0] frame wait timed out after 1000ms\n[teleop_server_node-1] [WARN] [1780986556.194606047] [teleop_server]: RealSense camera[0] frame wait timed out after 1000ms\n[teleop_server_node-1] [WARN] [1780986558.195023765] [teleop_server]: RealSense camera[0] frame wait timed out after 1000ms\n[teleop_server_node-1] [WARN] [1780986560.195430763] [teleop_server]: RealSense camera[0] frame wait timed out after 1000ms\n[teleop_server_node-1] [WARN] [1780986562.195833889] [teleop_server]: RealSense camera[0] frame wait timed out after 1000ms\n[teleop_server_node-1] [WARN] [1780986564.196211255] [teleop_server]: RealSense camera[0] frame wait timed out after 1000ms\n[teleop_server_node-1] [WARN] [1780986566.196592012] [teleop_server]: RealSense camera[0] frame wait timed out after 1000ms\n[teleop_server_node-1] [WARN] [1780986568.196973250] [teleop_server]: RealSense camera[0] frame wait timed out after 1000ms\n[teleop_server_node-1] [WARN] [1780986570.197288853] [teleop_server]: RealSense camera[0] frame wait timed out after 1000ms\n[teleop_server_node-1] [WARN] [1780986572.197610696] [teleop_server]: RealSense camera[0] frame wait timed out after 1000ms\n[teleop_server_node-1] [WARN] [1780986574.197949500] [teleop_server]: RealSense camera[0] frame wait timed out after 1000ms\n[teleop_server_node-1] [WARN] [1780986576.198276400] [teleop_server]: RealSense camera[0] frame wait timed out after 1000ms\n[teleop_server_node-1] [WARN] [1780986578.198595396] [teleop_server]: RealSense camera[0] frame wait timed out after 1000ms\n[teleop_server_node-1] [WARN] [1780986580.198938552] [teleop_server]: RealSense camera[0] frame wait timed out after 1000ms\n[teleop_server_node-1] [WARN] [1780986582.199349070] [teleop_server]: RealSense camera[0] frame wait timed out after 1000ms\n[teleop_server_node-1] [WARN] [1780986584.199679554] [teleop_server]: RealSense camera[0] frame wait timed out after 1000ms\n[teleop_server_node-1] [WARN] [1780986586.200094744] [teleop_server]: RealSense camera[0] frame wait timed out after 1000ms\n[teleop_server_node-1] [WARN] [1780986588.200424396] [teleop_server]: RealSense camera[0] frame wait timed out after 1000ms\n[teleop_server_node-1] [WARN] [1780986590.200775968] [teleop_server]: RealSense camera[0] frame wait timed out after 1000ms', 'stdout': '[teleop_server_node-1] [WARN] [1780986216.122954963] [teleop_server]: RealSense camera[0] frame wait timed out after 1000ms\n[teleop_server_node-1] [WARN] [1780986218.124031453] [teleop_server]: RealSense camera[0] frame wait timed out after 1000ms\n[teleop_server_node-1] [WARN] [1780986220.125259787] [teleop_server]: RealSense camera[0] frame wait timed out after 1000ms\n[teleop_server_node-1] [WARN] [1780986222.126486969] [teleop_server]: RealSense camera[0] frame wait timed out after 1000ms\n[teleop_server_node-1] [WARN] [1780986224.126877902] [teleop_server]: RealSense camera[0] frame wait timed out after 1000ms\n[teleop_server_node-1] [WARN] [1780986226.127294820] [teleop_server]: RealSense camera[0] frame wait timed out after 1000ms\n[teleop_server_node-1] [WARN] [1780986228.127734171] [teleop_server]: RealSense camera[0] frame wait timed out after 1000ms\n[teleop_server_node-1] [WARN] [1780986230.128146162] [teleop_server]: RealSense camera[0] frame wait timed out after 1000ms\n[teleop_server_node-1] [WARN] [1780986232.128601065] [teleop_server]: RealSense camera[0] frame wait timed out after 1000ms\n[teleop_server_node-1] [WARN] [1780986234.129094402] [teleop_server]: RealSense camera[0] frame wait timed out after 1000ms\n[teleop_server_node-1] [WARN] [1780986236.129745471] [teleop_server]: RealSense camera[0] frame wait timed out after 1000ms\n[teleop_server_node-1] [WARN] [1780986238.130146453] [teleop_server]: RealSense camera[0] frame wait timed out after 1000ms\n[teleop_server_node-1] [WARN] [1780986240.130575947] [teleop_server]: RealSense camera[0] frame wait timed out after 1000ms\n[teleop_server_node-1] [WARN] [1780986242.130999970] [teleop_server]: RealSense camera[0] frame wait timed out after 1000ms\n[teleop_server_node-1] [WARN] [1780986244.131413464] [teleop_server]: RealSense camera[0] frame wait timed out after 1000ms\n[teleop_server_node-1] [WARN] [1780986246.131806990] [teleop_server]: RealSense camera[0] frame wait timed out after 1000ms\n[teleop_server_node-1] [WARN] [1780986248.132206436] [teleop_server]: RealSense camera[0] frame wait timed out after 1000ms\n[teleop_server_node-1] [WARN] [1780986250.132636346] [teleop_server]: RealSense camera[0] frame wait timed out after 1000ms\n[teleop_server_node-1] [WARN] [1780986252.133039344] [teleop_server]: RealSense camera[0] frame wait timed out after 1000ms\n[teleop_server_node-1] [WARN] [1780986254.133462087] [teleop_server]: RealSense camera[0] frame wait timed out after 1000ms\n[teleop_server_node-1] [WARN] [1780986256.133854812] [teleop_server]: RealSense camera[0] frame wait timed out after 1000ms\n[teleop_server_node-1] [WARN] [1780986258.134255314] [teleop_server]: RealSense camera[0] frame wait timed out after 1000ms\n[teleop_server_node-1] [WARN] [1780986260.134776748] [teleop_server]: RealSense camera[0] frame wait timed out after 1000ms\n[teleop_server_node-1] [WARN] [1780986262.135171937] [teleop_server]: RealSense camera[0] frame wait timed out after 1000ms\n[teleop_server_node-1] [WARN] [1780986264.135555863] [teleop_server]: RealSense camera[0] frame wait timed out after 1000ms\n[teleop_server_node-1] [WARN] [1780986266.136047311] [teleop_server]: RealSense camera[0] frame wait timed out after 1000ms\n[teleop_server_node-1] [WARN] [1780986268.136465254] [teleop_server]: RealSense camera[0] frame wait timed out after 1000ms\n[teleop_server_node-1] [WARN] [1780986270.136868636] [teleop_server]: RealSense camera[0] frame wait timed out after 1000ms\n[teleop_server_node-1] [WARN] [1780986272.137282930] [teleop_server]: RealSense camera[0] frame wait timed out after 1000ms\n[teleop_server_node-1] [WARN] [1780986274.137727177] [teleop_server]: RealSense camera[0] frame wait timed out after 1000ms\n[teleop_server_node-1] [WARN] [1780986276.138115134] [teleop_server]: RealSense camera[0] frame wait timed out after 1000ms\n[teleop_server_node-1] [WARN] [1780986278.138535797] [teleop_server]: RealSense camera[0] frame wait timed out after 1000ms\n[teleop_server_node-1] [WARN] [1780986280.138952363] [teleop_server]: RealSense camera[0] frame wait timed out after 1000ms\n[teleop_server_node-1] [WARN] [1780986282.139437348] [teleop_server]: RealSense camera[0] frame wait timed out after 1000ms\n[teleop_server_node-1] [WARN] [1780986284.139849466] [teleop_server]: RealSense camera[0] frame wait timed out after 1000ms\n[teleop_server_node-1] [WARN] [1780986286.140305937] [teleop_server]: RealSense camera[0] frame wait timed out after 1000ms\n[teleop_server_node-1] [WARN] [1780986288.140767977] [teleop_server]: RealSense camera[0] frame wait timed out after 1000ms\n[teleop_server_node-1] [WARN] [1780986290.141183487] [teleop_server]: RealSense camera[0] frame wait timed out after 1000ms\n[teleop_server_node-1] [WARN] [1780986292.141580757] [teleop_server]: RealSense camera[0] frame wait timed out after 1000ms\n[teleop_server_node-1] [WARN] [1780986294.142042605] [teleop_server]: RealSense camera[0] frame wait timed out after 1000ms\n[teleop_server_node-1] [WARN] [1780986296.142445187] [teleop_server]: RealSense camera[0] frame wait timed out after 1000ms\n[teleop_server_node-1] [WARN] [1780986298.142837496] [teleop_server]: RealSense camera[0] frame wait timed out after 1000ms\n[teleop_server_node-1] [WARN] [1780986300.143202765] [teleop_server]: RealSense camera[0] frame wait timed out after 1000ms\n[teleop_server_node-1] [WARN] [1780986302.143595427] [teleop_server]: RealSense camera[0] frame wait timed out after 1000ms\n[teleop_server_node-1] [WARN] [1780986304.143981240] [teleop_server]: RealSense camera[0] frame wait timed out after 1000ms\n[teleop_server_node-1] [WARN] [1780986306.144334861] [teleop_server]: RealSense camera[0] frame wait timed out after 1000ms\n[teleop_server_node-1] [WARN] [1780986308.144736674] [teleop_server]: RealSense camera[0] frame wait timed out after 1000ms\n[teleop_server_node-1] [WARN] [1780986310.145109143] [teleop_server]: RealSense camera[0] frame wait timed out after 1000ms\n[teleop_server_node-1] [WARN] [1780986312.145598736] [teleop_server]: RealSense camera[0] frame wait timed out after 1000ms\n[teleop_server_node-1] [WARN] [1780986314.145963301] [teleop_server]: RealSense camera[0] frame wait timed out after 1000ms\n[teleop_server_node-1] [WARN] [1780986316.146383259] [teleop_server]: RealSense camera[0] frame wait timed out after 1000ms\n[teleop_server_node-1] [WARN] [1780986318.146786929] [teleop_server]: RealSense camera[0] frame wait timed out after 1000ms\n[teleop_server_node-1] [WARN] [1780986320.147165670] [teleop_server]: RealSense camera[0] frame wait timed out after 1000ms\n[teleop_server_node-1] [WARN] [1780986322.147537179] [teleop_server]: RealSense camera[0] frame wait timed out after 1000ms\n[teleop_server_node-1] [WARN] [1780986324.147936145] [teleop_server]: RealSense camera[0] frame wait timed out after 1000ms\n[teleop_server_node-1] [WARN] [1780986326.148310342] [teleop_server]: RealSense camera[0] frame wait timed out after 1000ms\n[teleop_server_node-1] [WARN] [1780986328.148697660] [teleop_server]: RealSense camera[0] frame wait timed out after 1000ms\n[teleop_server_node-1] [WARN] [1780986330.149103890] [teleop_server]: RealSense camera[0] frame wait timed out after 1000ms\n[teleop_server_node-1] [WARN] [1780986332.149487303] [teleop_server]: RealSense camera[0] frame wait timed out after 1000ms\n[teleop_server_node-1] [WARN] [1780986334.149919582] [teleop_server]: RealSense camera[0] frame wait timed out after 1000ms\n[teleop_server_node-1] [WARN] [1780986336.150305811] [teleop_server]: RealSense camera[0] frame wait timed out after 1000ms\n[teleop_server_node-1] [WARN] [1780986338.150689097] [teleop_server]: RealSense camera[0] frame wait timed out after 1000ms\n[teleop_server_node-1] [WARN] [1780986340.151199202] [teleop_server]: RealSense camera[0] frame wait timed out after 1000ms\n[teleop_server_node-1] [WARN] [1780986342.151722843] [teleop_server]: RealSense camera[0] frame wait timed out after 1000ms\n[teleop_server_node-1] [WARN] [1780986344.152114897] [teleop_server]: RealSense camera[0] frame wait timed out after 1000ms\n[teleop_server_node-1] [WARN] [1780986346.152514151] [teleop_server]: RealSense camera[0] frame wait timed out after 1000ms\n[teleop_server_node-1] [WARN] [1780986348.152971422] [teleop_server]: RealSense camera[0] frame wait timed out after 1000ms\n[teleop_server_node-1] [WARN] [1780986350.153372788] [teleop_server]: RealSense camera[0] frame wait timed out after 1000ms\n[teleop_server_node-1] [WARN] [1780986352.153798635] [teleop_server]: RealSense camera[0] frame wait timed out after 1000ms\n[teleop_server_node-1] [WARN] [1780986354.154190176] [teleop_server]: RealSense camera[0] frame wait timed out after 1000ms\n[teleop_server_node-1] [WARN] [1780986356.154577174] [teleop_server]: RealSense camera[0] frame wait timed out after 1000ms\n[teleop_server_node-1] [WARN] [1780986358.154956395] [teleop_server]: RealSense camera[0] frame wait timed out after 1000ms\n[teleop_server_node-1] [WARN] [1780986360.155362081] [teleop_server]: RealSense camera[0] frame wait timed out after 1000ms\n[teleop_server_node-1] [WARN] [1780986362.155755927] [teleop_server]: RealSense camera[0] frame wait timed out after 1000ms\n[teleop_server_node-1] [WARN] [1780986364.156139916] [teleop_server]: RealSense camera[0] frame wait timed out after 1000ms\n[teleop_server_node-1] [WARN] [1780986366.156543138] [teleop_server]: RealSense camera[0] frame wait timed out after 1000ms\n[teleop_server_node-1] [WARN] [1780986368.156948248] [teleop_server]: RealSense camera[0] frame wait timed out after 1000ms\n[teleop_server_node-1] [WARN] [1780986370.157357422] [teleop_server]: RealSense camera[0] frame wait timed out after 1000ms\n[teleop_server_node-1] [WARN] [1780986372.157784645] [teleop_server]: RealSense camera[0] frame wait timed out after 1000ms\n[teleop_server_node-1] [WARN] [1780986374.158194299] [teleop_server]: RealSense camera[0] frame wait timed out after 1000ms\n[teleop_server_node-1] [WARN] [1780986376.158594513] [teleop_server]: RealSense camera[0] frame wait timed out after 1000ms\n[teleop_server_node-1] [WARN] [1780986378.159009159] [teleop_server]: RealSense camera[0] frame wait timed out after 1000ms\n[teleop_server_node-1] [WARN] [1780986380.159404285] [teleop_server]: RealSense camera[0] frame wait timed out after 1000ms\n[teleop_server_node-1] [WARN] [1780986382.159795314] [teleop_server]: RealSense camera[0] frame wait timed out after 1000ms\n[teleop_server_node-1] [WARN] [1780986384.160190760] [teleop_server]: RealSense camera[0] frame wait timed out after 1000ms\n[teleop_server_node-1] [WARN] [1780986386.160581981] [teleop_server]: RealSense camera[0] frame wait timed out after 1000ms\n[teleop_server_node-1] [WARN] [1780986388.160977203] [teleop_server]: RealSense camera[0] frame wait timed out after 1000ms\n[teleop_server_node-1] [WARN] [1780986390.161375625] [teleop_server]: RealSense camera[0] frame wait timed out after 1000ms\n[teleop_server_node-1] [WARN] [1780986392.161777535] [teleop_server]: RealSense camera[0] frame wait timed out after 1000ms\n[teleop_server_node-1] [WARN] [1780986394.162170516] [teleop_server]: RealSense camera[0] frame wait timed out after 1000ms\n[teleop_server_node-1] [WARN] [1780986396.162589483] [teleop_server]: RealSense camera[0] frame wait timed out after 1000ms\n[teleop_server_node-1] [WARN] [1780986398.162988737] [teleop_server]: RealSense camera[0] frame wait timed out after 1000ms\n[teleop_server_node-1] [WARN] [1780986400.163396407] [teleop_server]: RealSense camera[0] frame wait timed out after 1000ms\n[teleop_server_node-1] [WARN] [1780986402.163787980] [teleop_server]: RealSense camera[0] frame wait timed out after 1000ms\n[teleop_server_node-1] [WARN] [1780986404.164191490] [teleop_server]: RealSense camera[0] frame wait timed out after 1000ms\n[teleop_server_node-1] [WARN] [1780986406.164587768] [teleop_server]: RealSense camera[0] frame wait timed out after 1000ms\n[teleop_server_node-1] [WARN] [1780986408.164980590] [teleop_server]: RealSense camera[0] frame wait timed out after 1000ms\n[teleop_server_node-1] [WARN] [1780986410.165370083] [teleop_server]: RealSense camera[0] frame wait timed out after 1000ms\n[teleop_server_node-1] [WARN] [1780986412.165792986] [teleop_server]: RealSense camera[0] frame wait timed out after 1000ms\n[teleop_server_node-1] [WARN] [1780986414.166187695] [teleop_server]: RealSense camera[0] frame wait timed out after 1000ms\n[teleop_server_node-1] [WARN] [1780986416.166603462] [teleop_server]: RealSense camera[0] frame wait timed out after 1000ms\n[teleop_server_node-1] [WARN] [1780986418.167009756] [teleop_server]: RealSense camera[0] frame wait timed out after 1000ms\n[teleop_server_node-1] [WARN] [1780986420.167413074] [teleop_server]: RealSense camera[0] frame wait timed out after 1000ms\n[teleop_server_node-1] [WARN] [1780986422.167902250] [teleop_server]: RealSense camera[0] frame wait timed out after 1000ms\n[teleop_server_node-1] [WARN] [1780986424.168298624] [teleop_server]: RealSense camera[0] frame wait timed out after 1000ms\n[teleop_server_node-1] [WARN] [1780986426.168713238] [teleop_server]: RealSense camera[0] frame wait timed out after 1000ms\n[teleop_server_node-1] [WARN] [1780986428.169104364] [teleop_server]: RealSense camera[0] frame wait timed out after 1000ms\n[teleop_server_node-1] [WARN] [1780986430.169449216] [teleop_server]: RealSense camera[0] frame wait timed out after 1000ms\n[teleop_server_node-1] [WARN] [1780986432.169849366] [teleop_server]: RealSense camera[0] frame wait timed out after 1000ms\n[teleop_server_node-1] [WARN] [1780986434.170237963] [teleop_server]: RealSense camera[0] frame wait timed out after 1000ms\n[teleop_server_node-1] [WARN] [1780986436.170660770] [teleop_server]: RealSense camera[0] frame wait timed out after 1000ms\n[teleop_server_node-1] [WARN] [1780986438.170999798] [teleop_server]: RealSense camera[0] frame wait timed out after 1000ms\n[teleop_server_node-1] [WARN] [1780986440.171395756] [teleop_server]: RealSense camera[0] frame wait timed out after 1000ms\n[teleop_server_node-1] [WARN] [1780986442.171783649] [teleop_server]: RealSense camera[0] frame wait timed out after 1000ms\n[teleop_server_node-1] [WARN] [1780986444.172163094] [teleop_server]: RealSense camera[0] frame wait timed out after 1000ms\n[teleop_server_node-1] [WARN] [1780986446.172570028] [teleop_server]: RealSense camera[0] frame wait timed out after 1000ms\n[teleop_server_node-1] [WARN] [1780986448.172965250] [teleop_server]: RealSense camera[0] frame wait timed out after 1000ms\n[teleop_server_node-1] [WARN] [1780986450.173357656] [teleop_server]: RealSense camera[0] frame wait timed out after 1000ms\n[teleop_server_node-1] [WARN] [1780986452.173804431] [teleop_server]: RealSense camera[0] frame wait timed out after 1000ms\n[teleop_server_node-1] [WARN] [1780986454.174200645] [teleop_server]: RealSense camera[0] frame wait timed out after 1000ms\n[teleop_server_node-1] [WARN] [1780986456.174601434] [teleop_server]: RealSense camera[0] frame wait timed out after 1000ms\n[teleop_server_node-1] [WARN] [1780986458.175010705] [teleop_server]: RealSense camera[0] frame wait timed out after 1000ms\n[teleop_server_node-1] [WARN] [1780986460.175454792] [teleop_server]: RealSense camera[0] frame wait timed out after 1000ms\n[teleop_server_node-1] [WARN] [1780986462.175861662] [teleop_server]: RealSense camera[0] frame wait timed out after 1000ms\n[teleop_server_node-1] [WARN] [1780986464.176230291] [teleop_server]: RealSense camera[0] frame wait timed out after 1000ms\n[teleop_server_node-1] [WARN] [1780986466.176648201] [teleop_server]: RealSense camera[0] frame wait timed out after 1000ms\n[teleop_server_node-1] [WARN] [1780986468.177068031] [teleop_server]: RealSense camera[0] frame wait timed out after 1000ms\n[teleop_server_node-1] [WARN] [1780986470.177473333] [teleop_server]: RealSense camera[0] frame wait timed out after 1000ms\n[teleop_server_node-1] [WARN] [1780986472.177884492] [teleop_server]: RealSense camera[0] frame wait timed out after 1000ms\n[teleop_server_node-1] [WARN] [1780986474.178300066] [teleop_server]: RealSense camera[0] frame wait timed out after 1000ms\n[teleop_server_node-1] [WARN] [1780986476.178752249] [teleop_server]: RealSense camera[0] frame wait timed out after 1000ms\n[teleop_server_node-1] [WARN] [1780986478.179147439] [teleop_server]: RealSense camera[0] frame wait timed out after 1000ms\n[teleop_server_node-1] [WARN] [1780986480.179552517] [teleop_server]: RealSense camera[0] frame wait timed out after 1000ms\n[teleop_server_node-1] [WARN] [1780986482.179950875] [teleop_server]: RealSense camera[0] frame wait timed out after 1000ms\n[teleop_server_node-1] [WARN] [1780986484.180351377] [teleop_server]: RealSense camera[0] frame wait timed out after 1000ms\n[teleop_server_node-1] [WARN] [1780986486.180754727] [teleop_server]: RealSense camera[0] frame wait timed out after 1000ms\n[teleop_server_node-1] [WARN] [1780986488.181148252] [teleop_server]: RealSense camera[0] frame wait timed out after 1000ms\n[teleop_server_node-1] [WARN] [1780986490.181546898] [teleop_server]: RealSense camera[0] frame wait timed out after 1000ms\n[teleop_server_node-1] [WARN] [1780986492.181965096] [teleop_server]: RealSense camera[0] frame wait timed out after 1000ms\n[teleop_server_node-1] [WARN] [1780986494.182359582] [teleop_server]: RealSense camera[0] frame wait timed out after 1000ms\n[teleop_server_node-1] [WARN] [1780986496.182756756] [teleop_server]: RealSense camera[0] frame wait timed out after 1000ms\n[teleop_server_node-1] [WARN] [1780986498.183145001] [teleop_server]: RealSense camera[0] frame wait timed out after 1000ms\n[teleop_server_node-1] [WARN] [1780986500.183531071] [teleop_server]: RealSense camera[0] frame wait timed out after 1000ms\n[teleop_server_node-1] [WARN] [1780986502.183916052] [teleop_server]: RealSense camera[0] frame wait timed out after 1000ms\n[teleop_server_node-1] [WARN] [1780986504.184408461] [teleop_server]: RealSense camera[0] frame wait timed out after 1000ms\n[teleop_server_node-1] [WARN] [1780986506.184827875] [teleop_server]: RealSense camera[0] frame wait timed out after 1000ms\n[teleop_server_node-1] [WARN] [1780986508.185228249] [teleop_server]: RealSense camera[0] frame wait timed out after 1000ms\n[teleop_server_node-1] [WARN] [1780986510.185654768] [teleop_server]: RealSense camera[0] frame wait timed out after 1000ms\n[teleop_server_node-1] [WARN] [1780986512.186039909] [teleop_server]: RealSense camera[0] frame wait timed out after 1000ms\n[teleop_server_node-1] [WARN] [1780986514.186438907] [teleop_server]: RealSense camera[0] frame wait timed out after 1000ms\n[teleop_server_node-1] [WARN] [1780986516.186834896] [teleop_server]: RealSense camera[0] frame wait timed out after 1000ms\n[teleop_server_node-1] [WARN] [1780986518.187247623] [teleop_server]: RealSense camera[0] frame wait timed out after 1000ms\n[teleop_server_node-1] [WARN] [1780986520.187663261] [teleop_server]: RealSense camera[0] frame wait timed out after 1000ms\n[teleop_server_node-1] [WARN] [1780986522.188026098] [teleop_server]: RealSense camera[0] frame wait timed out after 1000ms\n[teleop_server_node-1] [WARN] [1780986524.188411783] [teleop_server]: RealSense camera[0] frame wait timed out after 1000ms\n[teleop_server_node-1] [WARN] [1780986526.188794204] [teleop_server]: RealSense camera[0] frame wait timed out after 1000ms\n[teleop_server_node-1] [WARN] [1780986528.189203379] [teleop_server]: RealSense camera[0] frame wait timed out after 1000ms\n[teleop_server_node-1] [WARN] [1780986530.189570951] [teleop_server]: RealSense camera[0] frame wait timed out after 1000ms\n[teleop_server_node-1] [WARN] [1780986532.189966237] [teleop_server]: RealSense camera[0] frame wait timed out after 1000ms\n[teleop_server_node-1] [WARN] [1780986534.190333138] [teleop_server]: RealSense camera[0] frame wait timed out after 1000ms\n[teleop_server_node-1] [WARN] [1780986536.190724072] [teleop_server]: RealSense camera[0] frame wait timed out after 1000ms\n[teleop_server_node-1] [WARN] [1780986538.191118429] [teleop_server]: RealSense camera[0] frame wait timed out after 1000ms\n[teleop_server_node-1] [WARN] [1780986540.191500467] [teleop_server]: RealSense camera[0] frame wait timed out after 1000ms\n[teleop_server_node-1] [WARN] [1780986542.191905001] [teleop_server]: RealSense camera[0] frame wait timed out after 1000ms\n[teleop_server_node-1] [WARN] [1780986544.192279582] [teleop_server]: RealSense camera[0] frame wait timed out after 1000ms\n[teleop_server_node-1] [WARN] [1780986546.192653843] [teleop_server]: RealSense camera[0] frame wait timed out after 1000ms\n[teleop_server_node-1] [WARN] [1780986548.193028008] [teleop_server]: RealSense camera[0] frame wait timed out after 1000ms\n[teleop_server_node-1] [WARN] [1780986550.193399037] [teleop_server]: RealSense camera[0] frame wait timed out after 1000ms\n[teleop_server_node-1] [WARN] [1780986552.193801267] [teleop_server]: RealSense camera[0] frame wait timed out after 1000ms\n[teleop_server_node-1] [WARN] [1780986554.194207721] [teleop_server]: RealSense camera[0] frame wait timed out after 1000ms\n[teleop_server_node-1] [WARN] [1780986556.194606047] [teleop_server]: RealSense camera[0] frame wait timed out after 1000ms\n[teleop_server_node-1] [WARN] [1780986558.195023765] [teleop_server]: RealSense camera[0] frame wait timed out after 1000ms\n[teleop_server_node-1] [WARN] [1780986560.195430763] [teleop_server]: RealSense camera[0] frame wait timed out after 1000ms\n[teleop_server_node-1] [WARN] [1780986562.195833889] [teleop_server]: RealSense camera[0] frame wait timed out after 1000ms\n[teleop_server_node-1] [WARN] [1780986564.196211255] [teleop_server]: RealSense camera[0] frame wait timed out after 1000ms\n[teleop_server_node-1] [WARN] [1780986566.196592012] [teleop_server]: RealSense camera[0] frame wait timed out after 1000ms\n[teleop_server_node-1] [WARN] [1780986568.196973250] [teleop_server]: RealSense camera[0] frame wait timed out after 1000ms\n[teleop_server_node-1] [WARN] [1780986570.197288853] [teleop_server]: RealSense camera[0] frame wait timed out after 1000ms\n[teleop_server_node-1] [WARN] [1780986572.197610696] [teleop_server]: RealSense camera[0] frame wait timed out after 1000ms\n[teleop_server_node-1] [WARN] [1780986574.197949500] [teleop_server]: RealSense camera[0] frame wait timed out after 1000ms\n[teleop_server_node-1] [WARN] [1780986576.198276400] [teleop_server]: RealSense camera[0] frame wait timed out after 1000ms\n[teleop_server_node-1] [WARN] [1780986578.198595396] [teleop_server]: RealSense camera[0] frame wait timed out after 1000ms\n[teleop_server_node-1] [WARN] [1780986580.198938552] [teleop_server]: RealSense camera[0] frame wait timed out after 1000ms\n[teleop_server_node-1] [WARN] [1780986582.199349070] [teleop_server]: RealSense camera[0] frame wait timed out after 1000ms\n[teleop_server_node-1] [WARN] [1780986584.199679554] [teleop_server]: RealSense camera[0] frame wait timed out after 1000ms\n[teleop_server_node-1] [WARN] [1780986586.200094744] [teleop_server]: RealSense camera[0] frame wait timed out after 1000ms\n[teleop_server_node-1] [WARN] [1780986588.200424396] [teleop_server]: RealSense camera[0] frame wait timed out after 1000ms\n[teleop_server_node-1] [WARN] [1780986590.200775968] [teleop_server]: RealSense camera[0] frame wait timed out after 1000ms', 'stderr': '', 'reason': 'cos_teleop 服务正在运行，但日志中存在相机读取或初始化异常。', 'suggestion': '请尝试重启 cos_teleop.service；如果仍异常，请检查相机 Type-C 连接、udev 映射、相机设备状态或相机是否被占用。'})[0m

TASK [Calculate report card status from final checks] **************************
[0;32mok: [g1_robot_060][0m

TASK [Build report card summary] ***********************************************
[0;32mok: [g1_robot_060][0m

TASK [Build host final report] *************************************************
[0;32mok: [g1_robot_060][0m

TASK [Print host check summary] ************************************************
[0;32mok: [g1_robot_060] => {[0m
[0;32m    "msg": [[0m
[0;32m        "==================================================",[0m
[0;32m        "G1 environment check: g1_robot_060 (192.168.90.60)",[0m
[0;32m        "mode=install, robot_id=60, end_effector=dex1",[0m
[0;32m        "overall_status=WARN",[0m
[0;32m        "OK=35, WARN=2, FAIL=0, SKIP=0",[0m
[0;32m        "failed_items=[]",[0m
[0;32m        "warn_items=['/dev/cam_head', 'cos_teleop camera log']",[0m
[0;32m        "install_failed_items=['common apt dependencies', 'python packages']",[0m
[0;32m        "=================================================="[0m
[0;32m    ][0m
[0;32m}[0m

TASK [Ensure local reports directory exists] ***********************************
[0;32mok: [g1_robot_060][0m

TASK [Write per-host JSON report] **********************************************
[0;33mchanged: [g1_robot_060][0m

TASK [Write aggregate JSON report] *********************************************
[0;33mchanged: [g1_robot_060][0m

TASK [Print local report paths] ************************************************
[0;32mok: [g1_robot_060] => {[0m
[0;32m    "msg": [[0m
[0;32m        "Per-host reports: /home/jeff/coscene/code/codex/基础环境检查/reports/<inventory_hostname>.json",[0m
[0;32m        "Aggregate report: /home/jeff/coscene/code/codex/基础环境检查/reports/g1_env_summary.json"[0m
[0;32m    ][0m
[0;32m}[0m

PLAY RECAP *********************************************************************
[0;33mg1_robot_060[0m               : [0;32mok=110 [0m [0;33mchanged=6   [0m unreachable=0    failed=0    [0;36mskipped=84  [0m rescued=0    ignored=0   


returncode=0
