$ ansible-playbook -k -K -T 15 -i '/home/jeff/coscene/code/codex/基础环境检查/inventory.ini' -e '{"ansible_ssh_common_args": "-o PreferredAuthentications=password -o PubkeyAuthentication=no -o StrictHostKeyChecking=no -o UserKnownHostsFile=/dev/null -o ConnectTimeout=5 -o ConnectionAttempts=1"}' '/home/jeff/coscene/code/codex/基础环境检查/check_base_env.yml' --limit g1_robot_065
cwd=/home/jeff/coscene/code/codex/基础环境检查

SSH password: 
[operator_console] detected SSH password prompt, password sent

BECOME password[defaults to SSH password]: 
[operator_console] detected BECOME password prompt, sudo password sent


PLAY [Check G1 base environment] ***********************************************

TASK [Gathering Facts] *********************************************************
[0;32mok: [g1_robot_065][0m

TASK [Normalize run mode] ******************************************************
[0;32mok: [g1_robot_065][0m

TASK [Validate run mode] *******************************************************
[0;32mok: [g1_robot_065] => {[0m
[0;32m    "changed": false,[0m
[0;32m    "msg": "All assertions passed"[0m
[0;32m}[0m

TASK [Initialize result buckets] ***********************************************
[0;32mok: [g1_robot_065][0m

TASK [Normalize end effector type] *********************************************
[0;32mok: [g1_robot_065][0m

TASK [Warn when end_effector is missing or invalid] ****************************
[0;36mskipping: [g1_robot_065][0m

TASK [Check remote_start service presence before run] **************************
[0;32mok: [g1_robot_065][0m

TASK [Stop remote_start service during run] ************************************
[0;33mchanged: [g1_robot_065][0m

TASK [Record remote_start preflight stop check result] *************************
[0;32mok: [g1_robot_065][0m

TASK [Record remote_start preflight stop install result] ***********************
[0;36mskipping: [g1_robot_065][0m

TASK [Get controller current time before installation] *************************
[0;36mskipping: [g1_robot_065][0m

TASK [Sync robot time from controller before installation] *********************
[0;36mskipping: [g1_robot_065][0m

TASK [Check common apt dependencies before installation] ***********************
[0;36mskipping: [g1_robot_065] => (item=build-essential) [0m
[0;36mskipping: [g1_robot_065] => (item=cmake) [0m
[0;36mskipping: [g1_robot_065] => (item=make) [0m
[0;36mskipping: [g1_robot_065] => (item=libeigen3-dev) [0m
[0;36mskipping: [g1_robot_065] => (item=libspdlog-dev) [0m
[0;36mskipping: [g1_robot_065] => (item=libfmt-dev) [0m
[0;36mskipping: [g1_robot_065] => (item=libboost-all-dev) [0m
[0;36mskipping: [g1_robot_065] => (item=libyaml-cpp-dev) [0m

TASK [Set missing common apt package facts] ************************************
[0;36mskipping: [g1_robot_065][0m

TASK [Install missing common apt dependencies] *********************************
[0;36mskipping: [g1_robot_065][0m

TASK [Record common apt installation result] ***********************************
[0;36mskipping: [g1_robot_065][0m

TASK [Detect conda before installation] ****************************************
[0;36mskipping: [g1_robot_065][0m

TASK [Set pre-install conda facts] *********************************************
[0;36mskipping: [g1_robot_065][0m

TASK [Check miniconda installers] **********************************************
[0;36mskipping: [g1_robot_065] => (item=/home/unitree/g1_setup/miniconda3/miniconda.sh) [0m
[0;36mskipping: [g1_robot_065] => (item=/home/unitree/g1_setup/miniconda.sh) [0m

TASK [Pick miniconda installer] ************************************************
[0;36mskipping: [g1_robot_065][0m

TASK [Install miniconda when conda is missing] *********************************
[0;36mskipping: [g1_robot_065][0m

TASK [Record miniconda installation result] ************************************
[0;36mskipping: [g1_robot_065][0m

TASK [Re-detect conda after installation] **************************************
[0;36mskipping: [g1_robot_065][0m

TASK [Set final install conda facts] *******************************************
[0;36mskipping: [g1_robot_065][0m

TASK [Check tv environment before installation] ********************************
[0;36mskipping: [g1_robot_065][0m

TASK [Check existing tv python version before installation] ********************
[0;36mskipping: [g1_robot_065][0m

TASK [Set tv python version mismatch facts] ************************************
[0;36mskipping: [g1_robot_065][0m

TASK [Backup and recreate tv conda environment on version mismatch] ************
[0;36mskipping: [g1_robot_065][0m

TASK [Record tv environment recreate result] ***********************************
[0;36mskipping: [g1_robot_065][0m

TASK [Create tv conda environment] *********************************************
[0;36mskipping: [g1_robot_065][0m

TASK [Record tv environment installation result] *******************************
[0;36mskipping: [g1_robot_065][0m

TASK [Check tv environment after possible creation] ****************************
[0;36mskipping: [g1_robot_065][0m

TASK [Set pip install mode facts] **********************************************
[0;36mskipping: [g1_robot_065][0m

TASK [Record Python package install environment] *******************************
[0;36mskipping: [g1_robot_065][0m

TASK [Print Python package install environment] ********************************
[0;36mskipping: [g1_robot_065][0m

TASK [Install Python packages into tv] *****************************************
[0;36mskipping: [g1_robot_065][0m

TASK [Recheck Python package imports after installation] ***********************
[0;36mskipping: [g1_robot_065] => (item={'import_name': 'cv2', 'pip_name': 'opencv-python', 'display_name': 'Python cv2'}) [0m
[0;36mskipping: [g1_robot_065] => (item={'import_name': 'zmq', 'pip_name': 'pyzmq', 'display_name': 'Python zmq'}) [0m
[0;36mskipping: [g1_robot_065] => (item={'import_name': 'logging_mp', 'pip_name': 'logging_mp', 'display_name': 'Python logging_mp'}) [0m
[0;36mskipping: [g1_robot_065] => (item={'import_name': 'av', 'pip_name': 'av', 'display_name': 'Python av'}) [0m
[0;36mskipping: [g1_robot_065] => (item={'import_name': 'numpy', 'pip_name': 'numpy', 'display_name': 'Python numpy'}) [0m

TASK [Record Python package installation result] *******************************
[0;36mskipping: [g1_robot_065][0m

TASK [Check unitree_sdk2 installed outputs before build] ***********************
[0;36mskipping: [g1_robot_065] => (item=/usr/local/lib/libunitree_sdk2.a) [0m
[0;36mskipping: [g1_robot_065] => (item=/usr/local/lib/cmake/unitree_sdk2/unitree_sdk2Config.cmake) [0m
[0;36mskipping: [g1_robot_065] => (item=/usr/local/include/unitree/idl/go2/MotorCmds_.hpp) [0m

TASK [Check unitree_sdk2 source before build] **********************************
[0;36mskipping: [g1_robot_065][0m

TASK [Build and install unitree_sdk2] ******************************************
[0;36mskipping: [g1_robot_065][0m

TASK [Record unitree_sdk2 installation result] *********************************
[0;36mskipping: [g1_robot_065][0m

TASK [Check remote_start source directory] *************************************
[0;36mskipping: [g1_robot_065][0m

TASK [Check remote binary before build] ****************************************
[0;36mskipping: [g1_robot_065][0m

TASK [Build remote_start binary when missing] **********************************
[0;36mskipping: [g1_robot_065][0m

TASK [Check remote binary after possible build] ********************************
[0;36mskipping: [g1_robot_065][0m

TASK [Ensure remote binary executable when present] ****************************
[0;36mskipping: [g1_robot_065][0m

TASK [Check project remote_start service file] *********************************
[0;36mskipping: [g1_robot_065][0m

TASK [Copy project remote_start systemd unit] **********************************
[0;36mskipping: [g1_robot_065][0m

TASK [Install fallback remote_start systemd unit] ******************************
[0;36mskipping: [g1_robot_065][0m

TASK [Reload systemd after remote_start service installation] ******************
[0;36mskipping: [g1_robot_065][0m

TASK [Enable and restart remote_start service when requested] ******************
[0;36mskipping: [g1_robot_065][0m

TASK [Record remote_start installation result] *********************************
[0;36mskipping: [g1_robot_065][0m

TASK [Set dex1 install paths] **************************************************
[0;36mskipping: [g1_robot_065][0m

TASK [Check dex1 source directory before build] ********************************
[0;36mskipping: [g1_robot_065][0m

TASK [Check dex1 binaries before build] ****************************************
[0;36mskipping: [g1_robot_065][0m

TASK [Build dex1 service binaries when missing] ********************************
[0;36mskipping: [g1_robot_065][0m

TASK [Check dex1 binaries after possible build] ********************************
[0;36mskipping: [g1_robot_065][0m

TASK [Set dex1 binary availability] ********************************************
[0;36mskipping: [g1_robot_065][0m

TASK [Ensure dex1 binaries are executable] *************************************
[0;36mskipping: [g1_robot_065][0m

TASK [Check dex1 autostart script] *********************************************
[0;36mskipping: [g1_robot_065][0m

TASK [Run dex1 setup_autostart.sh] *********************************************
[0;36mskipping: [g1_robot_065][0m

TASK [Install fallback dex1_gripper systemd unit] ******************************
[0;36mskipping: [g1_robot_065][0m

TASK [Enable and restart fallback dex1_gripper service] ************************
[0;36mskipping: [g1_robot_065][0m

TASK [Record dex1 installation result] *****************************************
[0;36mskipping: [g1_robot_065][0m

TASK [Set brainco install paths] ***********************************************
[0;36mskipping: [g1_robot_065][0m

TASK [Check brainco source directory before build] *****************************
[0;36mskipping: [g1_robot_065][0m

TASK [Check preferred brainco lib directory] ***********************************
[0;36mskipping: [g1_robot_065][0m

TASK [Find brainco sdk library directory] **************************************
[0;36mskipping: [g1_robot_065][0m

TASK [Set brainco lib directory] ***********************************************
[0;36mskipping: [g1_robot_065][0m

TASK [Check brainco binaries before build] *************************************
[0;36mskipping: [g1_robot_065][0m

TASK [Build brainco service binaries when missing] *****************************
[0;36mskipping: [g1_robot_065][0m

TASK [Check brainco binaries after possible build] *****************************
[0;36mskipping: [g1_robot_065][0m

TASK [Set brainco binary availability] *****************************************
[0;36mskipping: [g1_robot_065][0m

TASK [Ensure brainco binaries are executable] **********************************
[0;36mskipping: [g1_robot_065][0m

TASK [Check brainco autostart script] ******************************************
[0;36mskipping: [g1_robot_065][0m

TASK [Run brainco setup_autostart.sh] ******************************************
[0;36mskipping: [g1_robot_065][0m

TASK [Install fallback brainco_hand systemd unit] ******************************
[0;36mskipping: [g1_robot_065][0m

TASK [Enable and restart fallback brainco_hand service] ************************
[0;36mskipping: [g1_robot_065][0m

TASK [Record brainco installation result] **************************************
[0;36mskipping: [g1_robot_065][0m

TASK [Stop conflicting brainco service for dex1] *******************************
[0;36mskipping: [g1_robot_065][0m

TASK [Disable conflicting brainco service for dex1] ****************************
[0;36mskipping: [g1_robot_065][0m

TASK [Record conflicting brainco service stop result] **************************
[0;36mskipping: [g1_robot_065][0m

TASK [Stop conflicting dex1 service for brainco] *******************************
[0;36mskipping: [g1_robot_065][0m

TASK [Disable conflicting dex1 service for brainco] ****************************
[0;36mskipping: [g1_robot_065][0m

TASK [Record conflicting dex1 service stop result] *****************************
[0;36mskipping: [g1_robot_065][0m

TASK [Stop dex1 service when no end effector is selected] **********************
[0;36mskipping: [g1_robot_065][0m

TASK [Stop brainco service when no end effector is selected] *******************
[0;36mskipping: [g1_robot_065][0m

TASK [Disable dex1 service when no end effector is selected] *******************
[0;36mskipping: [g1_robot_065][0m

TASK [Disable brainco service when no end effector is selected] ****************
[0;36mskipping: [g1_robot_065][0m

TASK [Record all end effector service stop result] *****************************
[0;36mskipping: [g1_robot_065][0m

TASK [Reset check results before final verification] ***************************
[0;36mskipping: [g1_robot_065][0m

TASK [Check project directory] *************************************************
[0;32mok: [g1_robot_065][0m

TASK [Record project directory status] *****************************************
[0;32mok: [g1_robot_065][0m

TASK [Check unitree_sdk2 source directory] *************************************
[0;32mok: [g1_robot_065][0m

TASK [Record unitree_sdk2 source status] ***************************************
[0;32mok: [g1_robot_065][0m

TASK [Detect conda executable] *************************************************
[0;32mok: [g1_robot_065][0m

TASK [Set conda paths] *********************************************************
[0;32mok: [g1_robot_065][0m

TASK [Record conda status] *****************************************************
[0;32mok: [g1_robot_065][0m

TASK [Set tv python path] ******************************************************
[0;32mok: [g1_robot_065][0m

TASK [Check conda tv environment] **********************************************
[0;32mok: [g1_robot_065][0m

TASK [Record conda tv environment status] **************************************
[0;32mok: [g1_robot_065][0m

TASK [Check tv python version] *************************************************
[0;32mok: [g1_robot_065][0m

TASK [Record tv python version status] *****************************************
[0;32mok: [g1_robot_065][0m

TASK [Record skipped tv python version status] *********************************
[0;36mskipping: [g1_robot_065][0m

TASK [Check Python package imports] ********************************************
[0;32mok: [g1_robot_065] => (item={'import_name': 'cv2', 'pip_name': 'opencv-python', 'display_name': 'Python cv2'})[0m
[0;32mok: [g1_robot_065] => (item={'import_name': 'zmq', 'pip_name': 'pyzmq', 'display_name': 'Python zmq'})[0m
[0;32mok: [g1_robot_065] => (item={'import_name': 'logging_mp', 'pip_name': 'logging_mp', 'display_name': 'Python logging_mp'})[0m
[0;32mok: [g1_robot_065] => (item={'import_name': 'av', 'pip_name': 'av', 'display_name': 'Python av'})[0m
[0;32mok: [g1_robot_065] => (item={'import_name': 'numpy', 'pip_name': 'numpy', 'display_name': 'Python numpy'})[0m

TASK [Record Python package import status] *************************************
[0;32mok: [g1_robot_065] => (item={'cmd': ['/home/unitree/yes/envs/tv/bin/python', '-c', 'import cv2'], 'stdout': '', 'stderr': '', 'rc': 0, 'start': '2026-06-08 15:10:00.566609', 'end': '2026-06-08 15:10:00.878636', 'delta': '0:00:00.312027', 'changed': False, 'invocation': {'module_args': {'_raw_params': "/home/unitree/yes/envs/tv/bin/python -c 'import cv2'", 'warn': True, '_uses_shell': False, 'stdin_add_newline': True, 'strip_empty_ends': True, 'argv': None, 'chdir': None, 'executable': None, 'creates': None, 'removes': None, 'stdin': None}}, 'stdout_lines': [], 'stderr_lines': [], 'failed': False, 'failed_when_result': False, 'item': {'import_name': 'cv2', 'pip_name': 'opencv-python', 'display_name': 'Python cv2'}, 'ansible_loop_var': 'item'})[0m
[0;32mok: [g1_robot_065] => (item={'cmd': ['/home/unitree/yes/envs/tv/bin/python', '-c', 'import zmq'], 'stdout': '', 'stderr': '', 'rc': 0, 'start': '2026-06-08 15:10:01.098514', 'end': '2026-06-08 15:10:01.192411', 'delta': '0:00:00.093897', 'changed': False, 'invocation': {'module_args': {'_raw_params': "/home/unitree/yes/envs/tv/bin/python -c 'import zmq'", 'warn': True, '_uses_shell': False, 'stdin_add_newline': True, 'strip_empty_ends': True, 'argv': None, 'chdir': None, 'executable': None, 'creates': None, 'removes': None, 'stdin': None}}, 'stdout_lines': [], 'stderr_lines': [], 'failed': False, 'failed_when_result': False, 'item': {'import_name': 'zmq', 'pip_name': 'pyzmq', 'display_name': 'Python zmq'}, 'ansible_loop_var': 'item'})[0m
[0;32mok: [g1_robot_065] => (item={'cmd': ['/home/unitree/yes/envs/tv/bin/python', '-c', 'import logging_mp'], 'stdout': '', 'stderr': '', 'rc': 0, 'start': '2026-06-08 15:10:01.406911', 'end': '2026-06-08 15:10:01.527436', 'delta': '0:00:00.120525', 'changed': False, 'invocation': {'module_args': {'_raw_params': "/home/unitree/yes/envs/tv/bin/python -c 'import logging_mp'", 'warn': True, '_uses_shell': False, 'stdin_add_newline': True, 'strip_empty_ends': True, 'argv': None, 'chdir': None, 'executable': None, 'creates': None, 'removes': None, 'stdin': None}}, 'stdout_lines': [], 'stderr_lines': [], 'failed': False, 'failed_when_result': False, 'item': {'import_name': 'logging_mp', 'pip_name': 'logging_mp', 'display_name': 'Python logging_mp'}, 'ansible_loop_var': 'item'})[0m
[0;32mok: [g1_robot_065] => (item={'cmd': ['/home/unitree/yes/envs/tv/bin/python', '-c', 'import av'], 'stdout': '', 'stderr': '', 'rc': 0, 'start': '2026-06-08 15:10:01.747002', 'end': '2026-06-08 15:10:01.897886', 'delta': '0:00:00.150884', 'changed': False, 'invocation': {'module_args': {'_raw_params': "/home/unitree/yes/envs/tv/bin/python -c 'import av'", 'warn': True, '_uses_shell': False, 'stdin_add_newline': True, 'strip_empty_ends': True, 'argv': None, 'chdir': None, 'executable': None, 'creates': None, 'removes': None, 'stdin': None}}, 'stdout_lines': [], 'stderr_lines': [], 'failed': False, 'failed_when_result': False, 'item': {'import_name': 'av', 'pip_name': 'av', 'display_name': 'Python av'}, 'ansible_loop_var': 'item'})[0m
[0;32mok: [g1_robot_065] => (item={'cmd': ['/home/unitree/yes/envs/tv/bin/python', '-c', 'import numpy'], 'stdout': '', 'stderr': '', 'rc': 0, 'start': '2026-06-08 15:10:02.155170', 'end': '2026-06-08 15:10:02.324581', 'delta': '0:00:00.169411', 'changed': False, 'invocation': {'module_args': {'_raw_params': "/home/unitree/yes/envs/tv/bin/python -c 'import numpy'", 'warn': True, '_uses_shell': False, 'stdin_add_newline': True, 'strip_empty_ends': True, 'argv': None, 'chdir': None, 'executable': None, 'creates': None, 'removes': None, 'stdin': None}}, 'stdout_lines': [], 'stderr_lines': [], 'failed': False, 'failed_when_result': False, 'item': {'import_name': 'numpy', 'pip_name': 'numpy', 'display_name': 'Python numpy'}, 'ansible_loop_var': 'item'})[0m

TASK [Record skipped Python package imports] ***********************************
[0;36mskipping: [g1_robot_065] => (item={'import_name': 'cv2', 'pip_name': 'opencv-python', 'display_name': 'Python cv2'}) [0m
[0;36mskipping: [g1_robot_065] => (item={'import_name': 'zmq', 'pip_name': 'pyzmq', 'display_name': 'Python zmq'}) [0m
[0;36mskipping: [g1_robot_065] => (item={'import_name': 'logging_mp', 'pip_name': 'logging_mp', 'display_name': 'Python logging_mp'}) [0m
[0;36mskipping: [g1_robot_065] => (item={'import_name': 'av', 'pip_name': 'av', 'display_name': 'Python av'}) [0m
[0;36mskipping: [g1_robot_065] => (item={'import_name': 'numpy', 'pip_name': 'numpy', 'display_name': 'Python numpy'}) [0m

TASK [Check unitree_sdk2 installed files] **************************************
[0;32mok: [g1_robot_065] => (item={'name': 'unitree_sdk2 library', 'path': '/usr/local/lib/libunitree_sdk2.a'})[0m
[0;32mok: [g1_robot_065] => (item={'name': 'unitree_sdk2 cmake config', 'path': '/usr/local/lib/cmake/unitree_sdk2/unitree_sdk2Config.cmake'})[0m
[0;32mok: [g1_robot_065] => (item={'name': 'unitree_sdk2 go2 header', 'path': '/usr/local/include/unitree/idl/go2/MotorCmds_.hpp'})[0m

TASK [Record unitree_sdk2 installed file status] *******************************
[0;32mok: [g1_robot_065] => (item={'changed': False, 'stat': {'exists': True, 'path': '/usr/local/lib/libunitree_sdk2.a', 'mode': '0644', 'isdir': False, 'ischr': False, 'isblk': False, 'isreg': True, 'isfifo': False, 'islnk': False, 'issock': False, 'uid': 0, 'gid': 0, 'size': 28836044, 'inode': 1970671, 'dev': 66305, 'nlink': 1, 'atime': 1780884964.148, 'mtime': 1779073390.0, 'ctime': 1779073899.836, 'wusr': True, 'rusr': True, 'xusr': False, 'wgrp': False, 'rgrp': True, 'xgrp': False, 'woth': False, 'roth': True, 'xoth': False, 'isuid': False, 'isgid': False, 'blocks': 56328, 'block_size': 4096, 'device_type': 0, 'readable': True, 'writeable': False, 'executable': False, 'pw_name': 'root', 'gr_name': 'root', 'checksum': '6aa9bbd4ee362b0e1b080741ef839c9f07d80444', 'mimetype': 'application/x-archive', 'charset': 'binary', 'version': '2511750953', 'attributes': ['extents'], 'attr_flags': 'e'}, 'invocation': {'module_args': {'path': '/usr/local/lib/libunitree_sdk2.a', 'follow': False, 'get_md5': False, 'get_checksum': True, 'get_mime': True, 'get_attributes': True, 'checksum_algorithm': 'sha1'}}, 'failed': False, 'item': {'name': 'unitree_sdk2 library', 'path': '/usr/local/lib/libunitree_sdk2.a'}, 'ansible_loop_var': 'item'})[0m
[0;32mok: [g1_robot_065] => (item={'changed': False, 'stat': {'exists': True, 'path': '/usr/local/lib/cmake/unitree_sdk2/unitree_sdk2Config.cmake', 'mode': '0644', 'isdir': False, 'ischr': False, 'isblk': False, 'isreg': True, 'isfifo': False, 'islnk': False, 'issock': False, 'uid': 0, 'gid': 0, 'size': 186, 'inode': 8260013, 'dev': 66305, 'nlink': 1, 'atime': 1780884964.408, 'mtime': 1779073778.0, 'ctime': 1779073899.84, 'wusr': True, 'rusr': True, 'xusr': False, 'wgrp': False, 'rgrp': True, 'xgrp': False, 'woth': False, 'roth': True, 'xoth': False, 'isuid': False, 'isgid': False, 'blocks': 8, 'block_size': 4096, 'device_type': 0, 'readable': True, 'writeable': False, 'executable': False, 'pw_name': 'root', 'gr_name': 'root', 'checksum': '3a27dd724be144969a69609c6789b0b9c12a0a94', 'mimetype': 'text/plain', 'charset': 'us-ascii', 'version': '1404028717', 'attributes': ['extents'], 'attr_flags': 'e'}, 'invocation': {'module_args': {'path': '/usr/local/lib/cmake/unitree_sdk2/unitree_sdk2Config.cmake', 'follow': False, 'get_md5': False, 'get_checksum': True, 'get_mime': True, 'get_attributes': True, 'checksum_algorithm': 'sha1'}}, 'failed': False, 'item': {'name': 'unitree_sdk2 cmake config', 'path': '/usr/local/lib/cmake/unitree_sdk2/unitree_sdk2Config.cmake'}, 'ansible_loop_var': 'item'})[0m
[0;32mok: [g1_robot_065] => (item={'changed': False, 'stat': {'exists': True, 'path': '/usr/local/include/unitree/idl/go2/MotorCmds_.hpp', 'mode': '0644', 'isdir': False, 'ischr': False, 'isblk': False, 'isreg': True, 'isfifo': False, 'islnk': False, 'issock': False, 'uid': 0, 'gid': 0, 'size': 14799, 'inode': 3673361, 'dev': 66305, 'nlink': 1, 'atime': 1780884964.624, 'mtime': 1779073388.0, 'ctime': 1779073899.772, 'wusr': True, 'rusr': True, 'xusr': False, 'wgrp': False, 'rgrp': True, 'xgrp': False, 'woth': False, 'roth': True, 'xoth': False, 'isuid': False, 'isgid': False, 'blocks': 32, 'block_size': 4096, 'device_type': 0, 'readable': True, 'writeable': False, 'executable': False, 'pw_name': 'root', 'gr_name': 'root', 'checksum': '61c007d557e6b98267de2f718cde8828915ac109', 'mimetype': 'text/x-c++', 'charset': 'us-ascii', 'version': '906146764', 'attributes': ['extents'], 'attr_flags': 'e'}, 'invocation': {'module_args': {'path': '/usr/local/include/unitree/idl/go2/MotorCmds_.hpp', 'follow': False, 'get_md5': False, 'get_checksum': True, 'get_mime': True, 'get_attributes': True, 'checksum_algorithm': 'sha1'}}, 'failed': False, 'item': {'name': 'unitree_sdk2 go2 header', 'path': '/usr/local/include/unitree/idl/go2/MotorCmds_.hpp'}, 'ansible_loop_var': 'item'})[0m

TASK [Check apt package installation] ******************************************
[0;32mok: [g1_robot_065] => (item=build-essential)[0m
[0;32mok: [g1_robot_065] => (item=cmake)[0m
[0;32mok: [g1_robot_065] => (item=make)[0m
[0;32mok: [g1_robot_065] => (item=libeigen3-dev)[0m
[0;32mok: [g1_robot_065] => (item=libspdlog-dev)[0m
[0;32mok: [g1_robot_065] => (item=libfmt-dev)[0m
[0;32mok: [g1_robot_065] => (item=libboost-all-dev)[0m
[0;32mok: [g1_robot_065] => (item=libyaml-cpp-dev)[0m

TASK [Record apt package status] ***********************************************
[0;32mok: [g1_robot_065] => (item={'cmd': ['dpkg-query', '-W', '-f=${Status}', 'build-essential'], 'stdout': 'install ok installed', 'stderr': '', 'rc': 0, 'start': '2026-06-08 15:10:03.566230', 'end': '2026-06-08 15:10:03.631146', 'delta': '0:00:00.064916', 'changed': False, 'invocation': {'module_args': {'_raw_params': 'dpkg-query -W -f=${Status} build-essential', 'warn': True, '_uses_shell': False, 'stdin_add_newline': True, 'strip_empty_ends': True, 'argv': None, 'chdir': None, 'executable': None, 'creates': None, 'removes': None, 'stdin': None}}, 'stdout_lines': ['install ok installed'], 'stderr_lines': [], 'failed': False, 'failed_when_result': False, 'item': 'build-essential', 'ansible_loop_var': 'item'})[0m
[0;32mok: [g1_robot_065] => (item={'cmd': ['dpkg-query', '-W', '-f=${Status}', 'cmake'], 'stdout': 'install ok installed', 'stderr': '', 'rc': 0, 'start': '2026-06-08 15:10:03.841322', 'end': '2026-06-08 15:10:03.883170', 'delta': '0:00:00.041848', 'changed': False, 'invocation': {'module_args': {'_raw_params': 'dpkg-query -W -f=${Status} cmake', 'warn': True, '_uses_shell': False, 'stdin_add_newline': True, 'strip_empty_ends': True, 'argv': None, 'chdir': None, 'executable': None, 'creates': None, 'removes': None, 'stdin': None}}, 'stdout_lines': ['install ok installed'], 'stderr_lines': [], 'failed': False, 'failed_when_result': False, 'item': 'cmake', 'ansible_loop_var': 'item'})[0m
[0;32mok: [g1_robot_065] => (item={'cmd': ['dpkg-query', '-W', '-f=${Status}', 'make'], 'stdout': 'install ok installed', 'stderr': '', 'rc': 0, 'start': '2026-06-08 15:10:04.090974', 'end': '2026-06-08 15:10:04.134997', 'delta': '0:00:00.044023', 'changed': False, 'invocation': {'module_args': {'_raw_params': 'dpkg-query -W -f=${Status} make', 'warn': True, '_uses_shell': False, 'stdin_add_newline': True, 'strip_empty_ends': True, 'argv': None, 'chdir': None, 'executable': None, 'creates': None, 'removes': None, 'stdin': None}}, 'stdout_lines': ['install ok installed'], 'stderr_lines': [], 'failed': False, 'failed_when_result': False, 'item': 'make', 'ansible_loop_var': 'item'})[0m
[0;32mok: [g1_robot_065] => (item={'cmd': ['dpkg-query', '-W', '-f=${Status}', 'libeigen3-dev'], 'stdout': 'install ok installed', 'stderr': '', 'rc': 0, 'start': '2026-06-08 15:10:04.346807', 'end': '2026-06-08 15:10:04.388577', 'delta': '0:00:00.041770', 'changed': False, 'invocation': {'module_args': {'_raw_params': 'dpkg-query -W -f=${Status} libeigen3-dev', 'warn': True, '_uses_shell': False, 'stdin_add_newline': True, 'strip_empty_ends': True, 'argv': None, 'chdir': None, 'executable': None, 'creates': None, 'removes': None, 'stdin': None}}, 'stdout_lines': ['install ok installed'], 'stderr_lines': [], 'failed': False, 'failed_when_result': False, 'item': 'libeigen3-dev', 'ansible_loop_var': 'item'})[0m
[0;32mok: [g1_robot_065] => (item={'cmd': ['dpkg-query', '-W', '-f=${Status}', 'libspdlog-dev'], 'stdout': 'install ok installed', 'stderr': '', 'rc': 0, 'start': '2026-06-08 15:10:04.605482', 'end': '2026-06-08 15:10:04.647403', 'delta': '0:00:00.041921', 'changed': False, 'invocation': {'module_args': {'_raw_params': 'dpkg-query -W -f=${Status} libspdlog-dev', 'warn': True, '_uses_shell': False, 'stdin_add_newline': True, 'strip_empty_ends': True, 'argv': None, 'chdir': None, 'executable': None, 'creates': None, 'removes': None, 'stdin': None}}, 'stdout_lines': ['install ok installed'], 'stderr_lines': [], 'failed': False, 'failed_when_result': False, 'item': 'libspdlog-dev', 'ansible_loop_var': 'item'})[0m
[0;32mok: [g1_robot_065] => (item={'cmd': ['dpkg-query', '-W', '-f=${Status}', 'libfmt-dev'], 'stdout': 'install ok installed', 'stderr': '', 'rc': 0, 'start': '2026-06-08 15:10:04.859523', 'end': '2026-06-08 15:10:04.901750', 'delta': '0:00:00.042227', 'changed': False, 'invocation': {'module_args': {'_raw_params': 'dpkg-query -W -f=${Status} libfmt-dev', 'warn': True, '_uses_shell': False, 'stdin_add_newline': True, 'strip_empty_ends': True, 'argv': None, 'chdir': None, 'executable': None, 'creates': None, 'removes': None, 'stdin': None}}, 'stdout_lines': ['install ok installed'], 'stderr_lines': [], 'failed': False, 'failed_when_result': False, 'item': 'libfmt-dev', 'ansible_loop_var': 'item'})[0m
[0;32mok: [g1_robot_065] => (item={'cmd': ['dpkg-query', '-W', '-f=${Status}', 'libboost-all-dev'], 'stdout': 'install ok installed', 'stderr': '', 'rc': 0, 'start': '2026-06-08 15:10:05.111602', 'end': '2026-06-08 15:10:05.165734', 'delta': '0:00:00.054132', 'changed': False, 'invocation': {'module_args': {'_raw_params': 'dpkg-query -W -f=${Status} libboost-all-dev', 'warn': True, '_uses_shell': False, 'stdin_add_newline': True, 'strip_empty_ends': True, 'argv': None, 'chdir': None, 'executable': None, 'creates': None, 'removes': None, 'stdin': None}}, 'stdout_lines': ['install ok installed'], 'stderr_lines': [], 'failed': False, 'failed_when_result': False, 'item': 'libboost-all-dev', 'ansible_loop_var': 'item'})[0m
[0;32mok: [g1_robot_065] => (item={'cmd': ['dpkg-query', '-W', '-f=${Status}', 'libyaml-cpp-dev'], 'stdout': 'install ok installed', 'stderr': '', 'rc': 0, 'start': '2026-06-08 15:10:05.373039', 'end': '2026-06-08 15:10:05.417486', 'delta': '0:00:00.044447', 'changed': False, 'invocation': {'module_args': {'_raw_params': 'dpkg-query -W -f=${Status} libyaml-cpp-dev', 'warn': True, '_uses_shell': False, 'stdin_add_newline': True, 'strip_empty_ends': True, 'argv': None, 'chdir': None, 'executable': None, 'creates': None, 'removes': None, 'stdin': None}}, 'stdout_lines': ['install ok installed'], 'stderr_lines': [], 'failed': False, 'failed_when_result': False, 'item': 'libyaml-cpp-dev', 'ansible_loop_var': 'item'})[0m

TASK [Check remote image service binary] ***************************************
[0;32mok: [g1_robot_065][0m

TASK [Record remote image service binary status] *******************************
[0;32mok: [g1_robot_065][0m

TASK [Check remote_start systemd unit file] ************************************
[0;36mskipping: [g1_robot_065][0m

TASK [Check remote_start service enabled state] ********************************
[0;36mskipping: [g1_robot_065][0m

TASK [Check remote_start service active state] *********************************
[0;36mskipping: [g1_robot_065][0m

TASK [Record remote_start service status] **************************************
[0;36mskipping: [g1_robot_065][0m

TASK [Check camera udev rule file] *********************************************
[0;32mok: [g1_robot_065][0m

TASK [Record camera udev rule file status] *************************************
[0;32mok: [g1_robot_065][0m

TASK [Check camera device symlinks] ********************************************
[0;32mok: [g1_robot_065] => (item=/dev/cam_head)[0m
[0;32mok: [g1_robot_065] => (item=/dev/cam_wrist_left)[0m
[0;32mok: [g1_robot_065] => (item=/dev/cam_wrist_right)[0m

TASK [Record camera device symlink status] *************************************
[0;32mok: [g1_robot_065] => (item={'changed': False, 'stat': {'exists': True, 'path': '/dev/cam_head', 'mode': '0777', 'isdir': False, 'ischr': False, 'isblk': False, 'isreg': False, 'isfifo': False, 'islnk': True, 'issock': False, 'uid': 0, 'gid': 0, 'size': 6, 'inode': 1141, 'dev': 5, 'nlink': 1, 'atime': 1780898577.204, 'mtime': 1780898279.464, 'ctime': 1780898279.464, 'wusr': True, 'rusr': True, 'xusr': True, 'wgrp': True, 'rgrp': True, 'xgrp': True, 'woth': True, 'roth': True, 'xoth': True, 'isuid': False, 'isgid': False, 'blocks': 0, 'block_size': 4096, 'device_type': 0, 'readable': True, 'writeable': True, 'executable': False, 'lnk_source': '/dev/video0', 'lnk_target': 'video0', 'pw_name': 'root', 'gr_name': 'root', 'mimetype': 'inode/symlink', 'charset': 'binary', 'version': None, 'attributes': [], 'attr_flags': ''}, 'invocation': {'module_args': {'path': '/dev/cam_head', 'follow': False, 'get_md5': False, 'get_checksum': True, 'get_mime': True, 'get_attributes': True, 'checksum_algorithm': 'sha1'}}, 'failed': False, 'item': '/dev/cam_head', 'ansible_loop_var': 'item'})[0m
[0;32mok: [g1_robot_065] => (item={'changed': False, 'stat': {'exists': False}, 'invocation': {'module_args': {'path': '/dev/cam_wrist_left', 'follow': False, 'get_md5': False, 'get_checksum': True, 'get_mime': True, 'get_attributes': True, 'checksum_algorithm': 'sha1'}}, 'failed': False, 'item': '/dev/cam_wrist_left', 'ansible_loop_var': 'item'})[0m
[0;32mok: [g1_robot_065] => (item={'changed': False, 'stat': {'exists': True, 'path': '/dev/cam_wrist_right', 'mode': '0777', 'isdir': False, 'ischr': False, 'isblk': False, 'isreg': False, 'isfifo': False, 'islnk': True, 'issock': False, 'uid': 0, 'gid': 0, 'size': 6, 'inode': 1180, 'dev': 5, 'nlink': 1, 'atime': 1780898312.42, 'mtime': 1780898290.6, 'ctime': 1780898290.6, 'wusr': True, 'rusr': True, 'xusr': True, 'wgrp': True, 'rgrp': True, 'xgrp': True, 'woth': True, 'roth': True, 'xoth': True, 'isuid': False, 'isgid': False, 'blocks': 0, 'block_size': 4096, 'device_type': 0, 'readable': True, 'writeable': True, 'executable': False, 'lnk_source': '/dev/video6', 'lnk_target': 'video6', 'pw_name': 'root', 'gr_name': 'root', 'mimetype': 'inode/symlink', 'charset': 'binary', 'version': None, 'attributes': [], 'attr_flags': ''}, 'invocation': {'module_args': {'path': '/dev/cam_wrist_right', 'follow': False, 'get_md5': False, 'get_checksum': True, 'get_mime': True, 'get_attributes': True, 'checksum_algorithm': 'sha1'}}, 'failed': False, 'item': '/dev/cam_wrist_right', 'ansible_loop_var': 'item'})[0m

TASK [Check cos_teleop camera journal] *****************************************
[0;32mok: [g1_robot_065][0m

TASK [Record cos_teleop camera journal status] *********************************
[0;32mok: [g1_robot_065][0m

TASK [Set dex1 paths] **********************************************************
[0;32mok: [g1_robot_065][0m

TASK [Check dex1 files] ********************************************************
[0;32mok: [g1_robot_065] => (item={'name': 'dex1 source directory', 'path': '/home/unitree/g1_setup/dex1_1_service'})[0m
[0;32mok: [g1_robot_065] => (item={'name': 'dex1 bin directory', 'path': '/home/unitree/g1_setup/dex1_1_service/bin'})[0m
[0;32mok: [g1_robot_065] => (item={'name': 'dex1 server binary', 'path': '/home/unitree/g1_setup/dex1_1_service/bin/dex1_1_gripper_server'})[0m
[0;32mok: [g1_robot_065] => (item={'name': 'dex1 test binary', 'path': '/home/unitree/g1_setup/dex1_1_service/bin/test_dex1_1_gripper_server'})[0m
[0;32mok: [g1_robot_065] => (item={'name': 'dex1 systemd unit file', 'path': '/etc/systemd/system/dex1_gripper.service'})[0m

TASK [Record dex1 file status] *************************************************
[0;32mok: [g1_robot_065] => (item={'changed': False, 'stat': {'exists': True, 'path': '/home/unitree/g1_setup/dex1_1_service', 'mode': '0700', 'isdir': True, 'ischr': False, 'isblk': False, 'isreg': False, 'isfifo': False, 'islnk': False, 'issock': False, 'uid': 1000, 'gid': 1000, 'size': 4096, 'inode': 25823038, 'dev': 66305, 'nlink': 7, 'atime': 1780884960.9, 'mtime': 1779074091.744, 'ctime': 1779074091.744, 'wusr': True, 'rusr': True, 'xusr': True, 'wgrp': False, 'rgrp': False, 'xgrp': False, 'woth': False, 'roth': False, 'xoth': False, 'isuid': False, 'isgid': False, 'blocks': 8, 'block_size': 4096, 'device_type': 0, 'readable': True, 'writeable': True, 'executable': True, 'pw_name': 'unitree', 'gr_name': 'unitree', 'mimetype': 'inode/directory', 'charset': 'binary', 'version': '2900887487', 'attributes': ['extents'], 'attr_flags': 'e'}, 'invocation': {'module_args': {'path': '/home/unitree/g1_setup/dex1_1_service', 'follow': False, 'get_md5': False, 'get_checksum': True, 'get_mime': True, 'get_attributes': True, 'checksum_algorithm': 'sha1'}}, 'failed': False, 'item': {'name': 'dex1 source directory', 'path': '/home/unitree/g1_setup/dex1_1_service'}, 'ansible_loop_var': 'item'})[0m
[0;32mok: [g1_robot_065] => (item={'changed': False, 'stat': {'exists': True, 'path': '/home/unitree/g1_setup/dex1_1_service/bin', 'mode': '0700', 'isdir': True, 'ischr': False, 'isblk': False, 'isreg': False, 'isfifo': False, 'islnk': False, 'issock': False, 'uid': 1000, 'gid': 1000, 'size': 4096, 'inode': 25823047, 'dev': 66305, 'nlink': 2, 'atime': 1780884960.9, 'mtime': 1779074136.732, 'ctime': 1779074136.732, 'wusr': True, 'rusr': True, 'xusr': True, 'wgrp': False, 'rgrp': False, 'xgrp': False, 'woth': False, 'roth': False, 'xoth': False, 'isuid': False, 'isgid': False, 'blocks': 8, 'block_size': 4096, 'device_type': 0, 'readable': True, 'writeable': True, 'executable': True, 'pw_name': 'unitree', 'gr_name': 'unitree', 'mimetype': 'inode/directory', 'charset': 'binary', 'version': '931279032', 'attributes': ['extents'], 'attr_flags': 'e'}, 'invocation': {'module_args': {'path': '/home/unitree/g1_setup/dex1_1_service/bin', 'follow': False, 'get_md5': False, 'get_checksum': True, 'get_mime': True, 'get_attributes': True, 'checksum_algorithm': 'sha1'}}, 'failed': False, 'item': {'name': 'dex1 bin directory', 'path': '/home/unitree/g1_setup/dex1_1_service/bin'}, 'ansible_loop_var': 'item'})[0m
[0;32mok: [g1_robot_065] => (item={'changed': False, 'stat': {'exists': True, 'path': '/home/unitree/g1_setup/dex1_1_service/bin/dex1_1_gripper_server', 'mode': '0755', 'isdir': False, 'ischr': False, 'isblk': False, 'isreg': True, 'isfifo': False, 'islnk': False, 'issock': False, 'uid': 1000, 'gid': 1000, 'size': 3715184, 'inode': 25823049, 'dev': 66305, 'nlink': 1, 'atime': 1780884511.088, 'mtime': 1779074137.268, 'ctime': 1780656451.652, 'wusr': True, 'rusr': True, 'xusr': True, 'wgrp': False, 'rgrp': True, 'xgrp': True, 'woth': False, 'roth': True, 'xoth': True, 'isuid': False, 'isgid': False, 'blocks': 7264, 'block_size': 4096, 'device_type': 0, 'readable': True, 'writeable': True, 'executable': True, 'pw_name': 'unitree', 'gr_name': 'unitree', 'checksum': 'eb93d7311939b62ea7b8d7d6ab7759ddb4a68acd', 'mimetype': 'application/x-sharedlib', 'charset': 'binary', 'version': '3730456119', 'attributes': ['extents'], 'attr_flags': 'e'}, 'invocation': {'module_args': {'path': '/home/unitree/g1_setup/dex1_1_service/bin/dex1_1_gripper_server', 'follow': False, 'get_md5': False, 'get_checksum': True, 'get_mime': True, 'get_attributes': True, 'checksum_algorithm': 'sha1'}}, 'failed': False, 'item': {'name': 'dex1 server binary', 'path': '/home/unitree/g1_setup/dex1_1_service/bin/dex1_1_gripper_server'}, 'ansible_loop_var': 'item'})[0m
[0;32mok: [g1_robot_065] => (item={'changed': False, 'stat': {'exists': True, 'path': '/home/unitree/g1_setup/dex1_1_service/bin/test_dex1_1_gripper_server', 'mode': '0755', 'isdir': False, 'ischr': False, 'isblk': False, 'isreg': True, 'isfifo': False, 'islnk': False, 'issock': False, 'uid': 1000, 'gid': 1000, 'size': 3686232, 'inode': 25823050, 'dev': 66305, 'nlink': 1, 'atime': 1780884968.864, 'mtime': 1779074134.784, 'ctime': 1780656451.872, 'wusr': True, 'rusr': True, 'xusr': True, 'wgrp': False, 'rgrp': True, 'xgrp': True, 'woth': False, 'roth': True, 'xoth': True, 'isuid': False, 'isgid': False, 'blocks': 7200, 'block_size': 4096, 'device_type': 0, 'readable': True, 'writeable': True, 'executable': True, 'pw_name': 'unitree', 'gr_name': 'unitree', 'checksum': '9d87ca1ae8b3ea09cf006a809a499c1a571f875b', 'mimetype': 'application/x-sharedlib', 'charset': 'binary', 'version': '1592912131', 'attributes': ['extents'], 'attr_flags': 'e'}, 'invocation': {'module_args': {'path': '/home/unitree/g1_setup/dex1_1_service/bin/test_dex1_1_gripper_server', 'follow': False, 'get_md5': False, 'get_checksum': True, 'get_mime': True, 'get_attributes': True, 'checksum_algorithm': 'sha1'}}, 'failed': False, 'item': {'name': 'dex1 test binary', 'path': '/home/unitree/g1_setup/dex1_1_service/bin/test_dex1_1_gripper_server'}, 'ansible_loop_var': 'item'})[0m
[0;32mok: [g1_robot_065] => (item={'changed': False, 'stat': {'exists': True, 'path': '/etc/systemd/system/dex1_gripper.service', 'mode': '0644', 'isdir': False, 'ischr': False, 'isblk': False, 'isreg': True, 'isfifo': False, 'islnk': False, 'issock': False, 'uid': 0, 'gid': 0, 'size': 447, 'inode': 922283, 'dev': 66305, 'nlink': 1, 'atime': 1780884969.076, 'mtime': 1780656452.416, 'ctime': 1780656452.416, 'wusr': True, 'rusr': True, 'xusr': False, 'wgrp': False, 'rgrp': True, 'xgrp': False, 'woth': False, 'roth': True, 'xoth': False, 'isuid': False, 'isgid': False, 'blocks': 8, 'block_size': 4096, 'device_type': 0, 'readable': True, 'writeable': False, 'executable': False, 'pw_name': 'root', 'gr_name': 'root', 'checksum': 'fcd7783569a1d05e73eee86d6e38571723163f02', 'mimetype': 'text/plain', 'charset': 'us-ascii', 'version': '3471060774', 'attributes': ['extents'], 'attr_flags': 'e'}, 'invocation': {'module_args': {'path': '/etc/systemd/system/dex1_gripper.service', 'follow': False, 'get_md5': False, 'get_checksum': True, 'get_mime': True, 'get_attributes': True, 'checksum_algorithm': 'sha1'}}, 'failed': False, 'item': {'name': 'dex1 systemd unit file', 'path': '/etc/systemd/system/dex1_gripper.service'}, 'ansible_loop_var': 'item'})[0m

TASK [Check dex1 server binary executable bit] *********************************
[0;32mok: [g1_robot_065][0m

TASK [Record dex1 server executable status] ************************************
[0;32mok: [g1_robot_065][0m

TASK [Check dex1 dynamic library dependencies] *********************************
[0;32mok: [g1_robot_065][0m

TASK [Record dex1 dynamic library status] **************************************
[0;32mok: [g1_robot_065][0m

TASK [Check dex1 service enabled state] ****************************************
[0;32mok: [g1_robot_065][0m

TASK [Check dex1 service active state] *****************************************
[0;32mok: [g1_robot_065][0m

TASK [Initialize dex1 service recovery result] *********************************
[0;32mok: [g1_robot_065][0m

TASK [Restart dex1 service until active] ***************************************
[0;36mskipping: [g1_robot_065][0m

TASK [Recheck dex1 service active state after recovery] ************************
[0;36mskipping: [g1_robot_065][0m

TASK [Update dex1 service recovery result] *************************************
[0;36mskipping: [g1_robot_065][0m

TASK [Collect dex1 service status after failed recovery] ***********************
[0;36mskipping: [g1_robot_065][0m

TASK [Collect dex1 service journal after failed recovery] **********************
[0;36mskipping: [g1_robot_065][0m

TASK [Record dex1 service status] **********************************************
[0;32mok: [g1_robot_065][0m

TASK [Collect dex1 recent service journal] *************************************
[0;32mok: [g1_robot_065][0m

TASK [Detect dex1 service health issue] ****************************************
[0;32mok: [g1_robot_065][0m

TASK [Restart dex1 service after health issue] *********************************
[0;33mchanged: [g1_robot_065][0m

TASK [Collect dex1 recent service journal after health restart] ****************
[0;32mok: [g1_robot_065][0m

TASK [Record dex1 motor binding health] ****************************************
[0;32mok: [g1_robot_065][0m

TASK [Record dex1 service recovery install result] *****************************
[0;36mskipping: [g1_robot_065][0m

TASK [Check conflicting brainco service enabled state] *************************
[0;36mskipping: [g1_robot_065][0m

TASK [Check conflicting brainco service active state] **************************
[0;36mskipping: [g1_robot_065][0m

TASK [Record conflicting brainco service status] *******************************
[0;36mskipping: [g1_robot_065][0m

TASK [Set brainco paths] *******************************************************
[0;36mskipping: [g1_robot_065][0m

TASK [Check preferred brainco sdk library] *************************************
[0;36mskipping: [g1_robot_065][0m

TASK [Find brainco sdk library] ************************************************
[0;36mskipping: [g1_robot_065][0m

TASK [Set brainco sdk library path] ********************************************
[0;36mskipping: [g1_robot_065][0m

TASK [Check brainco files] *****************************************************
[0;36mskipping: [g1_robot_065][0m

TASK [Record brainco file status] **********************************************
[0;36mskipping: [g1_robot_065][0m

TASK [Check brainco server binary executable bit] ******************************
[0;36mskipping: [g1_robot_065][0m

TASK [Record brainco server executable status] *********************************
[0;36mskipping: [g1_robot_065][0m

TASK [Check brainco dynamic library dependencies] ******************************
[0;36mskipping: [g1_robot_065][0m

TASK [Record brainco dynamic library status] ***********************************
[0;36mskipping: [g1_robot_065][0m

TASK [Check brainco service enabled state] *************************************
[0;36mskipping: [g1_robot_065][0m

TASK [Check brainco service active state] **************************************
[0;36mskipping: [g1_robot_065][0m

TASK [Initialize brainco service recovery result] ******************************
[0;36mskipping: [g1_robot_065][0m

TASK [Restart brainco service until active] ************************************
[0;36mskipping: [g1_robot_065][0m

TASK [Recheck brainco service active state after recovery] *********************
[0;36mskipping: [g1_robot_065][0m

TASK [Update brainco service recovery result] **********************************
[0;36mskipping: [g1_robot_065][0m

TASK [Collect brainco service status after failed recovery] ********************
[0;36mskipping: [g1_robot_065][0m

TASK [Collect brainco service journal after failed recovery] *******************
[0;36mskipping: [g1_robot_065][0m

TASK [Record brainco service status] *******************************************
[0;36mskipping: [g1_robot_065][0m

TASK [Collect brainco recent service journal] **********************************
[0;36mskipping: [g1_robot_065][0m

TASK [Detect brainco service health issue] *************************************
[0;36mskipping: [g1_robot_065][0m

TASK [Restart brainco service after health issue] ******************************
[0;36mskipping: [g1_robot_065][0m

TASK [Collect brainco recent service journal after health restart] *************
[0;36mskipping: [g1_robot_065][0m

TASK [Record brainco hand binding health] **************************************
[0;36mskipping: [g1_robot_065][0m

TASK [Record brainco service recovery install result] **************************
[0;36mskipping: [g1_robot_065][0m

TASK [Check conflicting dex1 service enabled state] ****************************
[0;36mskipping: [g1_robot_065][0m

TASK [Check conflicting dex1 service active state] *****************************
[0;36mskipping: [g1_robot_065][0m

TASK [Record conflicting dex1 service status] **********************************
[0;36mskipping: [g1_robot_065][0m

TASK [Record skipped end effector checks] **************************************
[0;36mskipping: [g1_robot_065][0m

TASK [Record invalid end effector checks] **************************************
[0;36mskipping: [g1_robot_065][0m

TASK [Initialize enriched report check results] ********************************
[0;32mok: [g1_robot_065][0m

TASK [Add reason and suggestion to WARN and FAIL results] **********************
[0;32mok: [g1_robot_065] => (item={'name': 'remote_start preflight stop', 'status': 'OK', 'detail': 'stopped remote_start.service', 'stdout': '', 'stderr': ''})[0m
[0;32mok: [g1_robot_065] => (item={'name': 'g1_setup directory', 'status': 'OK', 'detail': '/home/unitree/g1_setup'})[0m
[0;32mok: [g1_robot_065] => (item={'name': 'unitree_sdk2 source', 'status': 'OK', 'detail': '/home/unitree/g1_setup/unitree_sdk2'})[0m
[0;32mok: [g1_robot_065] => (item={'name': 'Conda engine', 'status': 'OK', 'detail': '/home/unitree/yes/bin/conda'})[0m
[0;32mok: [g1_robot_065] => (item={'name': 'conda env tv', 'status': 'OK', 'detail': '/home/unitree/yes/envs/tv/bin/python'})[0m
[0;32mok: [g1_robot_065] => (item={'name': 'tv python version', 'status': 'OK', 'detail': 'Python 3.10.20', 'stdout': 'Python 3.10.20', 'stderr': '', 'reason': '', 'suggestion': ''})[0m
[0;32mok: [g1_robot_065] => (item={'name': 'Python cv2', 'status': 'OK', 'detail': 'import cv2', 'stdout': '', 'stderr': ''})[0m
[0;32mok: [g1_robot_065] => (item={'name': 'Python zmq', 'status': 'OK', 'detail': 'import zmq', 'stdout': '', 'stderr': ''})[0m
[0;32mok: [g1_robot_065] => (item={'name': 'Python logging_mp', 'status': 'OK', 'detail': 'import logging_mp', 'stdout': '', 'stderr': ''})[0m
[0;32mok: [g1_robot_065] => (item={'name': 'Python av', 'status': 'OK', 'detail': 'import av', 'stdout': '', 'stderr': ''})[0m
[0;32mok: [g1_robot_065] => (item={'name': 'Python numpy', 'status': 'OK', 'detail': 'import numpy', 'stdout': '', 'stderr': ''})[0m
[0;32mok: [g1_robot_065] => (item={'name': 'unitree_sdk2 library', 'status': 'OK', 'detail': '/usr/local/lib/libunitree_sdk2.a'})[0m
[0;32mok: [g1_robot_065] => (item={'name': 'unitree_sdk2 cmake config', 'status': 'OK', 'detail': '/usr/local/lib/cmake/unitree_sdk2/unitree_sdk2Config.cmake'})[0m
[0;32mok: [g1_robot_065] => (item={'name': 'unitree_sdk2 go2 header', 'status': 'OK', 'detail': '/usr/local/include/unitree/idl/go2/MotorCmds_.hpp'})[0m
[0;32mok: [g1_robot_065] => (item={'name': 'apt build-essential', 'status': 'OK', 'detail': 'build-essential'})[0m
[0;32mok: [g1_robot_065] => (item={'name': 'apt cmake', 'status': 'OK', 'detail': 'cmake'})[0m
[0;32mok: [g1_robot_065] => (item={'name': 'apt make', 'status': 'OK', 'detail': 'make'})[0m
[0;32mok: [g1_robot_065] => (item={'name': 'apt libeigen3-dev', 'status': 'OK', 'detail': 'libeigen3-dev'})[0m
[0;32mok: [g1_robot_065] => (item={'name': 'apt libspdlog-dev', 'status': 'OK', 'detail': 'libspdlog-dev'})[0m
[0;32mok: [g1_robot_065] => (item={'name': 'apt libfmt-dev', 'status': 'OK', 'detail': 'libfmt-dev'})[0m
[0;32mok: [g1_robot_065] => (item={'name': 'apt libboost-all-dev', 'status': 'OK', 'detail': 'libboost-all-dev'})[0m
[0;32mok: [g1_robot_065] => (item={'name': 'apt libyaml-cpp-dev', 'status': 'OK', 'detail': 'libyaml-cpp-dev'})[0m
[0;32mok: [g1_robot_065] => (item={'name': 'remote image binary', 'status': 'OK', 'detail': '/home/unitree/g1_setup/remote'})[0m
[0;32mok: [g1_robot_065] => (item={'name': 'camera udev rules', 'status': 'OK', 'detail': '/etc/udev/rules.d/99-usb-cameras.rules'})[0m
[0;32mok: [g1_robot_065] => (item={'name': '/dev/cam_head', 'status': 'OK', 'detail': '/dev/cam_head'})[0m
[0;32mok: [g1_robot_065] => (item={'name': '/dev/cam_wrist_left', 'status': 'WARN', 'detail': '/dev/cam_wrist_left'})[0m
[0;32mok: [g1_robot_065] => (item={'name': '/dev/cam_wrist_right', 'status': 'OK', 'detail': '/dev/cam_wrist_right'})[0m
[0;32mok: [g1_robot_065] => (item={'name': 'cos_teleop camera log', 'status': 'WARN', 'detail': 'Jun 08 15:03:57 ubuntu bash[1264]: [teleop_server_node-1] [WARN] [1780902237.768514528] [teleop_server]: Failed to open V4L2 device for camera[1] /dev/cam_wrist_left: No such file or directory\nJun 08 15:03:57 ubuntu bash[1264]: [teleop_server_node-1] [ERROR] [1780902237.768576000] [teleop_server]: Failed to initialize V4L2 direct MJPEG capture for camera[1]: /dev/cam_wrist_left\nJun 08 15:04:27 ubuntu bash[1264]: [teleop_server_node-1] [WARN] [1780902267.795813824] [teleop_server]: Failed to open V4L2 device for camera[1] /dev/cam_wrist_left: No such file or directory\nJun 08 15:04:27 ubuntu bash[1264]: [teleop_server_node-1] [ERROR] [1780902267.795875808] [teleop_server]: Failed to initialize V4L2 direct MJPEG capture for camera[1]: /dev/cam_wrist_left\nJun 08 15:04:57 ubuntu bash[1264]: [teleop_server_node-1] [WARN] [1780902297.824780448] [teleop_server]: Failed to open V4L2 device for camera[1] /dev/cam_wrist_left: No such file or directory\nJun 08 15:04:57 ubuntu bash[1264]: [teleop_server_node-1] [ERROR] [1780902297.824859872] [teleop_server]: Failed to initialize V4L2 direct MJPEG capture for camera[1]: /dev/cam_wrist_left\nJun 08 15:05:27 ubuntu bash[1264]: [teleop_server_node-1] [WARN] [1780902327.849834656] [teleop_server]: Failed to open V4L2 device for camera[1] /dev/cam_wrist_left: No such file or directory\nJun 08 15:05:27 ubuntu bash[1264]: [teleop_server_node-1] [ERROR] [1780902327.849913568] [teleop_server]: Failed to initialize V4L2 direct MJPEG capture for camera[1]: /dev/cam_wrist_left\nJun 08 15:05:57 ubuntu bash[1264]: [teleop_server_node-1] [WARN] [1780902357.874414848] [teleop_server]: Failed to open V4L2 device for camera[1] /dev/cam_wrist_left: No such file or directory\nJun 08 15:05:57 ubuntu bash[1264]: [teleop_server_node-1] [ERROR] [1780902357.874486208] [teleop_server]: Failed to initialize V4L2 direct MJPEG capture for camera[1]: /dev/cam_wrist_left\nJun 08 15:06:27 ubuntu bash[1264]: [teleop_server_node-1] [WARN] [1780902387.899202624] [teleop_server]: Failed to open V4L2 device for camera[1] /dev/cam_wrist_left: No such file or directory\nJun 08 15:06:27 ubuntu bash[1264]: [teleop_server_node-1] [ERROR] [1780902387.899263520] [teleop_server]: Failed to initialize V4L2 direct MJPEG capture for camera[1]: /dev/cam_wrist_left\nJun 08 15:06:57 ubuntu bash[1264]: [teleop_server_node-1] [WARN] [1780902417.925137728] [teleop_server]: Failed to open V4L2 device for camera[1] /dev/cam_wrist_left: No such file or directory\nJun 08 15:06:57 ubuntu bash[1264]: [teleop_server_node-1] [ERROR] [1780902417.925202912] [teleop_server]: Failed to initialize V4L2 direct MJPEG capture for camera[1]: /dev/cam_wrist_left\nJun 08 15:07:27 ubuntu bash[1264]: [teleop_server_node-1] [WARN] [1780902447.949915712] [teleop_server]: Failed to open V4L2 device for camera[1] /dev/cam_wrist_left: No such file or directory\nJun 08 15:07:27 ubuntu bash[1264]: [teleop_server_node-1] [ERROR] [1780902447.949979744] [teleop_server]: Failed to initialize V4L2 direct MJPEG capture for camera[1]: /dev/cam_wrist_left\nJun 08 15:07:57 ubuntu bash[1264]: [teleop_server_node-1] [WARN] [1780902477.974963968] [teleop_server]: Failed to open V4L2 device for camera[1] /dev/cam_wrist_left: No such file or directory\nJun 08 15:07:57 ubuntu bash[1264]: [teleop_server_node-1] [ERROR] [1780902477.975014560] [teleop_server]: Failed to initialize V4L2 direct MJPEG capture for camera[1]: /dev/cam_wrist_left\nJun 08 15:08:28 ubuntu bash[1264]: [teleop_server_node-1] [WARN] [1780902508.003613056] [teleop_server]: Failed to open V4L2 device for camera[1] /dev/cam_wrist_left: No such file or directory\nJun 08 15:08:28 ubuntu bash[1264]: [teleop_server_node-1] [ERROR] [1780902508.003668992] [teleop_server]: Failed to initialize V4L2 direct MJPEG capture for camera[1]: /dev/cam_wrist_left\nJun 08 15:08:58 ubuntu bash[1264]: [teleop_server_node-1] [WARN] [1780902538.023602560] [teleop_server]: Failed to open V4L2 device for camera[1] /dev/cam_wrist_left: No such file or directory\nJun 08 15:08:58 ubuntu bash[1264]: [teleop_server_node-1] [ERROR] [1780902538.023650176] [teleop_server]: Failed to initialize V4L2 direct MJPEG capture for camera[1]: /dev/cam_wrist_left\nJun 08 15:09:28 ubuntu bash[1264]: [teleop_server_node-1] [WARN] [1780902568.048135968] [teleop_server]: Failed to open V4L2 device for camera[1] /dev/cam_wrist_left: No such file or directory\nJun 08 15:09:28 ubuntu bash[1264]: [teleop_server_node-1] [ERROR] [1780902568.048197088] [teleop_server]: Failed to initialize V4L2 direct MJPEG capture for camera[1]: /dev/cam_wrist_left\nJun 08 15:09:58 ubuntu bash[1264]: [teleop_server_node-1] [WARN] [1780902598.073591424] [teleop_server]: Failed to open V4L2 device for camera[1] /dev/cam_wrist_left: No such file or directory\nJun 08 15:09:58 ubuntu bash[1264]: [teleop_server_node-1] [ERROR] [1780902598.073793472] [teleop_server]: Failed to initialize V4L2 direct MJPEG capture for camera[1]: /dev/cam_wrist_left', 'stdout': "Jun 08 15:03:47 ubuntu bash[1264]: [teleop_server_node-1] [WARN] [1780902227.466770720] [teleop_server]: Camera[0] initialization failed, retrying in 30s\nJun 08 15:03:57 ubuntu bash[1264]: [teleop_server_node-1] [INFO] [1780902237.768142816] [teleop_server]: Retrying initialization for camera[1]...\nJun 08 15:03:57 ubuntu bash[1264]: [teleop_server_node-1] [INFO] [1780902237.768373184] [teleop_server]: Open camera[1]: type: V4L2, device: /dev/cam_wrist_left, width: 640, height: 480, frame rate: 30, flip: false\nJun 08 15:03:57 ubuntu bash[1264]: [teleop_server_node-1] [WARN] [1780902237.768514528] [teleop_server]: Failed to open V4L2 device for camera[1] /dev/cam_wrist_left: No such file or directory\nJun 08 15:03:57 ubuntu bash[1264]: [teleop_server_node-1] [ERROR] [1780902237.768576000] [teleop_server]: Failed to initialize V4L2 direct MJPEG capture for camera[1]: /dev/cam_wrist_left\nJun 08 15:03:57 ubuntu bash[1264]: [teleop_server_node-1] [WARN] [1780902237.768626304] [teleop_server]: Camera[1] initialization failed, retrying in 30s\nJun 08 15:04:17 ubuntu bash[1264]: [teleop_server_node-1] [INFO] [1780902257.495053440] [teleop_server]: Retrying initialization for camera[0]...\nJun 08 15:04:17 ubuntu bash[1264]: [teleop_server_node-1] [INFO] [1780902257.495255968] [teleop_server]: Open camera[0]: type: REALSENSE, device: <auto>, width: 640, height: 480, frame rate: 30, flip: false\nJun 08 15:04:17 ubuntu bash[1264]: [teleop_server_node-1] [INFO] [1780902257.496162976] [teleop_server]: Camera[0] publishes JPEG images through ZeroMQ PUB socket: tcp://*:5555\nJun 08 15:04:17 ubuntu bash[1264]: [teleop_server_node-1] [INFO] [1780902257.620666720] [teleop_server]: Camera[0] selected RealSense device: serial: 419522070970, name: Intel RealSense D435I\nJun 08 15:04:17 ubuntu bash[1264]: [teleop_server_node-1] [ERROR] [1780902257.843350656] [teleop_server]: Failed to start RealSense camera[0] serial '419522070970': xioctl(VIDIOC_S_FMT) failed Last Error: Device or resource busy (rs2_pipeline_start_with_config)\nJun 08 15:04:17 ubuntu bash[1264]: [teleop_server_node-1] [WARN] [1780902257.843725280] [teleop_server]: Failed to stop RealSense camera[0]: stop() cannot be called before start()\nJun 08 15:04:17 ubuntu bash[1264]: [teleop_server_node-1] [WARN] [1780902257.852716032] [teleop_server]: Camera[0] initialization failed, retrying in 30s\nJun 08 15:04:27 ubuntu bash[1264]: [teleop_server_node-1] [INFO] [1780902267.795430304] [teleop_server]: Retrying initialization for camera[1]...\nJun 08 15:04:27 ubuntu bash[1264]: [teleop_server_node-1] [INFO] [1780902267.795657216] [teleop_server]: Open camera[1]: type: V4L2, device: /dev/cam_wrist_left, width: 640, height: 480, frame rate: 30, flip: false\nJun 08 15:04:27 ubuntu bash[1264]: [teleop_server_node-1] [WARN] [1780902267.795813824] [teleop_server]: Failed to open V4L2 device for camera[1] /dev/cam_wrist_left: No such file or directory\nJun 08 15:04:27 ubuntu bash[1264]: [teleop_server_node-1] [ERROR] [1780902267.795875808] [teleop_server]: Failed to initialize V4L2 direct MJPEG capture for camera[1]: /dev/cam_wrist_left\nJun 08 15:04:27 ubuntu bash[1264]: [teleop_server_node-1] [WARN] [1780902267.795921152] [teleop_server]: Camera[1] initialization failed, retrying in 30s\nJun 08 15:04:47 ubuntu bash[1264]: [teleop_server_node-1] [INFO] [1780902287.877454272] [teleop_server]: Retrying initialization for camera[0]...\nJun 08 15:04:47 ubuntu bash[1264]: [teleop_server_node-1] [INFO] [1780902287.877723264] [teleop_server]: Open camera[0]: type: REALSENSE, device: <auto>, width: 640, height: 480, frame rate: 30, flip: false\nJun 08 15:04:47 ubuntu bash[1264]: [teleop_server_node-1] [INFO] [1780902287.878620192] [teleop_server]: Camera[0] publishes JPEG images through ZeroMQ PUB socket: tcp://*:5555\nJun 08 15:04:48 ubuntu bash[1264]: [teleop_server_node-1] [INFO] [1780902288.000450048] [teleop_server]: Camera[0] selected RealSense device: serial: 419522070970, name: Intel RealSense D435I\nJun 08 15:04:48 ubuntu bash[1264]: [teleop_server_node-1] [ERROR] [1780902288.226321728] [teleop_server]: Failed to start RealSense camera[0] serial '419522070970': xioctl(VIDIOC_S_FMT) failed Last Error: Device or resource busy (rs2_pipeline_start_with_config)\nJun 08 15:04:48 ubuntu bash[1264]: [teleop_server_node-1] [WARN] [1780902288.226656800] [teleop_server]: Failed to stop RealSense camera[0]: stop() cannot be called before start()\nJun 08 15:04:48 ubuntu bash[1264]: [teleop_server_node-1] [WARN] [1780902288.232024896] [teleop_server]: Camera[0] initialization failed, retrying in 30s\nJun 08 15:04:57 ubuntu bash[1264]: [teleop_server_node-1] [INFO] [1780902297.824410368] [teleop_server]: Retrying initialization for camera[1]...\nJun 08 15:04:57 ubuntu bash[1264]: [teleop_server_node-1] [INFO] [1780902297.824615968] [teleop_server]: Open camera[1]: type: V4L2, device: /dev/cam_wrist_left, width: 640, height: 480, frame rate: 30, flip: false\nJun 08 15:04:57 ubuntu bash[1264]: [teleop_server_node-1] [WARN] [1780902297.824780448] [teleop_server]: Failed to open V4L2 device for camera[1] /dev/cam_wrist_left: No such file or directory\nJun 08 15:04:57 ubuntu bash[1264]: [teleop_server_node-1] [ERROR] [1780902297.824859872] [teleop_server]: Failed to initialize V4L2 direct MJPEG capture for camera[1]: /dev/cam_wrist_left\nJun 08 15:04:57 ubuntu bash[1264]: [teleop_server_node-1] [WARN] [1780902297.824910208] [teleop_server]: Camera[1] initialization failed, retrying in 30s\nJun 08 15:05:18 ubuntu bash[1264]: [teleop_server_node-1] [INFO] [1780902318.263988064] [teleop_server]: Retrying initialization for camera[0]...\nJun 08 15:05:18 ubuntu bash[1264]: [teleop_server_node-1] [INFO] [1780902318.264185856] [teleop_server]: Open camera[0]: type: REALSENSE, device: <auto>, width: 640, height: 480, frame rate: 30, flip: false\nJun 08 15:05:18 ubuntu bash[1264]: [teleop_server_node-1] [INFO] [1780902318.265211776] [teleop_server]: Camera[0] publishes JPEG images through ZeroMQ PUB socket: tcp://*:5555\nJun 08 15:05:18 ubuntu bash[1264]: [teleop_server_node-1] [INFO] [1780902318.386459328] [teleop_server]: Camera[0] selected RealSense device: serial: 419522070970, name: Intel RealSense D435I\nJun 08 15:05:18 ubuntu bash[1264]: [teleop_server_node-1] [ERROR] [1780902318.616596864] [teleop_server]: Failed to start RealSense camera[0] serial '419522070970': xioctl(VIDIOC_S_FMT) failed Last Error: Device or resource busy (rs2_pipeline_start_with_config)\nJun 08 15:05:18 ubuntu bash[1264]: [teleop_server_node-1] [WARN] [1780902318.616884992] [teleop_server]: Failed to stop RealSense camera[0]: stop() cannot be called before start()\nJun 08 15:05:18 ubuntu bash[1264]: [teleop_server_node-1] [WARN] [1780902318.625875424] [teleop_server]: Camera[0] initialization failed, retrying in 30s\nJun 08 15:05:27 ubuntu bash[1264]: [teleop_server_node-1] [INFO] [1780902327.849474880] [teleop_server]: Retrying initialization for camera[1]...\nJun 08 15:05:27 ubuntu bash[1264]: [teleop_server_node-1] [INFO] [1780902327.849678560] [teleop_server]: Open camera[1]: type: V4L2, device: /dev/cam_wrist_left, width: 640, height: 480, frame rate: 30, flip: false\nJun 08 15:05:27 ubuntu bash[1264]: [teleop_server_node-1] [WARN] [1780902327.849834656] [teleop_server]: Failed to open V4L2 device for camera[1] /dev/cam_wrist_left: No such file or directory\nJun 08 15:05:27 ubuntu bash[1264]: [teleop_server_node-1] [ERROR] [1780902327.849913568] [teleop_server]: Failed to initialize V4L2 direct MJPEG capture for camera[1]: /dev/cam_wrist_left\nJun 08 15:05:27 ubuntu bash[1264]: [teleop_server_node-1] [WARN] [1780902327.849965952] [teleop_server]: Camera[1] initialization failed, retrying in 30s\nJun 08 15:05:48 ubuntu bash[1264]: [teleop_server_node-1] [INFO] [1780902348.651118400] [teleop_server]: Retrying initialization for camera[0]...\nJun 08 15:05:48 ubuntu bash[1264]: [teleop_server_node-1] [INFO] [1780902348.651302560] [teleop_server]: Open camera[0]: type: REALSENSE, device: <auto>, width: 640, height: 480, frame rate: 30, flip: false\nJun 08 15:05:48 ubuntu bash[1264]: [teleop_server_node-1] [INFO] [1780902348.652331072] [teleop_server]: Camera[0] publishes JPEG images through ZeroMQ PUB socket: tcp://*:5555\nJun 08 15:05:48 ubuntu bash[1264]: [teleop_server_node-1] [INFO] [1780902348.775054208] [teleop_server]: Camera[0] selected RealSense device: serial: 419522070970, name: Intel RealSense D435I\nJun 08 15:05:49 ubuntu bash[1264]: [teleop_server_node-1] [ERROR] [1780902349.001740480] [teleop_server]: Failed to start RealSense camera[0] serial '419522070970': xioctl(VIDIOC_S_FMT) failed Last Error: Device or resource busy (rs2_pipeline_start_with_config)\nJun 08 15:05:49 ubuntu bash[1264]: [teleop_server_node-1] [WARN] [1780902349.002042944] [teleop_server]: Failed to stop RealSense camera[0]: stop() cannot be called before start()\nJun 08 15:05:49 ubuntu bash[1264]: [teleop_server_node-1] [WARN] [1780902349.014537120] [teleop_server]: Camera[0] initialization failed, retrying in 30s\nJun 08 15:05:57 ubuntu bash[1264]: [teleop_server_node-1] [INFO] [1780902357.873956960] [teleop_server]: Retrying initialization for camera[1]...\nJun 08 15:05:57 ubuntu bash[1264]: [teleop_server_node-1] [INFO] [1780902357.874164576] [teleop_server]: Open camera[1]: type: V4L2, device: /dev/cam_wrist_left, width: 640, height: 480, frame rate: 30, flip: false\nJun 08 15:05:57 ubuntu bash[1264]: [teleop_server_node-1] [WARN] [1780902357.874414848] [teleop_server]: Failed to open V4L2 device for camera[1] /dev/cam_wrist_left: No such file or directory\nJun 08 15:05:57 ubuntu bash[1264]: [teleop_server_node-1] [ERROR] [1780902357.874486208] [teleop_server]: Failed to initialize V4L2 direct MJPEG capture for camera[1]: /dev/cam_wrist_left\nJun 08 15:05:57 ubuntu bash[1264]: [teleop_server_node-1] [WARN] [1780902357.874536640] [teleop_server]: Camera[1] initialization failed, retrying in 30s\nJun 08 15:06:19 ubuntu bash[1264]: [teleop_server_node-1] [INFO] [1780902379.038506784] [teleop_server]: Retrying initialization for camera[0]...\nJun 08 15:06:19 ubuntu bash[1264]: [teleop_server_node-1] [INFO] [1780902379.038692800] [teleop_server]: Open camera[0]: type: REALSENSE, device: <auto>, width: 640, height: 480, frame rate: 30, flip: false\nJun 08 15:06:19 ubuntu bash[1264]: [teleop_server_node-1] [INFO] [1780902379.039821472] [teleop_server]: Camera[0] publishes JPEG images through ZeroMQ PUB socket: tcp://*:5555\nJun 08 15:06:19 ubuntu bash[1264]: [teleop_server_node-1] [INFO] [1780902379.170182144] [teleop_server]: Camera[0] selected RealSense device: serial: 419522070970, name: Intel RealSense D435I\nJun 08 15:06:19 ubuntu bash[1264]: [teleop_server_node-1] [ERROR] [1780902379.392227456] [teleop_server]: Failed to start RealSense camera[0] serial '419522070970': xioctl(VIDIOC_S_FMT) failed Last Error: Device or resource busy (rs2_pipeline_start_with_config)\nJun 08 15:06:19 ubuntu bash[1264]: [teleop_server_node-1] [WARN] [1780902379.392627968] [teleop_server]: Failed to stop RealSense camera[0]: stop() cannot be called before start()\nJun 08 15:06:19 ubuntu bash[1264]: [teleop_server_node-1] [WARN] [1780902379.405037792] [teleop_server]: Camera[0] initialization failed, retrying in 30s\nJun 08 15:06:27 ubuntu bash[1264]: [teleop_server_node-1] [INFO] [1780902387.898832576] [teleop_server]: Retrying initialization for camera[1]...\nJun 08 15:06:27 ubuntu bash[1264]: [teleop_server_node-1] [INFO] [1780902387.899061312] [teleop_server]: Open camera[1]: type: V4L2, device: /dev/cam_wrist_left, width: 640, height: 480, frame rate: 30, flip: false\nJun 08 15:06:27 ubuntu bash[1264]: [teleop_server_node-1] [WARN] [1780902387.899202624] [teleop_server]: Failed to open V4L2 device for camera[1] /dev/cam_wrist_left: No such file or directory\nJun 08 15:06:27 ubuntu bash[1264]: [teleop_server_node-1] [ERROR] [1780902387.899263520] [teleop_server]: Failed to initialize V4L2 direct MJPEG capture for camera[1]: /dev/cam_wrist_left\nJun 08 15:06:27 ubuntu bash[1264]: [teleop_server_node-1] [WARN] [1780902387.899311360] [teleop_server]: Camera[1] initialization failed, retrying in 30s\nJun 08 15:06:49 ubuntu bash[1264]: [teleop_server_node-1] [INFO] [1780902409.430762144] [teleop_server]: Retrying initialization for camera[0]...\nJun 08 15:06:49 ubuntu bash[1264]: [teleop_server_node-1] [INFO] [1780902409.430928800] [teleop_server]: Open camera[0]: type: REALSENSE, device: <auto>, width: 640, height: 480, frame rate: 30, flip: false\nJun 08 15:06:49 ubuntu bash[1264]: [teleop_server_node-1] [INFO] [1780902409.432214144] [teleop_server]: Camera[0] publishes JPEG images through ZeroMQ PUB socket: tcp://*:5555\nJun 08 15:06:49 ubuntu bash[1264]: [teleop_server_node-1] [INFO] [1780902409.559853152] [teleop_server]: Camera[0] selected RealSense device: serial: 419522070970, name: Intel RealSense D435I\nJun 08 15:06:49 ubuntu bash[1264]: [teleop_server_node-1] [ERROR] [1780902409.776015424] [teleop_server]: Failed to start RealSense camera[0] serial '419522070970': xioctl(VIDIOC_S_FMT) failed Last Error: Device or resource busy (rs2_pipeline_start_with_config)\nJun 08 15:06:49 ubuntu bash[1264]: [teleop_server_node-1] [WARN] [1780902409.776289792] [teleop_server]: Failed to stop RealSense camera[0]: stop() cannot be called before start()\nJun 08 15:06:49 ubuntu bash[1264]: [teleop_server_node-1] [WARN] [1780902409.792464608] [teleop_server]: Camera[0] initialization failed, retrying in 30s\nJun 08 15:06:57 ubuntu bash[1264]: [teleop_server_node-1] [INFO] [1780902417.924730848] [teleop_server]: Retrying initialization for camera[1]...\nJun 08 15:06:57 ubuntu bash[1264]: [teleop_server_node-1] [INFO] [1780902417.924975840] [teleop_server]: Open camera[1]: type: V4L2, device: /dev/cam_wrist_left, width: 640, height: 480, frame rate: 30, flip: false\nJun 08 15:06:57 ubuntu bash[1264]: [teleop_server_node-1] [WARN] [1780902417.925137728] [teleop_server]: Failed to open V4L2 device for camera[1] /dev/cam_wrist_left: No such file or directory\nJun 08 15:06:57 ubuntu bash[1264]: [teleop_server_node-1] [ERROR] [1780902417.925202912] [teleop_server]: Failed to initialize V4L2 direct MJPEG capture for camera[1]: /dev/cam_wrist_left\nJun 08 15:06:57 ubuntu bash[1264]: [teleop_server_node-1] [WARN] [1780902417.925253888] [teleop_server]: Camera[1] initialization failed, retrying in 30s\nJun 08 15:07:19 ubuntu bash[1264]: [teleop_server_node-1] [INFO] [1780902439.819271296] [teleop_server]: Retrying initialization for camera[0]...\nJun 08 15:07:19 ubuntu bash[1264]: [teleop_server_node-1] [INFO] [1780902439.819484000] [teleop_server]: Open camera[0]: type: REALSENSE, device: <auto>, width: 640, height: 480, frame rate: 30, flip: false\nJun 08 15:07:19 ubuntu bash[1264]: [teleop_server_node-1] [INFO] [1780902439.821904224] [teleop_server]: Camera[0] publishes JPEG images through ZeroMQ PUB socket: tcp://*:5555\nJun 08 15:07:19 ubuntu bash[1264]: [teleop_server_node-1] [INFO] [1780902439.942964512] [teleop_server]: Camera[0] selected RealSense device: serial: 419522070970, name: Intel RealSense D435I\nJun 08 15:07:20 ubuntu bash[1264]: [teleop_server_node-1] [ERROR] [1780902440.164693664] [teleop_server]: Failed to start RealSense camera[0] serial '419522070970': xioctl(VIDIOC_S_FMT) failed Last Error: Device or resource busy (rs2_pipeline_start_with_config)\nJun 08 15:07:20 ubuntu bash[1264]: [teleop_server_node-1] [WARN] [1780902440.165091200] [teleop_server]: Failed to stop RealSense camera[0]: stop() cannot be called before start()\nJun 08 15:07:20 ubuntu bash[1264]: [teleop_server_node-1] [WARN] [1780902440.174051776] [teleop_server]: Camera[0] initialization failed, retrying in 30s\nJun 08 15:07:27 ubuntu bash[1264]: [teleop_server_node-1] [INFO] [1780902447.949551584] [teleop_server]: Retrying initialization for camera[1]...\nJun 08 15:07:27 ubuntu bash[1264]: [teleop_server_node-1] [INFO] [1780902447.949762368] [teleop_server]: Open camera[1]: type: V4L2, device: /dev/cam_wrist_left, width: 640, height: 480, frame rate: 30, flip: false\nJun 08 15:07:27 ubuntu bash[1264]: [teleop_server_node-1] [WARN] [1780902447.949915712] [teleop_server]: Failed to open V4L2 device for camera[1] /dev/cam_wrist_left: No such file or directory\nJun 08 15:07:27 ubuntu bash[1264]: [teleop_server_node-1] [ERROR] [1780902447.949979744] [teleop_server]: Failed to initialize V4L2 direct MJPEG capture for camera[1]: /dev/cam_wrist_left\nJun 08 15:07:27 ubuntu bash[1264]: [teleop_server_node-1] [WARN] [1780902447.950029984] [teleop_server]: Camera[1] initialization failed, retrying in 30s\nJun 08 15:07:50 ubuntu bash[1264]: [teleop_server_node-1] [INFO] [1780902470.198483136] [teleop_server]: Retrying initialization for camera[0]...\nJun 08 15:07:50 ubuntu bash[1264]: [teleop_server_node-1] [INFO] [1780902470.198684928] [teleop_server]: Open camera[0]: type: REALSENSE, device: <auto>, width: 640, height: 480, frame rate: 30, flip: false\nJun 08 15:07:50 ubuntu bash[1264]: [teleop_server_node-1] [INFO] [1780902470.199810656] [teleop_server]: Camera[0] publishes JPEG images through ZeroMQ PUB socket: tcp://*:5555\nJun 08 15:07:50 ubuntu bash[1264]: [teleop_server_node-1] [INFO] [1780902470.328414784] [teleop_server]: Camera[0] selected RealSense device: serial: 419522070970, name: Intel RealSense D435I\nJun 08 15:07:50 ubuntu bash[1264]: [teleop_server_node-1] [ERROR] [1780902470.562620576] [teleop_server]: Failed to start RealSense camera[0] serial '419522070970': xioctl(VIDIOC_S_FMT) failed Last Error: Device or resource busy (rs2_pipeline_start_with_config)\nJun 08 15:07:50 ubuntu bash[1264]: [teleop_server_node-1] [WARN] [1780902470.562934880] [teleop_server]: Failed to stop RealSense camera[0]: stop() cannot be called before start()\nJun 08 15:07:50 ubuntu bash[1264]: [teleop_server_node-1] [WARN] [1780902470.567416832] [teleop_server]: Camera[0] initialization failed, retrying in 30s\nJun 08 15:07:57 ubuntu bash[1264]: [teleop_server_node-1] [INFO] [1780902477.974634624] [teleop_server]: Retrying initialization for camera[1]...\nJun 08 15:07:57 ubuntu bash[1264]: [teleop_server_node-1] [INFO] [1780902477.974821120] [teleop_server]: Open camera[1]: type: V4L2, device: /dev/cam_wrist_left, width: 640, height: 480, frame rate: 30, flip: false\nJun 08 15:07:57 ubuntu bash[1264]: [teleop_server_node-1] [WARN] [1780902477.974963968] [teleop_server]: Failed to open V4L2 device for camera[1] /dev/cam_wrist_left: No such file or directory\nJun 08 15:07:57 ubuntu bash[1264]: [teleop_server_node-1] [ERROR] [1780902477.975014560] [teleop_server]: Failed to initialize V4L2 direct MJPEG capture for camera[1]: /dev/cam_wrist_left\nJun 08 15:07:57 ubuntu bash[1264]: [teleop_server_node-1] [WARN] [1780902477.975052256] [teleop_server]: Camera[1] initialization failed, retrying in 30s\nJun 08 15:08:20 ubuntu bash[1264]: [teleop_server_node-1] [INFO] [1780902500.591922144] [teleop_server]: Retrying initialization for camera[0]...\nJun 08 15:08:20 ubuntu bash[1264]: [teleop_server_node-1] [INFO] [1780902500.592102976] [teleop_server]: Open camera[0]: type: REALSENSE, device: <auto>, width: 640, height: 480, frame rate: 30, flip: false\nJun 08 15:08:20 ubuntu bash[1264]: [teleop_server_node-1] [INFO] [1780902500.593137920] [teleop_server]: Camera[0] publishes JPEG images through ZeroMQ PUB socket: tcp://*:5555\nJun 08 15:08:20 ubuntu bash[1264]: [teleop_server_node-1] [INFO] [1780902500.722275616] [teleop_server]: Camera[0] selected RealSense device: serial: 419522070970, name: Intel RealSense D435I\nJun 08 15:08:20 ubuntu bash[1264]: [teleop_server_node-1] [ERROR] [1780902500.949617184] [teleop_server]: Failed to start RealSense camera[0] serial '419522070970': xioctl(VIDIOC_S_FMT) failed Last Error: Device or resource busy (rs2_pipeline_start_with_config)\nJun 08 15:08:20 ubuntu bash[1264]: [teleop_server_node-1] [WARN] [1780902500.949918688] [teleop_server]: Failed to stop RealSense camera[0]: stop() cannot be called before start()\nJun 08 15:08:20 ubuntu bash[1264]: [teleop_server_node-1] [WARN] [1780902500.960231328] [teleop_server]: Camera[0] initialization failed, retrying in 30s\nJun 08 15:08:28 ubuntu bash[1264]: [teleop_server_node-1] [INFO] [1780902508.003256576] [teleop_server]: Retrying initialization for camera[1]...\nJun 08 15:08:28 ubuntu bash[1264]: [teleop_server_node-1] [INFO] [1780902508.003455552] [teleop_server]: Open camera[1]: type: V4L2, device: /dev/cam_wrist_left, width: 640, height: 480, frame rate: 30, flip: false\nJun 08 15:08:28 ubuntu bash[1264]: [teleop_server_node-1] [WARN] [1780902508.003613056] [teleop_server]: Failed to open V4L2 device for camera[1] /dev/cam_wrist_left: No such file or directory\nJun 08 15:08:28 ubuntu bash[1264]: [teleop_server_node-1] [ERROR] [1780902508.003668992] [teleop_server]: Failed to initialize V4L2 direct MJPEG capture for camera[1]: /dev/cam_wrist_left\nJun 08 15:08:28 ubuntu bash[1264]: [teleop_server_node-1] [WARN] [1780902508.003712096] [teleop_server]: Camera[1] initialization failed, retrying in 30s\nJun 08 15:08:50 ubuntu bash[1264]: [teleop_server_node-1] [INFO] [1780902530.982591424] [teleop_server]: Retrying initialization for camera[0]...\nJun 08 15:08:50 ubuntu bash[1264]: [teleop_server_node-1] [INFO] [1780902530.982725504] [teleop_server]: Open camera[0]: type: REALSENSE, device: <auto>, width: 640, height: 480, frame rate: 30, flip: false\nJun 08 15:08:50 ubuntu bash[1264]: [teleop_server_node-1] [INFO] [1780902530.983486848] [teleop_server]: Camera[0] publishes JPEG images through ZeroMQ PUB socket: tcp://*:5555\nJun 08 15:08:51 ubuntu bash[1264]: [teleop_server_node-1] [INFO] [1780902531.103628160] [teleop_server]: Camera[0] selected RealSense device: serial: 419522070970, name: Intel RealSense D435I\nJun 08 15:08:51 ubuntu bash[1264]: [teleop_server_node-1] [ERROR] [1780902531.317412224] [teleop_server]: Failed to start RealSense camera[0] serial '419522070970': xioctl(VIDIOC_S_FMT) failed Last Error: Device or resource busy (rs2_pipeline_start_with_config)\nJun 08 15:08:51 ubuntu bash[1264]: [teleop_server_node-1] [WARN] [1780902531.317761728] [teleop_server]: Failed to stop RealSense camera[0]: stop() cannot be called before start()\nJun 08 15:08:51 ubuntu bash[1264]: [teleop_server_node-1] [WARN] [1780902531.331250080] [teleop_server]: Camera[0] initialization failed, retrying in 30s\nJun 08 15:08:58 ubuntu bash[1264]: [teleop_server_node-1] [INFO] [1780902538.023178272] [teleop_server]: Retrying initialization for camera[1]...\nJun 08 15:08:58 ubuntu bash[1264]: [teleop_server_node-1] [INFO] [1780902538.023453216] [teleop_server]: Open camera[1]: type: V4L2, device: /dev/cam_wrist_left, width: 640, height: 480, frame rate: 30, flip: false\nJun 08 15:08:58 ubuntu bash[1264]: [teleop_server_node-1] [WARN] [1780902538.023602560] [teleop_server]: Failed to open V4L2 device for camera[1] /dev/cam_wrist_left: No such file or directory\nJun 08 15:08:58 ubuntu bash[1264]: [teleop_server_node-1] [ERROR] [1780902538.023650176] [teleop_server]: Failed to initialize V4L2 direct MJPEG capture for camera[1]: /dev/cam_wrist_left\nJun 08 15:08:58 ubuntu bash[1264]: [teleop_server_node-1] [WARN] [1780902538.023687168] [teleop_server]: Camera[1] initialization failed, retrying in 30s\nJun 08 15:09:21 ubuntu bash[1264]: [teleop_server_node-1] [INFO] [1780902561.354335136] [teleop_server]: Retrying initialization for camera[0]...\nJun 08 15:09:21 ubuntu bash[1264]: [teleop_server_node-1] [INFO] [1780902561.354544864] [teleop_server]: Open camera[0]: type: REALSENSE, device: <auto>, width: 640, height: 480, frame rate: 30, flip: false\nJun 08 15:09:21 ubuntu bash[1264]: [teleop_server_node-1] [INFO] [1780902561.355598912] [teleop_server]: Camera[0] publishes JPEG images through ZeroMQ PUB socket: tcp://*:5555\nJun 08 15:09:21 ubuntu bash[1264]: [teleop_server_node-1] [INFO] [1780902561.487353088] [teleop_server]: Camera[0] selected RealSense device: serial: 419522070970, name: Intel RealSense D435I\nJun 08 15:09:21 ubuntu bash[1264]: [teleop_server_node-1] [ERROR] [1780902561.703249664] [teleop_server]: Failed to start RealSense camera[0] serial '419522070970': xioctl(VIDIOC_S_FMT) failed Last Error: Device or resource busy (rs2_pipeline_start_with_config)\nJun 08 15:09:21 ubuntu bash[1264]: [teleop_server_node-1] [WARN] [1780902561.703572128] [teleop_server]: Failed to stop RealSense camera[0]: stop() cannot be called before start()\nJun 08 15:09:21 ubuntu bash[1264]: [teleop_server_node-1] [WARN] [1780902561.716006464] [teleop_server]: Camera[0] initialization failed, retrying in 30s\nJun 08 15:09:28 ubuntu bash[1264]: [teleop_server_node-1] [INFO] [1780902568.047811936] [teleop_server]: Retrying initialization for camera[1]...\nJun 08 15:09:28 ubuntu bash[1264]: [teleop_server_node-1] [INFO] [1780902568.048005216] [teleop_server]: Open camera[1]: type: V4L2, device: /dev/cam_wrist_left, width: 640, height: 480, frame rate: 30, flip: false\nJun 08 15:09:28 ubuntu bash[1264]: [teleop_server_node-1] [WARN] [1780902568.048135968] [teleop_server]: Failed to open V4L2 device for camera[1] /dev/cam_wrist_left: No such file or directory\nJun 08 15:09:28 ubuntu bash[1264]: [teleop_server_node-1] [ERROR] [1780902568.048197088] [teleop_server]: Failed to initialize V4L2 direct MJPEG capture for camera[1]: /dev/cam_wrist_left\nJun 08 15:09:28 ubuntu bash[1264]: [teleop_server_node-1] [WARN] [1780902568.048266848] [teleop_server]: Camera[1] initialization failed, retrying in 30s\nJun 08 15:09:51 ubuntu bash[1264]: [teleop_server_node-1] [INFO] [1780902591.740581088] [teleop_server]: Retrying initialization for camera[0]...\nJun 08 15:09:51 ubuntu bash[1264]: [teleop_server_node-1] [INFO] [1780902591.740785376] [teleop_server]: Open camera[0]: type: REALSENSE, device: <auto>, width: 640, height: 480, frame rate: 30, flip: false\nJun 08 15:09:51 ubuntu bash[1264]: [teleop_server_node-1] [INFO] [1780902591.742008352] [teleop_server]: Camera[0] publishes JPEG images through ZeroMQ PUB socket: tcp://*:5555\nJun 08 15:09:51 ubuntu bash[1264]: [teleop_server_node-1] [INFO] [1780902591.876813216] [teleop_server]: Camera[0] selected RealSense device: serial: 419522070970, name: Intel RealSense D435I\nJun 08 15:09:52 ubuntu bash[1264]: [teleop_server_node-1] [ERROR] [1780902592.112584800] [teleop_server]: Failed to start RealSense camera[0] serial '419522070970': xioctl(VIDIOC_S_FMT) failed Last Error: Device or resource busy (rs2_pipeline_start_with_config)\nJun 08 15:09:52 ubuntu bash[1264]: [teleop_server_node-1] [WARN] [1780902592.112864000] [teleop_server]: Failed to stop RealSense camera[0]: stop() cannot be called before start()\nJun 08 15:09:52 ubuntu bash[1264]: [teleop_server_node-1] [WARN] [1780902592.122604544] [teleop_server]: Camera[0] initialization failed, retrying in 30s\nJun 08 15:09:58 ubuntu bash[1264]: [teleop_server_node-1] [INFO] [1780902598.073231776] [teleop_server]: Retrying initialization for camera[1]...\nJun 08 15:09:58 ubuntu bash[1264]: [teleop_server_node-1] [INFO] [1780902598.073415136] [teleop_server]: Open camera[1]: type: V4L2, device: /dev/cam_wrist_left, width: 640, height: 480, frame rate: 30, flip: false\nJun 08 15:09:58 ubuntu bash[1264]: [teleop_server_node-1] [WARN] [1780902598.073591424] [teleop_server]: Failed to open V4L2 device for camera[1] /dev/cam_wrist_left: No such file or directory\nJun 08 15:09:58 ubuntu bash[1264]: [teleop_server_node-1] [ERROR] [1780902598.073793472] [teleop_server]: Failed to initialize V4L2 direct MJPEG capture for camera[1]: /dev/cam_wrist_left\nJun 08 15:09:58 ubuntu bash[1264]: [teleop_server_node-1] [WARN] [1780902598.073852608] [teleop_server]: Camera[1] initialization failed, retrying in 30s", 'stderr': '', 'reason': 'cos_teleop 服务正在运行，但日志中存在相机初始化或读取异常。', 'suggestion': '请尝试重启 cos_teleop.service；如果仍异常，请检查相机 Type-C 连接、udev 映射和相机设备状态。'})[0m
[0;32mok: [g1_robot_065] => (item={'name': 'dex1 source directory', 'status': 'OK', 'detail': '/home/unitree/g1_setup/dex1_1_service'})[0m
[0;32mok: [g1_robot_065] => (item={'name': 'dex1 bin directory', 'status': 'OK', 'detail': '/home/unitree/g1_setup/dex1_1_service/bin'})[0m
[0;32mok: [g1_robot_065] => (item={'name': 'dex1 server binary', 'status': 'OK', 'detail': '/home/unitree/g1_setup/dex1_1_service/bin/dex1_1_gripper_server'})[0m
[0;32mok: [g1_robot_065] => (item={'name': 'dex1 test binary', 'status': 'OK', 'detail': '/home/unitree/g1_setup/dex1_1_service/bin/test_dex1_1_gripper_server'})[0m
[0;32mok: [g1_robot_065] => (item={'name': 'dex1 systemd unit file', 'status': 'OK', 'detail': '/etc/systemd/system/dex1_gripper.service'})[0m
[0;32mok: [g1_robot_065] => (item={'name': 'dex1 server executable', 'status': 'OK', 'detail': '/home/unitree/g1_setup/dex1_1_service/bin/dex1_1_gripper_server'})[0m
[0;32mok: [g1_robot_065] => (item={'name': 'dex1 shared libraries', 'status': 'OK', 'detail': 'ldd rc=0'})[0m
[0;32mok: [g1_robot_065] => (item={'name': 'dex1 service enabled', 'status': 'OK', 'detail': 'enabled'})[0m
[0;32mok: [g1_robot_065] => (item={'name': 'dex1 service active', 'status': 'OK', 'detail': 'active', 'stdout': '\n--- systemctl status ---\n\n--- journalctl -u dex1_gripper.service -n 50 ---\n', 'stderr': '\n--- systemctl status stderr ---\n\n--- journalctl stderr ---\n'})[0m
[0;32mok: [g1_robot_065] => (item={'name': 'dex1 motor binding', 'status': 'WARN', 'detail': 'Jun 08 13:56:09 ubuntu dex1_1_gripper_server[4120]: [2026-06-08 13:56:09.866] [info] Available Serial Ports:\nJun 08 13:56:09 ubuntu dex1_1_gripper_server[4120]: [2026-06-08 13:56:09.866] [warning] No ttyUSB serial ports found.\nJun 08 13:56:15 ubuntu dex1_1_gripper_server[4142]: [2026-06-08 13:56:15.116] [info] Available Serial Ports:\nJun 08 13:56:15 ubuntu dex1_1_gripper_server[4142]: [2026-06-08 13:56:15.116] [warning] No ttyUSB serial ports found.\nJun 08 13:56:20 ubuntu dex1_1_gripper_server[4164]: [2026-06-08 13:56:20.166] [info] Available Serial Ports:\nJun 08 13:56:20 ubuntu dex1_1_gripper_server[4164]: [2026-06-08 13:56:20.166] [warning] No ttyUSB serial ports found.\nJun 08 13:56:25 ubuntu dex1_1_gripper_server[4178]: [2026-06-08 13:56:25.370] [info] Available Serial Ports:\nJun 08 13:56:25 ubuntu dex1_1_gripper_server[4178]: [2026-06-08 13:56:25.370] [warning] No ttyUSB serial ports found.\nJun 08 13:56:30 ubuntu dex1_1_gripper_server[4200]: [2026-06-08 13:56:30.617] [info] Available Serial Ports:\nJun 08 13:56:30 ubuntu dex1_1_gripper_server[4200]: [2026-06-08 13:56:30.617] [warning] No ttyUSB serial ports found.\nJun 08 13:56:35 ubuntu dex1_1_gripper_server[4227]: [2026-06-08 13:56:35.866] [info] Available Serial Ports:\nJun 08 13:56:35 ubuntu dex1_1_gripper_server[4227]: [2026-06-08 13:56:35.866] [warning] No ttyUSB serial ports found.\nJun 08 13:56:41 ubuntu dex1_1_gripper_server[4250]: [2026-06-08 13:56:41.117] [info] Available Serial Ports:\nJun 08 13:56:41 ubuntu dex1_1_gripper_server[4250]: [2026-06-08 13:56:41.117] [warning] No ttyUSB serial ports found.\nJun 08 13:56:46 ubuntu dex1_1_gripper_server[4272]: [2026-06-08 13:56:46.366] [info] Available Serial Ports:\nJun 08 13:56:46 ubuntu dex1_1_gripper_server[4272]: [2026-06-08 13:56:46.366] [warning] No ttyUSB serial ports found.\nJun 08 13:56:51 ubuntu dex1_1_gripper_server[4295]: [2026-06-08 13:56:51.500] [info] Available Serial Ports:\nJun 08 13:56:51 ubuntu dex1_1_gripper_server[4295]: [2026-06-08 13:56:51.500] [warning] No ttyUSB serial ports found.\nJun 08 13:56:56 ubuntu dex1_1_gripper_server[4309]: [2026-06-08 13:56:56.620] [info] Available Serial Ports:\nJun 08 13:56:56 ubuntu dex1_1_gripper_server[4309]: [2026-06-08 13:56:56.620] [warning] No ttyUSB serial ports found.\nJun 08 13:57:01 ubuntu dex1_1_gripper_server[4331]: [2026-06-08 13:57:01.867] [info] Available Serial Ports:\nJun 08 13:57:01 ubuntu dex1_1_gripper_server[4331]: [2026-06-08 13:57:01.867] [warning] No ttyUSB serial ports found.\nJun 08 13:57:07 ubuntu dex1_1_gripper_server[4358]: [2026-06-08 13:57:07.116] [info] Available Serial Ports:\nJun 08 13:57:07 ubuntu dex1_1_gripper_server[4358]: [2026-06-08 13:57:07.116] [warning] No ttyUSB serial ports found.\nJun 08 13:57:12 ubuntu dex1_1_gripper_server[4381]: [2026-06-08 13:57:12.368] [info] Available Serial Ports:\nJun 08 13:57:12 ubuntu dex1_1_gripper_server[4381]: [2026-06-08 13:57:12.368] [warning] No ttyUSB serial ports found.\nJun 08 13:57:17 ubuntu dex1_1_gripper_server[4517]: [2026-06-08 13:57:17.615] [info] Available Serial Ports:\nJun 08 13:57:17 ubuntu dex1_1_gripper_server[4517]: [2026-06-08 13:57:17.615] [warning] No ttyUSB serial ports found.\nJun 08 13:57:22 ubuntu dex1_1_gripper_server[4578]: [2026-06-08 13:57:22.690] [info] Available Serial Ports:\nJun 08 13:57:22 ubuntu dex1_1_gripper_server[4578]: [2026-06-08 13:57:22.690] [warning] No ttyUSB serial ports found.\nJun 08 13:57:27 ubuntu dex1_1_gripper_server[4698]: [2026-06-08 13:57:27.869] [info] Available Serial Ports:\nJun 08 13:57:27 ubuntu dex1_1_gripper_server[4698]: [2026-06-08 13:57:27.869] [warning] No ttyUSB serial ports found.\nJun 08 13:57:33 ubuntu dex1_1_gripper_server[4806]: [2026-06-08 13:57:33.118] [info] Available Serial Ports:\nJun 08 13:57:33 ubuntu dex1_1_gripper_server[4806]: [2026-06-08 13:57:33.118] [warning] No ttyUSB serial ports found.\nJun 08 13:57:38 ubuntu dex1_1_gripper_server[4835]: [2026-06-08 13:57:38.276] [info] Available Serial Ports:\nJun 08 13:57:38 ubuntu dex1_1_gripper_server[4835]: [2026-06-08 13:57:38.276] [warning] No ttyUSB serial ports found.\nJun 08 13:57:43 ubuntu dex1_1_gripper_server[4861]: [2026-06-08 13:57:43.368] [info] Available Serial Ports:\nJun 08 13:57:43 ubuntu dex1_1_gripper_server[4861]: [2026-06-08 13:57:43.368] [warning] No ttyUSB serial ports found.\nJun 08 13:57:48 ubuntu dex1_1_gripper_server[4883]: [2026-06-08 13:57:48.617] [info] Available Serial Ports:\nJun 08 13:57:48 ubuntu dex1_1_gripper_server[4883]: [2026-06-08 13:57:48.617] [warning] No ttyUSB serial ports found.\nJun 08 13:57:53 ubuntu dex1_1_gripper_server[4905]: [2026-06-08 13:57:53.866] [info] Available Serial Ports:\nJun 08 13:57:53 ubuntu dex1_1_gripper_server[4905]: [2026-06-08 13:57:53.866] [warning] No ttyUSB serial ports found.\nJun 08 13:57:59 ubuntu dex1_1_gripper_server[5130]: [2026-06-08 13:57:59.120] [info] Available Serial Ports:\nJun 08 13:57:59 ubuntu dex1_1_gripper_server[5130]: [2026-06-08 13:57:59.120] [warning] No ttyUSB serial ports found.\nJun 08 13:58:04 ubuntu dex1_1_gripper_server[5318]: [2026-06-08 13:58:04.367] [info] Available Serial Ports: /dev/ttyUSB3, /dev/ttyUSB2, /dev/ttyUSB1, /dev/ttyUSB0\nJun 08 13:58:04 ubuntu dex1_1_gripper_server[5318]: [2026-06-08 13:58:04.806] [info] Detected motors:\nJun 08 13:58:04 ubuntu dex1_1_gripper_server[5318]: [2026-06-08 13:58:04.806] [info]   - Motor ID: 0          Side: right          Port: /dev/ttyUSB1          cmdTopic: rt/dex1/right/cmd          stateTopic: rt/dex1/right/state\nJun 08 13:58:04 ubuntu dex1_1_gripper_server[5318]: [2026-06-08 13:58:04.806] [info]   - Motor ID: 1          Side: left          Port: /dev/ttyUSB2          cmdTopic: rt/dex1/left/cmd          stateTopic: rt/dex1/left/state\nJun 08 15:10:10 ubuntu dex1_1_gripper_server[21774]: [2026-06-08 15:10:10.589] [info] Available Serial Ports: /dev/ttyUSB3, /dev/ttyUSB2, /dev/ttyUSB1, /dev/ttyUSB0\nJun 08 15:10:10 ubuntu dex1_1_gripper_server[21774]: [2026-06-08 15:10:10.745] [info] Detected motors:\nJun 08 15:10:10 ubuntu dex1_1_gripper_server[21774]: [2026-06-08 15:10:10.745] [info]   - Motor ID: 0          Side: right          Port: /dev/ttyUSB1          cmdTopic: rt/dex1/right/cmd          stateTopic: rt/dex1/right/state\nJun 08 15:10:10 ubuntu dex1_1_gripper_server[21774]: [2026-06-08 15:10:10.745] [info]   - Motor ID: 1          Side: left          Port: /dev/ttyUSB2          cmdTopic: rt/dex1/left/cmd          stateTopic: rt/dex1/left/state', 'stdout': 'Jun 08 13:56:09 ubuntu dex1_1_gripper_server[4120]: [2026-06-08 13:56:09.866] [info] Available Serial Ports:\nJun 08 13:56:09 ubuntu dex1_1_gripper_server[4120]: [2026-06-08 13:56:09.866] [warning] No ttyUSB serial ports found.\nJun 08 13:56:15 ubuntu dex1_1_gripper_server[4142]: [2026-06-08 13:56:15.116] [info] Available Serial Ports:\nJun 08 13:56:15 ubuntu dex1_1_gripper_server[4142]: [2026-06-08 13:56:15.116] [warning] No ttyUSB serial ports found.\nJun 08 13:56:20 ubuntu dex1_1_gripper_server[4164]: [2026-06-08 13:56:20.166] [info] Available Serial Ports:\nJun 08 13:56:20 ubuntu dex1_1_gripper_server[4164]: [2026-06-08 13:56:20.166] [warning] No ttyUSB serial ports found.\nJun 08 13:56:25 ubuntu dex1_1_gripper_server[4178]: [2026-06-08 13:56:25.370] [info] Available Serial Ports:\nJun 08 13:56:25 ubuntu dex1_1_gripper_server[4178]: [2026-06-08 13:56:25.370] [warning] No ttyUSB serial ports found.\nJun 08 13:56:30 ubuntu dex1_1_gripper_server[4200]: [2026-06-08 13:56:30.617] [info] Available Serial Ports:\nJun 08 13:56:30 ubuntu dex1_1_gripper_server[4200]: [2026-06-08 13:56:30.617] [warning] No ttyUSB serial ports found.\nJun 08 13:56:35 ubuntu dex1_1_gripper_server[4227]: [2026-06-08 13:56:35.866] [info] Available Serial Ports:\nJun 08 13:56:35 ubuntu dex1_1_gripper_server[4227]: [2026-06-08 13:56:35.866] [warning] No ttyUSB serial ports found.\nJun 08 13:56:41 ubuntu dex1_1_gripper_server[4250]: [2026-06-08 13:56:41.117] [info] Available Serial Ports:\nJun 08 13:56:41 ubuntu dex1_1_gripper_server[4250]: [2026-06-08 13:56:41.117] [warning] No ttyUSB serial ports found.\nJun 08 13:56:46 ubuntu dex1_1_gripper_server[4272]: [2026-06-08 13:56:46.366] [info] Available Serial Ports:\nJun 08 13:56:46 ubuntu dex1_1_gripper_server[4272]: [2026-06-08 13:56:46.366] [warning] No ttyUSB serial ports found.\nJun 08 13:56:51 ubuntu dex1_1_gripper_server[4295]: [2026-06-08 13:56:51.500] [info] Available Serial Ports:\nJun 08 13:56:51 ubuntu dex1_1_gripper_server[4295]: [2026-06-08 13:56:51.500] [warning] No ttyUSB serial ports found.\nJun 08 13:56:56 ubuntu dex1_1_gripper_server[4309]: [2026-06-08 13:56:56.620] [info] Available Serial Ports:\nJun 08 13:56:56 ubuntu dex1_1_gripper_server[4309]: [2026-06-08 13:56:56.620] [warning] No ttyUSB serial ports found.\nJun 08 13:57:01 ubuntu dex1_1_gripper_server[4331]: [2026-06-08 13:57:01.867] [info] Available Serial Ports:\nJun 08 13:57:01 ubuntu dex1_1_gripper_server[4331]: [2026-06-08 13:57:01.867] [warning] No ttyUSB serial ports found.\nJun 08 13:57:07 ubuntu dex1_1_gripper_server[4358]: [2026-06-08 13:57:07.116] [info] Available Serial Ports:\nJun 08 13:57:07 ubuntu dex1_1_gripper_server[4358]: [2026-06-08 13:57:07.116] [warning] No ttyUSB serial ports found.\nJun 08 13:57:12 ubuntu dex1_1_gripper_server[4381]: [2026-06-08 13:57:12.368] [info] Available Serial Ports:\nJun 08 13:57:12 ubuntu dex1_1_gripper_server[4381]: [2026-06-08 13:57:12.368] [warning] No ttyUSB serial ports found.\nJun 08 13:57:17 ubuntu dex1_1_gripper_server[4517]: [2026-06-08 13:57:17.615] [info] Available Serial Ports:\nJun 08 13:57:17 ubuntu dex1_1_gripper_server[4517]: [2026-06-08 13:57:17.615] [warning] No ttyUSB serial ports found.\nJun 08 13:57:22 ubuntu dex1_1_gripper_server[4578]: [2026-06-08 13:57:22.690] [info] Available Serial Ports:\nJun 08 13:57:22 ubuntu dex1_1_gripper_server[4578]: [2026-06-08 13:57:22.690] [warning] No ttyUSB serial ports found.\nJun 08 13:57:27 ubuntu dex1_1_gripper_server[4698]: [2026-06-08 13:57:27.869] [info] Available Serial Ports:\nJun 08 13:57:27 ubuntu dex1_1_gripper_server[4698]: [2026-06-08 13:57:27.869] [warning] No ttyUSB serial ports found.\nJun 08 13:57:33 ubuntu dex1_1_gripper_server[4806]: [2026-06-08 13:57:33.118] [info] Available Serial Ports:\nJun 08 13:57:33 ubuntu dex1_1_gripper_server[4806]: [2026-06-08 13:57:33.118] [warning] No ttyUSB serial ports found.\nJun 08 13:57:38 ubuntu dex1_1_gripper_server[4835]: [2026-06-08 13:57:38.276] [info] Available Serial Ports:\nJun 08 13:57:38 ubuntu dex1_1_gripper_server[4835]: [2026-06-08 13:57:38.276] [warning] No ttyUSB serial ports found.\nJun 08 13:57:43 ubuntu dex1_1_gripper_server[4861]: [2026-06-08 13:57:43.368] [info] Available Serial Ports:\nJun 08 13:57:43 ubuntu dex1_1_gripper_server[4861]: [2026-06-08 13:57:43.368] [warning] No ttyUSB serial ports found.\nJun 08 13:57:48 ubuntu dex1_1_gripper_server[4883]: [2026-06-08 13:57:48.617] [info] Available Serial Ports:\nJun 08 13:57:48 ubuntu dex1_1_gripper_server[4883]: [2026-06-08 13:57:48.617] [warning] No ttyUSB serial ports found.\nJun 08 13:57:53 ubuntu dex1_1_gripper_server[4905]: [2026-06-08 13:57:53.866] [info] Available Serial Ports:\nJun 08 13:57:53 ubuntu dex1_1_gripper_server[4905]: [2026-06-08 13:57:53.866] [warning] No ttyUSB serial ports found.\nJun 08 13:57:59 ubuntu dex1_1_gripper_server[5130]: [2026-06-08 13:57:59.120] [info] Available Serial Ports:\nJun 08 13:57:59 ubuntu dex1_1_gripper_server[5130]: [2026-06-08 13:57:59.120] [warning] No ttyUSB serial ports found.\nJun 08 13:58:04 ubuntu dex1_1_gripper_server[5318]: [2026-06-08 13:58:04.367] [info] Available Serial Ports: /dev/ttyUSB3, /dev/ttyUSB2, /dev/ttyUSB1, /dev/ttyUSB0\nJun 08 13:58:04 ubuntu dex1_1_gripper_server[5318]: [2026-06-08 13:58:04.806] [info] Detected motors:\nJun 08 13:58:04 ubuntu dex1_1_gripper_server[5318]: [2026-06-08 13:58:04.806] [info]   - Motor ID: 0          Side: right          Port: /dev/ttyUSB1          cmdTopic: rt/dex1/right/cmd          stateTopic: rt/dex1/right/state\nJun 08 13:58:04 ubuntu dex1_1_gripper_server[5318]: [2026-06-08 13:58:04.806] [info]   - Motor ID: 1          Side: left          Port: /dev/ttyUSB2          cmdTopic: rt/dex1/left/cmd          stateTopic: rt/dex1/left/state\nJun 08 15:10:10 ubuntu dex1_1_gripper_server[21774]: [2026-06-08 15:10:10.589] [info] Available Serial Ports: /dev/ttyUSB3, /dev/ttyUSB2, /dev/ttyUSB1, /dev/ttyUSB0\nJun 08 15:10:10 ubuntu dex1_1_gripper_server[21774]: [2026-06-08 15:10:10.745] [info] Detected motors:\nJun 08 15:10:10 ubuntu dex1_1_gripper_server[21774]: [2026-06-08 15:10:10.745] [info]   - Motor ID: 0          Side: right          Port: /dev/ttyUSB1          cmdTopic: rt/dex1/right/cmd          stateTopic: rt/dex1/right/state\nJun 08 15:10:10 ubuntu dex1_1_gripper_server[21774]: [2026-06-08 15:10:10.745] [info]   - Motor ID: 1          Side: left          Port: /dev/ttyUSB2          cmdTopic: rt/dex1/left/cmd          stateTopic: rt/dex1/left/state', 'stderr': '', 'reason': 'dex1_gripper.service 运行中，但日志显示电机或串口绑定异常。', 'suggestion': '请检查 Dex1 有线连接或硬件状态，并尝试重新插拔后重启 dex1_gripper.service。'})[0m

TASK [Use enriched check results for report] ***********************************
[0;32mok: [g1_robot_065][0m

TASK [Calculate check counters] ************************************************
[0;32mok: [g1_robot_065][0m

TASK [Calculate overall status] ************************************************
[0;32mok: [g1_robot_065][0m

TASK [Initialize report card issues] *******************************************
[0;32mok: [g1_robot_065][0m

TASK [Add check issues to report card] *****************************************
[0;32mok: [g1_robot_065] => (item={'name': '/dev/cam_wrist_left', 'status': 'WARN', 'detail': '/dev/cam_wrist_left', 'reason': 'Camera device symlink does not exist.', 'suggestion': 'Check camera connection and udev rules. If wrist cameras are not required for this robot, this warning can be ignored.'})[0m
[0;32mok: [g1_robot_065] => (item={'name': 'cos_teleop camera log', 'status': 'WARN', 'detail': 'Jun 08 15:03:57 ubuntu bash[1264]: [teleop_server_node-1] [WARN] [1780902237.768514528] [teleop_server]: Failed to open V4L2 device for camera[1] /dev/cam_wrist_left: No such file or directory\nJun 08 15:03:57 ubuntu bash[1264]: [teleop_server_node-1] [ERROR] [1780902237.768576000] [teleop_server]: Failed to initialize V4L2 direct MJPEG capture for camera[1]: /dev/cam_wrist_left\nJun 08 15:04:27 ubuntu bash[1264]: [teleop_server_node-1] [WARN] [1780902267.795813824] [teleop_server]: Failed to open V4L2 device for camera[1] /dev/cam_wrist_left: No such file or directory\nJun 08 15:04:27 ubuntu bash[1264]: [teleop_server_node-1] [ERROR] [1780902267.795875808] [teleop_server]: Failed to initialize V4L2 direct MJPEG capture for camera[1]: /dev/cam_wrist_left\nJun 08 15:04:57 ubuntu bash[1264]: [teleop_server_node-1] [WARN] [1780902297.824780448] [teleop_server]: Failed to open V4L2 device for camera[1] /dev/cam_wrist_left: No such file or directory\nJun 08 15:04:57 ubuntu bash[1264]: [teleop_server_node-1] [ERROR] [1780902297.824859872] [teleop_server]: Failed to initialize V4L2 direct MJPEG capture for camera[1]: /dev/cam_wrist_left\nJun 08 15:05:27 ubuntu bash[1264]: [teleop_server_node-1] [WARN] [1780902327.849834656] [teleop_server]: Failed to open V4L2 device for camera[1] /dev/cam_wrist_left: No such file or directory\nJun 08 15:05:27 ubuntu bash[1264]: [teleop_server_node-1] [ERROR] [1780902327.849913568] [teleop_server]: Failed to initialize V4L2 direct MJPEG capture for camera[1]: /dev/cam_wrist_left\nJun 08 15:05:57 ubuntu bash[1264]: [teleop_server_node-1] [WARN] [1780902357.874414848] [teleop_server]: Failed to open V4L2 device for camera[1] /dev/cam_wrist_left: No such file or directory\nJun 08 15:05:57 ubuntu bash[1264]: [teleop_server_node-1] [ERROR] [1780902357.874486208] [teleop_server]: Failed to initialize V4L2 direct MJPEG capture for camera[1]: /dev/cam_wrist_left\nJun 08 15:06:27 ubuntu bash[1264]: [teleop_server_node-1] [WARN] [1780902387.899202624] [teleop_server]: Failed to open V4L2 device for camera[1] /dev/cam_wrist_left: No such file or directory\nJun 08 15:06:27 ubuntu bash[1264]: [teleop_server_node-1] [ERROR] [1780902387.899263520] [teleop_server]: Failed to initialize V4L2 direct MJPEG capture for camera[1]: /dev/cam_wrist_left\nJun 08 15:06:57 ubuntu bash[1264]: [teleop_server_node-1] [WARN] [1780902417.925137728] [teleop_server]: Failed to open V4L2 device for camera[1] /dev/cam_wrist_left: No such file or directory\nJun 08 15:06:57 ubuntu bash[1264]: [teleop_server_node-1] [ERROR] [1780902417.925202912] [teleop_server]: Failed to initialize V4L2 direct MJPEG capture for camera[1]: /dev/cam_wrist_left\nJun 08 15:07:27 ubuntu bash[1264]: [teleop_server_node-1] [WARN] [1780902447.949915712] [teleop_server]: Failed to open V4L2 device for camera[1] /dev/cam_wrist_left: No such file or directory\nJun 08 15:07:27 ubuntu bash[1264]: [teleop_server_node-1] [ERROR] [1780902447.949979744] [teleop_server]: Failed to initialize V4L2 direct MJPEG capture for camera[1]: /dev/cam_wrist_left\nJun 08 15:07:57 ubuntu bash[1264]: [teleop_server_node-1] [WARN] [1780902477.974963968] [teleop_server]: Failed to open V4L2 device for camera[1] /dev/cam_wrist_left: No such file or directory\nJun 08 15:07:57 ubuntu bash[1264]: [teleop_server_node-1] [ERROR] [1780902477.975014560] [teleop_server]: Failed to initialize V4L2 direct MJPEG capture for camera[1]: /dev/cam_wrist_left\nJun 08 15:08:28 ubuntu bash[1264]: [teleop_server_node-1] [WARN] [1780902508.003613056] [teleop_server]: Failed to open V4L2 device for camera[1] /dev/cam_wrist_left: No such file or directory\nJun 08 15:08:28 ubuntu bash[1264]: [teleop_server_node-1] [ERROR] [1780902508.003668992] [teleop_server]: Failed to initialize V4L2 direct MJPEG capture for camera[1]: /dev/cam_wrist_left\nJun 08 15:08:58 ubuntu bash[1264]: [teleop_server_node-1] [WARN] [1780902538.023602560] [teleop_server]: Failed to open V4L2 device for camera[1] /dev/cam_wrist_left: No such file or directory\nJun 08 15:08:58 ubuntu bash[1264]: [teleop_server_node-1] [ERROR] [1780902538.023650176] [teleop_server]: Failed to initialize V4L2 direct MJPEG capture for camera[1]: /dev/cam_wrist_left\nJun 08 15:09:28 ubuntu bash[1264]: [teleop_server_node-1] [WARN] [1780902568.048135968] [teleop_server]: Failed to open V4L2 device for camera[1] /dev/cam_wrist_left: No such file or directory\nJun 08 15:09:28 ubuntu bash[1264]: [teleop_server_node-1] [ERROR] [1780902568.048197088] [teleop_server]: Failed to initialize V4L2 direct MJPEG capture for camera[1]: /dev/cam_wrist_left\nJun 08 15:09:58 ubuntu bash[1264]: [teleop_server_node-1] [WARN] [1780902598.073591424] [teleop_server]: Failed to open V4L2 device for camera[1] /dev/cam_wrist_left: No such file or directory\nJun 08 15:09:58 ubuntu bash[1264]: [teleop_server_node-1] [ERROR] [1780902598.073793472] [teleop_server]: Failed to initialize V4L2 direct MJPEG capture for camera[1]: /dev/cam_wrist_left', 'stdout': "Jun 08 15:03:47 ubuntu bash[1264]: [teleop_server_node-1] [WARN] [1780902227.466770720] [teleop_server]: Camera[0] initialization failed, retrying in 30s\nJun 08 15:03:57 ubuntu bash[1264]: [teleop_server_node-1] [INFO] [1780902237.768142816] [teleop_server]: Retrying initialization for camera[1]...\nJun 08 15:03:57 ubuntu bash[1264]: [teleop_server_node-1] [INFO] [1780902237.768373184] [teleop_server]: Open camera[1]: type: V4L2, device: /dev/cam_wrist_left, width: 640, height: 480, frame rate: 30, flip: false\nJun 08 15:03:57 ubuntu bash[1264]: [teleop_server_node-1] [WARN] [1780902237.768514528] [teleop_server]: Failed to open V4L2 device for camera[1] /dev/cam_wrist_left: No such file or directory\nJun 08 15:03:57 ubuntu bash[1264]: [teleop_server_node-1] [ERROR] [1780902237.768576000] [teleop_server]: Failed to initialize V4L2 direct MJPEG capture for camera[1]: /dev/cam_wrist_left\nJun 08 15:03:57 ubuntu bash[1264]: [teleop_server_node-1] [WARN] [1780902237.768626304] [teleop_server]: Camera[1] initialization failed, retrying in 30s\nJun 08 15:04:17 ubuntu bash[1264]: [teleop_server_node-1] [INFO] [1780902257.495053440] [teleop_server]: Retrying initialization for camera[0]...\nJun 08 15:04:17 ubuntu bash[1264]: [teleop_server_node-1] [INFO] [1780902257.495255968] [teleop_server]: Open camera[0]: type: REALSENSE, device: <auto>, width: 640, height: 480, frame rate: 30, flip: false\nJun 08 15:04:17 ubuntu bash[1264]: [teleop_server_node-1] [INFO] [1780902257.496162976] [teleop_server]: Camera[0] publishes JPEG images through ZeroMQ PUB socket: tcp://*:5555\nJun 08 15:04:17 ubuntu bash[1264]: [teleop_server_node-1] [INFO] [1780902257.620666720] [teleop_server]: Camera[0] selected RealSense device: serial: 419522070970, name: Intel RealSense D435I\nJun 08 15:04:17 ubuntu bash[1264]: [teleop_server_node-1] [ERROR] [1780902257.843350656] [teleop_server]: Failed to start RealSense camera[0] serial '419522070970': xioctl(VIDIOC_S_FMT) failed Last Error: Device or resource busy (rs2_pipeline_start_with_config)\nJun 08 15:04:17 ubuntu bash[1264]: [teleop_server_node-1] [WARN] [1780902257.843725280] [teleop_server]: Failed to stop RealSense camera[0]: stop() cannot be called before start()\nJun 08 15:04:17 ubuntu bash[1264]: [teleop_server_node-1] [WARN] [1780902257.852716032] [teleop_server]: Camera[0] initialization failed, retrying in 30s\nJun 08 15:04:27 ubuntu bash[1264]: [teleop_server_node-1] [INFO] [1780902267.795430304] [teleop_server]: Retrying initialization for camera[1]...\nJun 08 15:04:27 ubuntu bash[1264]: [teleop_server_node-1] [INFO] [1780902267.795657216] [teleop_server]: Open camera[1]: type: V4L2, device: /dev/cam_wrist_left, width: 640, height: 480, frame rate: 30, flip: false\nJun 08 15:04:27 ubuntu bash[1264]: [teleop_server_node-1] [WARN] [1780902267.795813824] [teleop_server]: Failed to open V4L2 device for camera[1] /dev/cam_wrist_left: No such file or directory\nJun 08 15:04:27 ubuntu bash[1264]: [teleop_server_node-1] [ERROR] [1780902267.795875808] [teleop_server]: Failed to initialize V4L2 direct MJPEG capture for camera[1]: /dev/cam_wrist_left\nJun 08 15:04:27 ubuntu bash[1264]: [teleop_server_node-1] [WARN] [1780902267.795921152] [teleop_server]: Camera[1] initialization failed, retrying in 30s\nJun 08 15:04:47 ubuntu bash[1264]: [teleop_server_node-1] [INFO] [1780902287.877454272] [teleop_server]: Retrying initialization for camera[0]...\nJun 08 15:04:47 ubuntu bash[1264]: [teleop_server_node-1] [INFO] [1780902287.877723264] [teleop_server]: Open camera[0]: type: REALSENSE, device: <auto>, width: 640, height: 480, frame rate: 30, flip: false\nJun 08 15:04:47 ubuntu bash[1264]: [teleop_server_node-1] [INFO] [1780902287.878620192] [teleop_server]: Camera[0] publishes JPEG images through ZeroMQ PUB socket: tcp://*:5555\nJun 08 15:04:48 ubuntu bash[1264]: [teleop_server_node-1] [INFO] [1780902288.000450048] [teleop_server]: Camera[0] selected RealSense device: serial: 419522070970, name: Intel RealSense D435I\nJun 08 15:04:48 ubuntu bash[1264]: [teleop_server_node-1] [ERROR] [1780902288.226321728] [teleop_server]: Failed to start RealSense camera[0] serial '419522070970': xioctl(VIDIOC_S_FMT) failed Last Error: Device or resource busy (rs2_pipeline_start_with_config)\nJun 08 15:04:48 ubuntu bash[1264]: [teleop_server_node-1] [WARN] [1780902288.226656800] [teleop_server]: Failed to stop RealSense camera[0]: stop() cannot be called before start()\nJun 08 15:04:48 ubuntu bash[1264]: [teleop_server_node-1] [WARN] [1780902288.232024896] [teleop_server]: Camera[0] initialization failed, retrying in 30s\nJun 08 15:04:57 ubuntu bash[1264]: [teleop_server_node-1] [INFO] [1780902297.824410368] [teleop_server]: Retrying initialization for camera[1]...\nJun 08 15:04:57 ubuntu bash[1264]: [teleop_server_node-1] [INFO] [1780902297.824615968] [teleop_server]: Open camera[1]: type: V4L2, device: /dev/cam_wrist_left, width: 640, height: 480, frame rate: 30, flip: false\nJun 08 15:04:57 ubuntu bash[1264]: [teleop_server_node-1] [WARN] [1780902297.824780448] [teleop_server]: Failed to open V4L2 device for camera[1] /dev/cam_wrist_left: No such file or directory\nJun 08 15:04:57 ubuntu bash[1264]: [teleop_server_node-1] [ERROR] [1780902297.824859872] [teleop_server]: Failed to initialize V4L2 direct MJPEG capture for camera[1]: /dev/cam_wrist_left\nJun 08 15:04:57 ubuntu bash[1264]: [teleop_server_node-1] [WARN] [1780902297.824910208] [teleop_server]: Camera[1] initialization failed, retrying in 30s\nJun 08 15:05:18 ubuntu bash[1264]: [teleop_server_node-1] [INFO] [1780902318.263988064] [teleop_server]: Retrying initialization for camera[0]...\nJun 08 15:05:18 ubuntu bash[1264]: [teleop_server_node-1] [INFO] [1780902318.264185856] [teleop_server]: Open camera[0]: type: REALSENSE, device: <auto>, width: 640, height: 480, frame rate: 30, flip: false\nJun 08 15:05:18 ubuntu bash[1264]: [teleop_server_node-1] [INFO] [1780902318.265211776] [teleop_server]: Camera[0] publishes JPEG images through ZeroMQ PUB socket: tcp://*:5555\nJun 08 15:05:18 ubuntu bash[1264]: [teleop_server_node-1] [INFO] [1780902318.386459328] [teleop_server]: Camera[0] selected RealSense device: serial: 419522070970, name: Intel RealSense D435I\nJun 08 15:05:18 ubuntu bash[1264]: [teleop_server_node-1] [ERROR] [1780902318.616596864] [teleop_server]: Failed to start RealSense camera[0] serial '419522070970': xioctl(VIDIOC_S_FMT) failed Last Error: Device or resource busy (rs2_pipeline_start_with_config)\nJun 08 15:05:18 ubuntu bash[1264]: [teleop_server_node-1] [WARN] [1780902318.616884992] [teleop_server]: Failed to stop RealSense camera[0]: stop() cannot be called before start()\nJun 08 15:05:18 ubuntu bash[1264]: [teleop_server_node-1] [WARN] [1780902318.625875424] [teleop_server]: Camera[0] initialization failed, retrying in 30s\nJun 08 15:05:27 ubuntu bash[1264]: [teleop_server_node-1] [INFO] [1780902327.849474880] [teleop_server]: Retrying initialization for camera[1]...\nJun 08 15:05:27 ubuntu bash[1264]: [teleop_server_node-1] [INFO] [1780902327.849678560] [teleop_server]: Open camera[1]: type: V4L2, device: /dev/cam_wrist_left, width: 640, height: 480, frame rate: 30, flip: false\nJun 08 15:05:27 ubuntu bash[1264]: [teleop_server_node-1] [WARN] [1780902327.849834656] [teleop_server]: Failed to open V4L2 device for camera[1] /dev/cam_wrist_left: No such file or directory\nJun 08 15:05:27 ubuntu bash[1264]: [teleop_server_node-1] [ERROR] [1780902327.849913568] [teleop_server]: Failed to initialize V4L2 direct MJPEG capture for camera[1]: /dev/cam_wrist_left\nJun 08 15:05:27 ubuntu bash[1264]: [teleop_server_node-1] [WARN] [1780902327.849965952] [teleop_server]: Camera[1] initialization failed, retrying in 30s\nJun 08 15:05:48 ubuntu bash[1264]: [teleop_server_node-1] [INFO] [1780902348.651118400] [teleop_server]: Retrying initialization for camera[0]...\nJun 08 15:05:48 ubuntu bash[1264]: [teleop_server_node-1] [INFO] [1780902348.651302560] [teleop_server]: Open camera[0]: type: REALSENSE, device: <auto>, width: 640, height: 480, frame rate: 30, flip: false\nJun 08 15:05:48 ubuntu bash[1264]: [teleop_server_node-1] [INFO] [1780902348.652331072] [teleop_server]: Camera[0] publishes JPEG images through ZeroMQ PUB socket: tcp://*:5555\nJun 08 15:05:48 ubuntu bash[1264]: [teleop_server_node-1] [INFO] [1780902348.775054208] [teleop_server]: Camera[0] selected RealSense device: serial: 419522070970, name: Intel RealSense D435I\nJun 08 15:05:49 ubuntu bash[1264]: [teleop_server_node-1] [ERROR] [1780902349.001740480] [teleop_server]: Failed to start RealSense camera[0] serial '419522070970': xioctl(VIDIOC_S_FMT) failed Last Error: Device or resource busy (rs2_pipeline_start_with_config)\nJun 08 15:05:49 ubuntu bash[1264]: [teleop_server_node-1] [WARN] [1780902349.002042944] [teleop_server]: Failed to stop RealSense camera[0]: stop() cannot be called before start()\nJun 08 15:05:49 ubuntu bash[1264]: [teleop_server_node-1] [WARN] [1780902349.014537120] [teleop_server]: Camera[0] initialization failed, retrying in 30s\nJun 08 15:05:57 ubuntu bash[1264]: [teleop_server_node-1] [INFO] [1780902357.873956960] [teleop_server]: Retrying initialization for camera[1]...\nJun 08 15:05:57 ubuntu bash[1264]: [teleop_server_node-1] [INFO] [1780902357.874164576] [teleop_server]: Open camera[1]: type: V4L2, device: /dev/cam_wrist_left, width: 640, height: 480, frame rate: 30, flip: false\nJun 08 15:05:57 ubuntu bash[1264]: [teleop_server_node-1] [WARN] [1780902357.874414848] [teleop_server]: Failed to open V4L2 device for camera[1] /dev/cam_wrist_left: No such file or directory\nJun 08 15:05:57 ubuntu bash[1264]: [teleop_server_node-1] [ERROR] [1780902357.874486208] [teleop_server]: Failed to initialize V4L2 direct MJPEG capture for camera[1]: /dev/cam_wrist_left\nJun 08 15:05:57 ubuntu bash[1264]: [teleop_server_node-1] [WARN] [1780902357.874536640] [teleop_server]: Camera[1] initialization failed, retrying in 30s\nJun 08 15:06:19 ubuntu bash[1264]: [teleop_server_node-1] [INFO] [1780902379.038506784] [teleop_server]: Retrying initialization for camera[0]...\nJun 08 15:06:19 ubuntu bash[1264]: [teleop_server_node-1] [INFO] [1780902379.038692800] [teleop_server]: Open camera[0]: type: REALSENSE, device: <auto>, width: 640, height: 480, frame rate: 30, flip: false\nJun 08 15:06:19 ubuntu bash[1264]: [teleop_server_node-1] [INFO] [1780902379.039821472] [teleop_server]: Camera[0] publishes JPEG images through ZeroMQ PUB socket: tcp://*:5555\nJun 08 15:06:19 ubuntu bash[1264]: [teleop_server_node-1] [INFO] [1780902379.170182144] [teleop_server]: Camera[0] selected RealSense device: serial: 419522070970, name: Intel RealSense D435I\nJun 08 15:06:19 ubuntu bash[1264]: [teleop_server_node-1] [ERROR] [1780902379.392227456] [teleop_server]: Failed to start RealSense camera[0] serial '419522070970': xioctl(VIDIOC_S_FMT) failed Last Error: Device or resource busy (rs2_pipeline_start_with_config)\nJun 08 15:06:19 ubuntu bash[1264]: [teleop_server_node-1] [WARN] [1780902379.392627968] [teleop_server]: Failed to stop RealSense camera[0]: stop() cannot be called before start()\nJun 08 15:06:19 ubuntu bash[1264]: [teleop_server_node-1] [WARN] [1780902379.405037792] [teleop_server]: Camera[0] initialization failed, retrying in 30s\nJun 08 15:06:27 ubuntu bash[1264]: [teleop_server_node-1] [INFO] [1780902387.898832576] [teleop_server]: Retrying initialization for camera[1]...\nJun 08 15:06:27 ubuntu bash[1264]: [teleop_server_node-1] [INFO] [1780902387.899061312] [teleop_server]: Open camera[1]: type: V4L2, device: /dev/cam_wrist_left, width: 640, height: 480, frame rate: 30, flip: false\nJun 08 15:06:27 ubuntu bash[1264]: [teleop_server_node-1] [WARN] [1780902387.899202624] [teleop_server]: Failed to open V4L2 device for camera[1] /dev/cam_wrist_left: No such file or directory\nJun 08 15:06:27 ubuntu bash[1264]: [teleop_server_node-1] [ERROR] [1780902387.899263520] [teleop_server]: Failed to initialize V4L2 direct MJPEG capture for camera[1]: /dev/cam_wrist_left\nJun 08 15:06:27 ubuntu bash[1264]: [teleop_server_node-1] [WARN] [1780902387.899311360] [teleop_server]: Camera[1] initialization failed, retrying in 30s\nJun 08 15:06:49 ubuntu bash[1264]: [teleop_server_node-1] [INFO] [1780902409.430762144] [teleop_server]: Retrying initialization for camera[0]...\nJun 08 15:06:49 ubuntu bash[1264]: [teleop_server_node-1] [INFO] [1780902409.430928800] [teleop_server]: Open camera[0]: type: REALSENSE, device: <auto>, width: 640, height: 480, frame rate: 30, flip: false\nJun 08 15:06:49 ubuntu bash[1264]: [teleop_server_node-1] [INFO] [1780902409.432214144] [teleop_server]: Camera[0] publishes JPEG images through ZeroMQ PUB socket: tcp://*:5555\nJun 08 15:06:49 ubuntu bash[1264]: [teleop_server_node-1] [INFO] [1780902409.559853152] [teleop_server]: Camera[0] selected RealSense device: serial: 419522070970, name: Intel RealSense D435I\nJun 08 15:06:49 ubuntu bash[1264]: [teleop_server_node-1] [ERROR] [1780902409.776015424] [teleop_server]: Failed to start RealSense camera[0] serial '419522070970': xioctl(VIDIOC_S_FMT) failed Last Error: Device or resource busy (rs2_pipeline_start_with_config)\nJun 08 15:06:49 ubuntu bash[1264]: [teleop_server_node-1] [WARN] [1780902409.776289792] [teleop_server]: Failed to stop RealSense camera[0]: stop() cannot be called before start()\nJun 08 15:06:49 ubuntu bash[1264]: [teleop_server_node-1] [WARN] [1780902409.792464608] [teleop_server]: Camera[0] initialization failed, retrying in 30s\nJun 08 15:06:57 ubuntu bash[1264]: [teleop_server_node-1] [INFO] [1780902417.924730848] [teleop_server]: Retrying initialization for camera[1]...\nJun 08 15:06:57 ubuntu bash[1264]: [teleop_server_node-1] [INFO] [1780902417.924975840] [teleop_server]: Open camera[1]: type: V4L2, device: /dev/cam_wrist_left, width: 640, height: 480, frame rate: 30, flip: false\nJun 08 15:06:57 ubuntu bash[1264]: [teleop_server_node-1] [WARN] [1780902417.925137728] [teleop_server]: Failed to open V4L2 device for camera[1] /dev/cam_wrist_left: No such file or directory\nJun 08 15:06:57 ubuntu bash[1264]: [teleop_server_node-1] [ERROR] [1780902417.925202912] [teleop_server]: Failed to initialize V4L2 direct MJPEG capture for camera[1]: /dev/cam_wrist_left\nJun 08 15:06:57 ubuntu bash[1264]: [teleop_server_node-1] [WARN] [1780902417.925253888] [teleop_server]: Camera[1] initialization failed, retrying in 30s\nJun 08 15:07:19 ubuntu bash[1264]: [teleop_server_node-1] [INFO] [1780902439.819271296] [teleop_server]: Retrying initialization for camera[0]...\nJun 08 15:07:19 ubuntu bash[1264]: [teleop_server_node-1] [INFO] [1780902439.819484000] [teleop_server]: Open camera[0]: type: REALSENSE, device: <auto>, width: 640, height: 480, frame rate: 30, flip: false\nJun 08 15:07:19 ubuntu bash[1264]: [teleop_server_node-1] [INFO] [1780902439.821904224] [teleop_server]: Camera[0] publishes JPEG images through ZeroMQ PUB socket: tcp://*:5555\nJun 08 15:07:19 ubuntu bash[1264]: [teleop_server_node-1] [INFO] [1780902439.942964512] [teleop_server]: Camera[0] selected RealSense device: serial: 419522070970, name: Intel RealSense D435I\nJun 08 15:07:20 ubuntu bash[1264]: [teleop_server_node-1] [ERROR] [1780902440.164693664] [teleop_server]: Failed to start RealSense camera[0] serial '419522070970': xioctl(VIDIOC_S_FMT) failed Last Error: Device or resource busy (rs2_pipeline_start_with_config)\nJun 08 15:07:20 ubuntu bash[1264]: [teleop_server_node-1] [WARN] [1780902440.165091200] [teleop_server]: Failed to stop RealSense camera[0]: stop() cannot be called before start()\nJun 08 15:07:20 ubuntu bash[1264]: [teleop_server_node-1] [WARN] [1780902440.174051776] [teleop_server]: Camera[0] initialization failed, retrying in 30s\nJun 08 15:07:27 ubuntu bash[1264]: [teleop_server_node-1] [INFO] [1780902447.949551584] [teleop_server]: Retrying initialization for camera[1]...\nJun 08 15:07:27 ubuntu bash[1264]: [teleop_server_node-1] [INFO] [1780902447.949762368] [teleop_server]: Open camera[1]: type: V4L2, device: /dev/cam_wrist_left, width: 640, height: 480, frame rate: 30, flip: false\nJun 08 15:07:27 ubuntu bash[1264]: [teleop_server_node-1] [WARN] [1780902447.949915712] [teleop_server]: Failed to open V4L2 device for camera[1] /dev/cam_wrist_left: No such file or directory\nJun 08 15:07:27 ubuntu bash[1264]: [teleop_server_node-1] [ERROR] [1780902447.949979744] [teleop_server]: Failed to initialize V4L2 direct MJPEG capture for camera[1]: /dev/cam_wrist_left\nJun 08 15:07:27 ubuntu bash[1264]: [teleop_server_node-1] [WARN] [1780902447.950029984] [teleop_server]: Camera[1] initialization failed, retrying in 30s\nJun 08 15:07:50 ubuntu bash[1264]: [teleop_server_node-1] [INFO] [1780902470.198483136] [teleop_server]: Retrying initialization for camera[0]...\nJun 08 15:07:50 ubuntu bash[1264]: [teleop_server_node-1] [INFO] [1780902470.198684928] [teleop_server]: Open camera[0]: type: REALSENSE, device: <auto>, width: 640, height: 480, frame rate: 30, flip: false\nJun 08 15:07:50 ubuntu bash[1264]: [teleop_server_node-1] [INFO] [1780902470.199810656] [teleop_server]: Camera[0] publishes JPEG images through ZeroMQ PUB socket: tcp://*:5555\nJun 08 15:07:50 ubuntu bash[1264]: [teleop_server_node-1] [INFO] [1780902470.328414784] [teleop_server]: Camera[0] selected RealSense device: serial: 419522070970, name: Intel RealSense D435I\nJun 08 15:07:50 ubuntu bash[1264]: [teleop_server_node-1] [ERROR] [1780902470.562620576] [teleop_server]: Failed to start RealSense camera[0] serial '419522070970': xioctl(VIDIOC_S_FMT) failed Last Error: Device or resource busy (rs2_pipeline_start_with_config)\nJun 08 15:07:50 ubuntu bash[1264]: [teleop_server_node-1] [WARN] [1780902470.562934880] [teleop_server]: Failed to stop RealSense camera[0]: stop() cannot be called before start()\nJun 08 15:07:50 ubuntu bash[1264]: [teleop_server_node-1] [WARN] [1780902470.567416832] [teleop_server]: Camera[0] initialization failed, retrying in 30s\nJun 08 15:07:57 ubuntu bash[1264]: [teleop_server_node-1] [INFO] [1780902477.974634624] [teleop_server]: Retrying initialization for camera[1]...\nJun 08 15:07:57 ubuntu bash[1264]: [teleop_server_node-1] [INFO] [1780902477.974821120] [teleop_server]: Open camera[1]: type: V4L2, device: /dev/cam_wrist_left, width: 640, height: 480, frame rate: 30, flip: false\nJun 08 15:07:57 ubuntu bash[1264]: [teleop_server_node-1] [WARN] [1780902477.974963968] [teleop_server]: Failed to open V4L2 device for camera[1] /dev/cam_wrist_left: No such file or directory\nJun 08 15:07:57 ubuntu bash[1264]: [teleop_server_node-1] [ERROR] [1780902477.975014560] [teleop_server]: Failed to initialize V4L2 direct MJPEG capture for camera[1]: /dev/cam_wrist_left\nJun 08 15:07:57 ubuntu bash[1264]: [teleop_server_node-1] [WARN] [1780902477.975052256] [teleop_server]: Camera[1] initialization failed, retrying in 30s\nJun 08 15:08:20 ubuntu bash[1264]: [teleop_server_node-1] [INFO] [1780902500.591922144] [teleop_server]: Retrying initialization for camera[0]...\nJun 08 15:08:20 ubuntu bash[1264]: [teleop_server_node-1] [INFO] [1780902500.592102976] [teleop_server]: Open camera[0]: type: REALSENSE, device: <auto>, width: 640, height: 480, frame rate: 30, flip: false\nJun 08 15:08:20 ubuntu bash[1264]: [teleop_server_node-1] [INFO] [1780902500.593137920] [teleop_server]: Camera[0] publishes JPEG images through ZeroMQ PUB socket: tcp://*:5555\nJun 08 15:08:20 ubuntu bash[1264]: [teleop_server_node-1] [INFO] [1780902500.722275616] [teleop_server]: Camera[0] selected RealSense device: serial: 419522070970, name: Intel RealSense D435I\nJun 08 15:08:20 ubuntu bash[1264]: [teleop_server_node-1] [ERROR] [1780902500.949617184] [teleop_server]: Failed to start RealSense camera[0] serial '419522070970': xioctl(VIDIOC_S_FMT) failed Last Error: Device or resource busy (rs2_pipeline_start_with_config)\nJun 08 15:08:20 ubuntu bash[1264]: [teleop_server_node-1] [WARN] [1780902500.949918688] [teleop_server]: Failed to stop RealSense camera[0]: stop() cannot be called before start()\nJun 08 15:08:20 ubuntu bash[1264]: [teleop_server_node-1] [WARN] [1780902500.960231328] [teleop_server]: Camera[0] initialization failed, retrying in 30s\nJun 08 15:08:28 ubuntu bash[1264]: [teleop_server_node-1] [INFO] [1780902508.003256576] [teleop_server]: Retrying initialization for camera[1]...\nJun 08 15:08:28 ubuntu bash[1264]: [teleop_server_node-1] [INFO] [1780902508.003455552] [teleop_server]: Open camera[1]: type: V4L2, device: /dev/cam_wrist_left, width: 640, height: 480, frame rate: 30, flip: false\nJun 08 15:08:28 ubuntu bash[1264]: [teleop_server_node-1] [WARN] [1780902508.003613056] [teleop_server]: Failed to open V4L2 device for camera[1] /dev/cam_wrist_left: No such file or directory\nJun 08 15:08:28 ubuntu bash[1264]: [teleop_server_node-1] [ERROR] [1780902508.003668992] [teleop_server]: Failed to initialize V4L2 direct MJPEG capture for camera[1]: /dev/cam_wrist_left\nJun 08 15:08:28 ubuntu bash[1264]: [teleop_server_node-1] [WARN] [1780902508.003712096] [teleop_server]: Camera[1] initialization failed, retrying in 30s\nJun 08 15:08:50 ubuntu bash[1264]: [teleop_server_node-1] [INFO] [1780902530.982591424] [teleop_server]: Retrying initialization for camera[0]...\nJun 08 15:08:50 ubuntu bash[1264]: [teleop_server_node-1] [INFO] [1780902530.982725504] [teleop_server]: Open camera[0]: type: REALSENSE, device: <auto>, width: 640, height: 480, frame rate: 30, flip: false\nJun 08 15:08:50 ubuntu bash[1264]: [teleop_server_node-1] [INFO] [1780902530.983486848] [teleop_server]: Camera[0] publishes JPEG images through ZeroMQ PUB socket: tcp://*:5555\nJun 08 15:08:51 ubuntu bash[1264]: [teleop_server_node-1] [INFO] [1780902531.103628160] [teleop_server]: Camera[0] selected RealSense device: serial: 419522070970, name: Intel RealSense D435I\nJun 08 15:08:51 ubuntu bash[1264]: [teleop_server_node-1] [ERROR] [1780902531.317412224] [teleop_server]: Failed to start RealSense camera[0] serial '419522070970': xioctl(VIDIOC_S_FMT) failed Last Error: Device or resource busy (rs2_pipeline_start_with_config)\nJun 08 15:08:51 ubuntu bash[1264]: [teleop_server_node-1] [WARN] [1780902531.317761728] [teleop_server]: Failed to stop RealSense camera[0]: stop() cannot be called before start()\nJun 08 15:08:51 ubuntu bash[1264]: [teleop_server_node-1] [WARN] [1780902531.331250080] [teleop_server]: Camera[0] initialization failed, retrying in 30s\nJun 08 15:08:58 ubuntu bash[1264]: [teleop_server_node-1] [INFO] [1780902538.023178272] [teleop_server]: Retrying initialization for camera[1]...\nJun 08 15:08:58 ubuntu bash[1264]: [teleop_server_node-1] [INFO] [1780902538.023453216] [teleop_server]: Open camera[1]: type: V4L2, device: /dev/cam_wrist_left, width: 640, height: 480, frame rate: 30, flip: false\nJun 08 15:08:58 ubuntu bash[1264]: [teleop_server_node-1] [WARN] [1780902538.023602560] [teleop_server]: Failed to open V4L2 device for camera[1] /dev/cam_wrist_left: No such file or directory\nJun 08 15:08:58 ubuntu bash[1264]: [teleop_server_node-1] [ERROR] [1780902538.023650176] [teleop_server]: Failed to initialize V4L2 direct MJPEG capture for camera[1]: /dev/cam_wrist_left\nJun 08 15:08:58 ubuntu bash[1264]: [teleop_server_node-1] [WARN] [1780902538.023687168] [teleop_server]: Camera[1] initialization failed, retrying in 30s\nJun 08 15:09:21 ubuntu bash[1264]: [teleop_server_node-1] [INFO] [1780902561.354335136] [teleop_server]: Retrying initialization for camera[0]...\nJun 08 15:09:21 ubuntu bash[1264]: [teleop_server_node-1] [INFO] [1780902561.354544864] [teleop_server]: Open camera[0]: type: REALSENSE, device: <auto>, width: 640, height: 480, frame rate: 30, flip: false\nJun 08 15:09:21 ubuntu bash[1264]: [teleop_server_node-1] [INFO] [1780902561.355598912] [teleop_server]: Camera[0] publishes JPEG images through ZeroMQ PUB socket: tcp://*:5555\nJun 08 15:09:21 ubuntu bash[1264]: [teleop_server_node-1] [INFO] [1780902561.487353088] [teleop_server]: Camera[0] selected RealSense device: serial: 419522070970, name: Intel RealSense D435I\nJun 08 15:09:21 ubuntu bash[1264]: [teleop_server_node-1] [ERROR] [1780902561.703249664] [teleop_server]: Failed to start RealSense camera[0] serial '419522070970': xioctl(VIDIOC_S_FMT) failed Last Error: Device or resource busy (rs2_pipeline_start_with_config)\nJun 08 15:09:21 ubuntu bash[1264]: [teleop_server_node-1] [WARN] [1780902561.703572128] [teleop_server]: Failed to stop RealSense camera[0]: stop() cannot be called before start()\nJun 08 15:09:21 ubuntu bash[1264]: [teleop_server_node-1] [WARN] [1780902561.716006464] [teleop_server]: Camera[0] initialization failed, retrying in 30s\nJun 08 15:09:28 ubuntu bash[1264]: [teleop_server_node-1] [INFO] [1780902568.047811936] [teleop_server]: Retrying initialization for camera[1]...\nJun 08 15:09:28 ubuntu bash[1264]: [teleop_server_node-1] [INFO] [1780902568.048005216] [teleop_server]: Open camera[1]: type: V4L2, device: /dev/cam_wrist_left, width: 640, height: 480, frame rate: 30, flip: false\nJun 08 15:09:28 ubuntu bash[1264]: [teleop_server_node-1] [WARN] [1780902568.048135968] [teleop_server]: Failed to open V4L2 device for camera[1] /dev/cam_wrist_left: No such file or directory\nJun 08 15:09:28 ubuntu bash[1264]: [teleop_server_node-1] [ERROR] [1780902568.048197088] [teleop_server]: Failed to initialize V4L2 direct MJPEG capture for camera[1]: /dev/cam_wrist_left\nJun 08 15:09:28 ubuntu bash[1264]: [teleop_server_node-1] [WARN] [1780902568.048266848] [teleop_server]: Camera[1] initialization failed, retrying in 30s\nJun 08 15:09:51 ubuntu bash[1264]: [teleop_server_node-1] [INFO] [1780902591.740581088] [teleop_server]: Retrying initialization for camera[0]...\nJun 08 15:09:51 ubuntu bash[1264]: [teleop_server_node-1] [INFO] [1780902591.740785376] [teleop_server]: Open camera[0]: type: REALSENSE, device: <auto>, width: 640, height: 480, frame rate: 30, flip: false\nJun 08 15:09:51 ubuntu bash[1264]: [teleop_server_node-1] [INFO] [1780902591.742008352] [teleop_server]: Camera[0] publishes JPEG images through ZeroMQ PUB socket: tcp://*:5555\nJun 08 15:09:51 ubuntu bash[1264]: [teleop_server_node-1] [INFO] [1780902591.876813216] [teleop_server]: Camera[0] selected RealSense device: serial: 419522070970, name: Intel RealSense D435I\nJun 08 15:09:52 ubuntu bash[1264]: [teleop_server_node-1] [ERROR] [1780902592.112584800] [teleop_server]: Failed to start RealSense camera[0] serial '419522070970': xioctl(VIDIOC_S_FMT) failed Last Error: Device or resource busy (rs2_pipeline_start_with_config)\nJun 08 15:09:52 ubuntu bash[1264]: [teleop_server_node-1] [WARN] [1780902592.112864000] [teleop_server]: Failed to stop RealSense camera[0]: stop() cannot be called before start()\nJun 08 15:09:52 ubuntu bash[1264]: [teleop_server_node-1] [WARN] [1780902592.122604544] [teleop_server]: Camera[0] initialization failed, retrying in 30s\nJun 08 15:09:58 ubuntu bash[1264]: [teleop_server_node-1] [INFO] [1780902598.073231776] [teleop_server]: Retrying initialization for camera[1]...\nJun 08 15:09:58 ubuntu bash[1264]: [teleop_server_node-1] [INFO] [1780902598.073415136] [teleop_server]: Open camera[1]: type: V4L2, device: /dev/cam_wrist_left, width: 640, height: 480, frame rate: 30, flip: false\nJun 08 15:09:58 ubuntu bash[1264]: [teleop_server_node-1] [WARN] [1780902598.073591424] [teleop_server]: Failed to open V4L2 device for camera[1] /dev/cam_wrist_left: No such file or directory\nJun 08 15:09:58 ubuntu bash[1264]: [teleop_server_node-1] [ERROR] [1780902598.073793472] [teleop_server]: Failed to initialize V4L2 direct MJPEG capture for camera[1]: /dev/cam_wrist_left\nJun 08 15:09:58 ubuntu bash[1264]: [teleop_server_node-1] [WARN] [1780902598.073852608] [teleop_server]: Camera[1] initialization failed, retrying in 30s", 'stderr': '', 'reason': 'cos_teleop 服务正在运行，但日志中存在相机初始化或读取异常。', 'suggestion': '请尝试重启 cos_teleop.service；如果仍异常，请检查相机 Type-C 连接、udev 映射和相机设备状态。'})[0m
[0;32mok: [g1_robot_065] => (item={'name': 'dex1 motor binding', 'status': 'WARN', 'detail': 'Jun 08 13:56:09 ubuntu dex1_1_gripper_server[4120]: [2026-06-08 13:56:09.866] [info] Available Serial Ports:\nJun 08 13:56:09 ubuntu dex1_1_gripper_server[4120]: [2026-06-08 13:56:09.866] [warning] No ttyUSB serial ports found.\nJun 08 13:56:15 ubuntu dex1_1_gripper_server[4142]: [2026-06-08 13:56:15.116] [info] Available Serial Ports:\nJun 08 13:56:15 ubuntu dex1_1_gripper_server[4142]: [2026-06-08 13:56:15.116] [warning] No ttyUSB serial ports found.\nJun 08 13:56:20 ubuntu dex1_1_gripper_server[4164]: [2026-06-08 13:56:20.166] [info] Available Serial Ports:\nJun 08 13:56:20 ubuntu dex1_1_gripper_server[4164]: [2026-06-08 13:56:20.166] [warning] No ttyUSB serial ports found.\nJun 08 13:56:25 ubuntu dex1_1_gripper_server[4178]: [2026-06-08 13:56:25.370] [info] Available Serial Ports:\nJun 08 13:56:25 ubuntu dex1_1_gripper_server[4178]: [2026-06-08 13:56:25.370] [warning] No ttyUSB serial ports found.\nJun 08 13:56:30 ubuntu dex1_1_gripper_server[4200]: [2026-06-08 13:56:30.617] [info] Available Serial Ports:\nJun 08 13:56:30 ubuntu dex1_1_gripper_server[4200]: [2026-06-08 13:56:30.617] [warning] No ttyUSB serial ports found.\nJun 08 13:56:35 ubuntu dex1_1_gripper_server[4227]: [2026-06-08 13:56:35.866] [info] Available Serial Ports:\nJun 08 13:56:35 ubuntu dex1_1_gripper_server[4227]: [2026-06-08 13:56:35.866] [warning] No ttyUSB serial ports found.\nJun 08 13:56:41 ubuntu dex1_1_gripper_server[4250]: [2026-06-08 13:56:41.117] [info] Available Serial Ports:\nJun 08 13:56:41 ubuntu dex1_1_gripper_server[4250]: [2026-06-08 13:56:41.117] [warning] No ttyUSB serial ports found.\nJun 08 13:56:46 ubuntu dex1_1_gripper_server[4272]: [2026-06-08 13:56:46.366] [info] Available Serial Ports:\nJun 08 13:56:46 ubuntu dex1_1_gripper_server[4272]: [2026-06-08 13:56:46.366] [warning] No ttyUSB serial ports found.\nJun 08 13:56:51 ubuntu dex1_1_gripper_server[4295]: [2026-06-08 13:56:51.500] [info] Available Serial Ports:\nJun 08 13:56:51 ubuntu dex1_1_gripper_server[4295]: [2026-06-08 13:56:51.500] [warning] No ttyUSB serial ports found.\nJun 08 13:56:56 ubuntu dex1_1_gripper_server[4309]: [2026-06-08 13:56:56.620] [info] Available Serial Ports:\nJun 08 13:56:56 ubuntu dex1_1_gripper_server[4309]: [2026-06-08 13:56:56.620] [warning] No ttyUSB serial ports found.\nJun 08 13:57:01 ubuntu dex1_1_gripper_server[4331]: [2026-06-08 13:57:01.867] [info] Available Serial Ports:\nJun 08 13:57:01 ubuntu dex1_1_gripper_server[4331]: [2026-06-08 13:57:01.867] [warning] No ttyUSB serial ports found.\nJun 08 13:57:07 ubuntu dex1_1_gripper_server[4358]: [2026-06-08 13:57:07.116] [info] Available Serial Ports:\nJun 08 13:57:07 ubuntu dex1_1_gripper_server[4358]: [2026-06-08 13:57:07.116] [warning] No ttyUSB serial ports found.\nJun 08 13:57:12 ubuntu dex1_1_gripper_server[4381]: [2026-06-08 13:57:12.368] [info] Available Serial Ports:\nJun 08 13:57:12 ubuntu dex1_1_gripper_server[4381]: [2026-06-08 13:57:12.368] [warning] No ttyUSB serial ports found.\nJun 08 13:57:17 ubuntu dex1_1_gripper_server[4517]: [2026-06-08 13:57:17.615] [info] Available Serial Ports:\nJun 08 13:57:17 ubuntu dex1_1_gripper_server[4517]: [2026-06-08 13:57:17.615] [warning] No ttyUSB serial ports found.\nJun 08 13:57:22 ubuntu dex1_1_gripper_server[4578]: [2026-06-08 13:57:22.690] [info] Available Serial Ports:\nJun 08 13:57:22 ubuntu dex1_1_gripper_server[4578]: [2026-06-08 13:57:22.690] [warning] No ttyUSB serial ports found.\nJun 08 13:57:27 ubuntu dex1_1_gripper_server[4698]: [2026-06-08 13:57:27.869] [info] Available Serial Ports:\nJun 08 13:57:27 ubuntu dex1_1_gripper_server[4698]: [2026-06-08 13:57:27.869] [warning] No ttyUSB serial ports found.\nJun 08 13:57:33 ubuntu dex1_1_gripper_server[4806]: [2026-06-08 13:57:33.118] [info] Available Serial Ports:\nJun 08 13:57:33 ubuntu dex1_1_gripper_server[4806]: [2026-06-08 13:57:33.118] [warning] No ttyUSB serial ports found.\nJun 08 13:57:38 ubuntu dex1_1_gripper_server[4835]: [2026-06-08 13:57:38.276] [info] Available Serial Ports:\nJun 08 13:57:38 ubuntu dex1_1_gripper_server[4835]: [2026-06-08 13:57:38.276] [warning] No ttyUSB serial ports found.\nJun 08 13:57:43 ubuntu dex1_1_gripper_server[4861]: [2026-06-08 13:57:43.368] [info] Available Serial Ports:\nJun 08 13:57:43 ubuntu dex1_1_gripper_server[4861]: [2026-06-08 13:57:43.368] [warning] No ttyUSB serial ports found.\nJun 08 13:57:48 ubuntu dex1_1_gripper_server[4883]: [2026-06-08 13:57:48.617] [info] Available Serial Ports:\nJun 08 13:57:48 ubuntu dex1_1_gripper_server[4883]: [2026-06-08 13:57:48.617] [warning] No ttyUSB serial ports found.\nJun 08 13:57:53 ubuntu dex1_1_gripper_server[4905]: [2026-06-08 13:57:53.866] [info] Available Serial Ports:\nJun 08 13:57:53 ubuntu dex1_1_gripper_server[4905]: [2026-06-08 13:57:53.866] [warning] No ttyUSB serial ports found.\nJun 08 13:57:59 ubuntu dex1_1_gripper_server[5130]: [2026-06-08 13:57:59.120] [info] Available Serial Ports:\nJun 08 13:57:59 ubuntu dex1_1_gripper_server[5130]: [2026-06-08 13:57:59.120] [warning] No ttyUSB serial ports found.\nJun 08 13:58:04 ubuntu dex1_1_gripper_server[5318]: [2026-06-08 13:58:04.367] [info] Available Serial Ports: /dev/ttyUSB3, /dev/ttyUSB2, /dev/ttyUSB1, /dev/ttyUSB0\nJun 08 13:58:04 ubuntu dex1_1_gripper_server[5318]: [2026-06-08 13:58:04.806] [info] Detected motors:\nJun 08 13:58:04 ubuntu dex1_1_gripper_server[5318]: [2026-06-08 13:58:04.806] [info]   - Motor ID: 0          Side: right          Port: /dev/ttyUSB1          cmdTopic: rt/dex1/right/cmd          stateTopic: rt/dex1/right/state\nJun 08 13:58:04 ubuntu dex1_1_gripper_server[5318]: [2026-06-08 13:58:04.806] [info]   - Motor ID: 1          Side: left          Port: /dev/ttyUSB2          cmdTopic: rt/dex1/left/cmd          stateTopic: rt/dex1/left/state\nJun 08 15:10:10 ubuntu dex1_1_gripper_server[21774]: [2026-06-08 15:10:10.589] [info] Available Serial Ports: /dev/ttyUSB3, /dev/ttyUSB2, /dev/ttyUSB1, /dev/ttyUSB0\nJun 08 15:10:10 ubuntu dex1_1_gripper_server[21774]: [2026-06-08 15:10:10.745] [info] Detected motors:\nJun 08 15:10:10 ubuntu dex1_1_gripper_server[21774]: [2026-06-08 15:10:10.745] [info]   - Motor ID: 0          Side: right          Port: /dev/ttyUSB1          cmdTopic: rt/dex1/right/cmd          stateTopic: rt/dex1/right/state\nJun 08 15:10:10 ubuntu dex1_1_gripper_server[21774]: [2026-06-08 15:10:10.745] [info]   - Motor ID: 1          Side: left          Port: /dev/ttyUSB2          cmdTopic: rt/dex1/left/cmd          stateTopic: rt/dex1/left/state', 'stdout': 'Jun 08 13:56:09 ubuntu dex1_1_gripper_server[4120]: [2026-06-08 13:56:09.866] [info] Available Serial Ports:\nJun 08 13:56:09 ubuntu dex1_1_gripper_server[4120]: [2026-06-08 13:56:09.866] [warning] No ttyUSB serial ports found.\nJun 08 13:56:15 ubuntu dex1_1_gripper_server[4142]: [2026-06-08 13:56:15.116] [info] Available Serial Ports:\nJun 08 13:56:15 ubuntu dex1_1_gripper_server[4142]: [2026-06-08 13:56:15.116] [warning] No ttyUSB serial ports found.\nJun 08 13:56:20 ubuntu dex1_1_gripper_server[4164]: [2026-06-08 13:56:20.166] [info] Available Serial Ports:\nJun 08 13:56:20 ubuntu dex1_1_gripper_server[4164]: [2026-06-08 13:56:20.166] [warning] No ttyUSB serial ports found.\nJun 08 13:56:25 ubuntu dex1_1_gripper_server[4178]: [2026-06-08 13:56:25.370] [info] Available Serial Ports:\nJun 08 13:56:25 ubuntu dex1_1_gripper_server[4178]: [2026-06-08 13:56:25.370] [warning] No ttyUSB serial ports found.\nJun 08 13:56:30 ubuntu dex1_1_gripper_server[4200]: [2026-06-08 13:56:30.617] [info] Available Serial Ports:\nJun 08 13:56:30 ubuntu dex1_1_gripper_server[4200]: [2026-06-08 13:56:30.617] [warning] No ttyUSB serial ports found.\nJun 08 13:56:35 ubuntu dex1_1_gripper_server[4227]: [2026-06-08 13:56:35.866] [info] Available Serial Ports:\nJun 08 13:56:35 ubuntu dex1_1_gripper_server[4227]: [2026-06-08 13:56:35.866] [warning] No ttyUSB serial ports found.\nJun 08 13:56:41 ubuntu dex1_1_gripper_server[4250]: [2026-06-08 13:56:41.117] [info] Available Serial Ports:\nJun 08 13:56:41 ubuntu dex1_1_gripper_server[4250]: [2026-06-08 13:56:41.117] [warning] No ttyUSB serial ports found.\nJun 08 13:56:46 ubuntu dex1_1_gripper_server[4272]: [2026-06-08 13:56:46.366] [info] Available Serial Ports:\nJun 08 13:56:46 ubuntu dex1_1_gripper_server[4272]: [2026-06-08 13:56:46.366] [warning] No ttyUSB serial ports found.\nJun 08 13:56:51 ubuntu dex1_1_gripper_server[4295]: [2026-06-08 13:56:51.500] [info] Available Serial Ports:\nJun 08 13:56:51 ubuntu dex1_1_gripper_server[4295]: [2026-06-08 13:56:51.500] [warning] No ttyUSB serial ports found.\nJun 08 13:56:56 ubuntu dex1_1_gripper_server[4309]: [2026-06-08 13:56:56.620] [info] Available Serial Ports:\nJun 08 13:56:56 ubuntu dex1_1_gripper_server[4309]: [2026-06-08 13:56:56.620] [warning] No ttyUSB serial ports found.\nJun 08 13:57:01 ubuntu dex1_1_gripper_server[4331]: [2026-06-08 13:57:01.867] [info] Available Serial Ports:\nJun 08 13:57:01 ubuntu dex1_1_gripper_server[4331]: [2026-06-08 13:57:01.867] [warning] No ttyUSB serial ports found.\nJun 08 13:57:07 ubuntu dex1_1_gripper_server[4358]: [2026-06-08 13:57:07.116] [info] Available Serial Ports:\nJun 08 13:57:07 ubuntu dex1_1_gripper_server[4358]: [2026-06-08 13:57:07.116] [warning] No ttyUSB serial ports found.\nJun 08 13:57:12 ubuntu dex1_1_gripper_server[4381]: [2026-06-08 13:57:12.368] [info] Available Serial Ports:\nJun 08 13:57:12 ubuntu dex1_1_gripper_server[4381]: [2026-06-08 13:57:12.368] [warning] No ttyUSB serial ports found.\nJun 08 13:57:17 ubuntu dex1_1_gripper_server[4517]: [2026-06-08 13:57:17.615] [info] Available Serial Ports:\nJun 08 13:57:17 ubuntu dex1_1_gripper_server[4517]: [2026-06-08 13:57:17.615] [warning] No ttyUSB serial ports found.\nJun 08 13:57:22 ubuntu dex1_1_gripper_server[4578]: [2026-06-08 13:57:22.690] [info] Available Serial Ports:\nJun 08 13:57:22 ubuntu dex1_1_gripper_server[4578]: [2026-06-08 13:57:22.690] [warning] No ttyUSB serial ports found.\nJun 08 13:57:27 ubuntu dex1_1_gripper_server[4698]: [2026-06-08 13:57:27.869] [info] Available Serial Ports:\nJun 08 13:57:27 ubuntu dex1_1_gripper_server[4698]: [2026-06-08 13:57:27.869] [warning] No ttyUSB serial ports found.\nJun 08 13:57:33 ubuntu dex1_1_gripper_server[4806]: [2026-06-08 13:57:33.118] [info] Available Serial Ports:\nJun 08 13:57:33 ubuntu dex1_1_gripper_server[4806]: [2026-06-08 13:57:33.118] [warning] No ttyUSB serial ports found.\nJun 08 13:57:38 ubuntu dex1_1_gripper_server[4835]: [2026-06-08 13:57:38.276] [info] Available Serial Ports:\nJun 08 13:57:38 ubuntu dex1_1_gripper_server[4835]: [2026-06-08 13:57:38.276] [warning] No ttyUSB serial ports found.\nJun 08 13:57:43 ubuntu dex1_1_gripper_server[4861]: [2026-06-08 13:57:43.368] [info] Available Serial Ports:\nJun 08 13:57:43 ubuntu dex1_1_gripper_server[4861]: [2026-06-08 13:57:43.368] [warning] No ttyUSB serial ports found.\nJun 08 13:57:48 ubuntu dex1_1_gripper_server[4883]: [2026-06-08 13:57:48.617] [info] Available Serial Ports:\nJun 08 13:57:48 ubuntu dex1_1_gripper_server[4883]: [2026-06-08 13:57:48.617] [warning] No ttyUSB serial ports found.\nJun 08 13:57:53 ubuntu dex1_1_gripper_server[4905]: [2026-06-08 13:57:53.866] [info] Available Serial Ports:\nJun 08 13:57:53 ubuntu dex1_1_gripper_server[4905]: [2026-06-08 13:57:53.866] [warning] No ttyUSB serial ports found.\nJun 08 13:57:59 ubuntu dex1_1_gripper_server[5130]: [2026-06-08 13:57:59.120] [info] Available Serial Ports:\nJun 08 13:57:59 ubuntu dex1_1_gripper_server[5130]: [2026-06-08 13:57:59.120] [warning] No ttyUSB serial ports found.\nJun 08 13:58:04 ubuntu dex1_1_gripper_server[5318]: [2026-06-08 13:58:04.367] [info] Available Serial Ports: /dev/ttyUSB3, /dev/ttyUSB2, /dev/ttyUSB1, /dev/ttyUSB0\nJun 08 13:58:04 ubuntu dex1_1_gripper_server[5318]: [2026-06-08 13:58:04.806] [info] Detected motors:\nJun 08 13:58:04 ubuntu dex1_1_gripper_server[5318]: [2026-06-08 13:58:04.806] [info]   - Motor ID: 0          Side: right          Port: /dev/ttyUSB1          cmdTopic: rt/dex1/right/cmd          stateTopic: rt/dex1/right/state\nJun 08 13:58:04 ubuntu dex1_1_gripper_server[5318]: [2026-06-08 13:58:04.806] [info]   - Motor ID: 1          Side: left          Port: /dev/ttyUSB2          cmdTopic: rt/dex1/left/cmd          stateTopic: rt/dex1/left/state\nJun 08 15:10:10 ubuntu dex1_1_gripper_server[21774]: [2026-06-08 15:10:10.589] [info] Available Serial Ports: /dev/ttyUSB3, /dev/ttyUSB2, /dev/ttyUSB1, /dev/ttyUSB0\nJun 08 15:10:10 ubuntu dex1_1_gripper_server[21774]: [2026-06-08 15:10:10.745] [info] Detected motors:\nJun 08 15:10:10 ubuntu dex1_1_gripper_server[21774]: [2026-06-08 15:10:10.745] [info]   - Motor ID: 0          Side: right          Port: /dev/ttyUSB1          cmdTopic: rt/dex1/right/cmd          stateTopic: rt/dex1/right/state\nJun 08 15:10:10 ubuntu dex1_1_gripper_server[21774]: [2026-06-08 15:10:10.745] [info]   - Motor ID: 1          Side: left          Port: /dev/ttyUSB2          cmdTopic: rt/dex1/left/cmd          stateTopic: rt/dex1/left/state', 'stderr': '', 'reason': 'dex1_gripper.service 运行中，但日志显示电机或串口绑定异常。', 'suggestion': '请检查 Dex1 有线连接或硬件状态，并尝试重新插拔后重启 dex1_gripper.service。'})[0m

TASK [Calculate report card status from final checks] **************************
[0;32mok: [g1_robot_065][0m

TASK [Build report card summary] ***********************************************
[0;32mok: [g1_robot_065][0m

TASK [Build host final report] *************************************************
[0;32mok: [g1_robot_065][0m

TASK [Print host check summary] ************************************************
[0;32mok: [g1_robot_065] => {[0m
[0;32m    "msg": [[0m
[0;32m        "==================================================",[0m
[0;32m        "G1 environment check: g1_robot_065 (192.168.90.65)",[0m
[0;32m        "mode=check, robot_id=65, end_effector=dex1",[0m
[0;32m        "overall_status=WARN",[0m
[0;32m        "OK=35, WARN=3, FAIL=0, SKIP=0",[0m
[0;32m        "failed_items=[]",[0m
[0;32m        "warn_items=['/dev/cam_wrist_left', 'cos_teleop camera log', 'dex1 motor binding']",[0m
[0;32m        "install_failed_items=[]",[0m
[0;32m        "=================================================="[0m
[0;32m    ][0m
[0;32m}[0m

TASK [Ensure local reports directory exists] ***********************************
[0;32mok: [g1_robot_065][0m

TASK [Write per-host JSON report] **********************************************
[0;33mchanged: [g1_robot_065][0m

TASK [Write aggregate JSON report] *********************************************
[0;33mchanged: [g1_robot_065][0m

TASK [Print local report paths] ************************************************
[0;32mok: [g1_robot_065] => {[0m
[0;32m    "msg": [[0m
[0;32m        "Per-host reports: /home/jeff/coscene/code/codex/基础环境检查/reports/<inventory_hostname>.json",[0m
[0;32m        "Aggregate report: /home/jeff/coscene/code/codex/基础环境检查/reports/g1_env_summary.json"[0m
[0;32m    ][0m
[0;32m}[0m

PLAY RECAP *********************************************************************
[0;33mg1_robot_065[0m               : [0;32mok=65  [0m [0;33mchanged=4   [0m unreachable=0    failed=0    [0;36mskipped=129 [0m rescued=0    ignored=0   


returncode=0
