$ ansible-playbook -k -K -T 15 -i '/home/jeff/coscene/code/codex/基础环境检查/inventory.ini' -e '{"ansible_ssh_common_args": "-o PreferredAuthentications=password -o PubkeyAuthentication=no -o StrictHostKeyChecking=no -o UserKnownHostsFile=/dev/null -o ConnectTimeout=5 -o ConnectionAttempts=1"}' '/home/jeff/coscene/code/codex/基础环境检查/check_base_env.yml' --limit g1_robot_069
cwd=/home/jeff/coscene/code/codex/基础环境检查

SSH password: 
[operator_console] detected SSH password prompt, password sent

BECOME password[defaults to SSH password]: 
[operator_console] detected BECOME password prompt, sudo password sent


PLAY [Check G1 base environment] ***********************************************

TASK [Gathering Facts] *********************************************************
[0;32mok: [g1_robot_069][0m

TASK [Normalize run mode] ******************************************************
[0;32mok: [g1_robot_069][0m

TASK [Validate run mode] *******************************************************
[0;32mok: [g1_robot_069] => {[0m
[0;32m    "changed": false,[0m
[0;32m    "msg": "All assertions passed"[0m
[0;32m}[0m

TASK [Initialize result buckets] ***********************************************
[0;32mok: [g1_robot_069][0m

TASK [Normalize end effector type] *********************************************
[0;32mok: [g1_robot_069][0m

TASK [Warn when end_effector is missing or invalid] ****************************
[0;36mskipping: [g1_robot_069][0m

TASK [Check remote_start service presence before run] **************************
[0;32mok: [g1_robot_069][0m

TASK [Stop remote_start service during run] ************************************
[0;33mchanged: [g1_robot_069][0m

TASK [Record remote_start preflight stop check result] *************************
[0;32mok: [g1_robot_069][0m

TASK [Record remote_start preflight stop install result] ***********************
[0;36mskipping: [g1_robot_069][0m

TASK [Get controller current time before installation] *************************
[0;36mskipping: [g1_robot_069][0m

TASK [Sync robot time from controller before installation] *********************
[0;36mskipping: [g1_robot_069][0m

TASK [Check common apt dependencies before installation] ***********************
[0;36mskipping: [g1_robot_069] => (item=build-essential) [0m
[0;36mskipping: [g1_robot_069] => (item=cmake) [0m
[0;36mskipping: [g1_robot_069] => (item=make) [0m
[0;36mskipping: [g1_robot_069] => (item=libeigen3-dev) [0m
[0;36mskipping: [g1_robot_069] => (item=libspdlog-dev) [0m
[0;36mskipping: [g1_robot_069] => (item=libfmt-dev) [0m
[0;36mskipping: [g1_robot_069] => (item=libboost-all-dev) [0m
[0;36mskipping: [g1_robot_069] => (item=libyaml-cpp-dev) [0m

TASK [Set missing common apt package facts] ************************************
[0;36mskipping: [g1_robot_069][0m

TASK [Install missing common apt dependencies] *********************************
[0;36mskipping: [g1_robot_069][0m

TASK [Record common apt installation result] ***********************************
[0;36mskipping: [g1_robot_069][0m

TASK [Detect conda before installation] ****************************************
[0;36mskipping: [g1_robot_069][0m

TASK [Set pre-install conda facts] *********************************************
[0;36mskipping: [g1_robot_069][0m

TASK [Check miniconda installers] **********************************************
[0;36mskipping: [g1_robot_069] => (item=/home/unitree/g1_setup/miniconda3/miniconda.sh) [0m
[0;36mskipping: [g1_robot_069] => (item=/home/unitree/g1_setup/miniconda.sh) [0m

TASK [Pick miniconda installer] ************************************************
[0;36mskipping: [g1_robot_069][0m

TASK [Install miniconda when conda is missing] *********************************
[0;36mskipping: [g1_robot_069][0m

TASK [Record miniconda installation result] ************************************
[0;36mskipping: [g1_robot_069][0m

TASK [Re-detect conda after installation] **************************************
[0;36mskipping: [g1_robot_069][0m

TASK [Set final install conda facts] *******************************************
[0;36mskipping: [g1_robot_069][0m

TASK [Check tv environment before installation] ********************************
[0;36mskipping: [g1_robot_069][0m

TASK [Check existing tv python version before installation] ********************
[0;36mskipping: [g1_robot_069][0m

TASK [Set tv python version mismatch facts] ************************************
[0;36mskipping: [g1_robot_069][0m

TASK [Backup and recreate tv conda environment on version mismatch] ************
[0;36mskipping: [g1_robot_069][0m

TASK [Record tv environment recreate result] ***********************************
[0;36mskipping: [g1_robot_069][0m

TASK [Create tv conda environment] *********************************************
[0;36mskipping: [g1_robot_069][0m

TASK [Record tv environment installation result] *******************************
[0;36mskipping: [g1_robot_069][0m

TASK [Check tv environment after possible creation] ****************************
[0;36mskipping: [g1_robot_069][0m

TASK [Set pip install mode facts] **********************************************
[0;36mskipping: [g1_robot_069][0m

TASK [Record Python package install environment] *******************************
[0;36mskipping: [g1_robot_069][0m

TASK [Print Python package install environment] ********************************
[0;36mskipping: [g1_robot_069][0m

TASK [Install Python packages into tv] *****************************************
[0;36mskipping: [g1_robot_069][0m

TASK [Recheck Python package imports after installation] ***********************
[0;36mskipping: [g1_robot_069] => (item={'import_name': 'cv2', 'pip_name': 'opencv-python', 'display_name': 'Python cv2'}) [0m
[0;36mskipping: [g1_robot_069] => (item={'import_name': 'zmq', 'pip_name': 'pyzmq', 'display_name': 'Python zmq'}) [0m
[0;36mskipping: [g1_robot_069] => (item={'import_name': 'logging_mp', 'pip_name': 'logging_mp', 'display_name': 'Python logging_mp'}) [0m
[0;36mskipping: [g1_robot_069] => (item={'import_name': 'av', 'pip_name': 'av', 'display_name': 'Python av'}) [0m
[0;36mskipping: [g1_robot_069] => (item={'import_name': 'numpy', 'pip_name': 'numpy', 'display_name': 'Python numpy'}) [0m

TASK [Record Python package installation result] *******************************
[0;36mskipping: [g1_robot_069][0m

TASK [Check unitree_sdk2 installed outputs before build] ***********************
[0;36mskipping: [g1_robot_069] => (item=/usr/local/lib/libunitree_sdk2.a) [0m
[0;36mskipping: [g1_robot_069] => (item=/usr/local/lib/cmake/unitree_sdk2/unitree_sdk2Config.cmake) [0m
[0;36mskipping: [g1_robot_069] => (item=/usr/local/include/unitree/idl/go2/MotorCmds_.hpp) [0m

TASK [Check unitree_sdk2 source before build] **********************************
[0;36mskipping: [g1_robot_069][0m

TASK [Build and install unitree_sdk2] ******************************************
[0;36mskipping: [g1_robot_069][0m

TASK [Record unitree_sdk2 installation result] *********************************
[0;36mskipping: [g1_robot_069][0m

TASK [Check remote_start source directory] *************************************
[0;36mskipping: [g1_robot_069][0m

TASK [Check remote binary before build] ****************************************
[0;36mskipping: [g1_robot_069][0m

TASK [Build remote_start binary when missing] **********************************
[0;36mskipping: [g1_robot_069][0m

TASK [Check remote binary after possible build] ********************************
[0;36mskipping: [g1_robot_069][0m

TASK [Ensure remote binary executable when present] ****************************
[0;36mskipping: [g1_robot_069][0m

TASK [Check project remote_start service file] *********************************
[0;36mskipping: [g1_robot_069][0m

TASK [Copy project remote_start systemd unit] **********************************
[0;36mskipping: [g1_robot_069][0m

TASK [Install fallback remote_start systemd unit] ******************************
[0;36mskipping: [g1_robot_069][0m

TASK [Reload systemd after remote_start service installation] ******************
[0;36mskipping: [g1_robot_069][0m

TASK [Enable and restart remote_start service when requested] ******************
[0;36mskipping: [g1_robot_069][0m

TASK [Record remote_start installation result] *********************************
[0;36mskipping: [g1_robot_069][0m

TASK [Set dex1 install paths] **************************************************
[0;36mskipping: [g1_robot_069][0m

TASK [Check dex1 source directory before build] ********************************
[0;36mskipping: [g1_robot_069][0m

TASK [Check dex1 binaries before build] ****************************************
[0;36mskipping: [g1_robot_069][0m

TASK [Build dex1 service binaries when missing] ********************************
[0;36mskipping: [g1_robot_069][0m

TASK [Check dex1 binaries after possible build] ********************************
[0;36mskipping: [g1_robot_069][0m

TASK [Set dex1 binary availability] ********************************************
[0;36mskipping: [g1_robot_069][0m

TASK [Ensure dex1 binaries are executable] *************************************
[0;36mskipping: [g1_robot_069][0m

TASK [Check dex1 autostart script] *********************************************
[0;36mskipping: [g1_robot_069][0m

TASK [Run dex1 setup_autostart.sh] *********************************************
[0;36mskipping: [g1_robot_069][0m

TASK [Install fallback dex1_gripper systemd unit] ******************************
[0;36mskipping: [g1_robot_069][0m

TASK [Enable and restart fallback dex1_gripper service] ************************
[0;36mskipping: [g1_robot_069][0m

TASK [Record dex1 installation result] *****************************************
[0;36mskipping: [g1_robot_069][0m

TASK [Set brainco install paths] ***********************************************
[0;36mskipping: [g1_robot_069][0m

TASK [Check brainco source directory before build] *****************************
[0;36mskipping: [g1_robot_069][0m

TASK [Check preferred brainco lib directory] ***********************************
[0;36mskipping: [g1_robot_069][0m

TASK [Find brainco sdk library directory] **************************************
[0;36mskipping: [g1_robot_069][0m

TASK [Set brainco lib directory] ***********************************************
[0;36mskipping: [g1_robot_069][0m

TASK [Check brainco binaries before build] *************************************
[0;36mskipping: [g1_robot_069][0m

TASK [Build brainco service binaries when missing] *****************************
[0;36mskipping: [g1_robot_069][0m

TASK [Check brainco binaries after possible build] *****************************
[0;36mskipping: [g1_robot_069][0m

TASK [Set brainco binary availability] *****************************************
[0;36mskipping: [g1_robot_069][0m

TASK [Ensure brainco binaries are executable] **********************************
[0;36mskipping: [g1_robot_069][0m

TASK [Check brainco autostart script] ******************************************
[0;36mskipping: [g1_robot_069][0m

TASK [Run brainco setup_autostart.sh] ******************************************
[0;36mskipping: [g1_robot_069][0m

TASK [Install fallback brainco_hand systemd unit] ******************************
[0;36mskipping: [g1_robot_069][0m

TASK [Enable and restart fallback brainco_hand service] ************************
[0;36mskipping: [g1_robot_069][0m

TASK [Record brainco installation result] **************************************
[0;36mskipping: [g1_robot_069][0m

TASK [Stop conflicting brainco service for dex1] *******************************
[0;36mskipping: [g1_robot_069][0m

TASK [Disable conflicting brainco service for dex1] ****************************
[0;36mskipping: [g1_robot_069][0m

TASK [Record conflicting brainco service stop result] **************************
[0;36mskipping: [g1_robot_069][0m

TASK [Stop conflicting dex1 service for brainco] *******************************
[0;36mskipping: [g1_robot_069][0m

TASK [Disable conflicting dex1 service for brainco] ****************************
[0;36mskipping: [g1_robot_069][0m

TASK [Record conflicting dex1 service stop result] *****************************
[0;36mskipping: [g1_robot_069][0m

TASK [Stop dex1 service when no end effector is selected] **********************
[0;36mskipping: [g1_robot_069][0m

TASK [Stop brainco service when no end effector is selected] *******************
[0;36mskipping: [g1_robot_069][0m

TASK [Disable dex1 service when no end effector is selected] *******************
[0;36mskipping: [g1_robot_069][0m

TASK [Disable brainco service when no end effector is selected] ****************
[0;36mskipping: [g1_robot_069][0m

TASK [Record all end effector service stop result] *****************************
[0;36mskipping: [g1_robot_069][0m

TASK [Reset check results before final verification] ***************************
[0;36mskipping: [g1_robot_069][0m

TASK [Check project directory] *************************************************
[0;32mok: [g1_robot_069][0m

TASK [Record project directory status] *****************************************
[0;32mok: [g1_robot_069][0m

TASK [Check unitree_sdk2 source directory] *************************************
[0;32mok: [g1_robot_069][0m

TASK [Record unitree_sdk2 source status] ***************************************
[0;32mok: [g1_robot_069][0m

TASK [Detect conda executable] *************************************************
[0;32mok: [g1_robot_069][0m

TASK [Set conda paths] *********************************************************
[0;32mok: [g1_robot_069][0m

TASK [Record conda status] *****************************************************
[0;32mok: [g1_robot_069][0m

TASK [Set tv python path] ******************************************************
[0;32mok: [g1_robot_069][0m

TASK [Check conda tv environment] **********************************************
[0;32mok: [g1_robot_069][0m

TASK [Record conda tv environment status] **************************************
[0;32mok: [g1_robot_069][0m

TASK [Check tv python version] *************************************************
[0;32mok: [g1_robot_069][0m

TASK [Record tv python version status] *****************************************
[0;32mok: [g1_robot_069][0m

TASK [Record skipped tv python version status] *********************************
[0;36mskipping: [g1_robot_069][0m

TASK [Check Python package imports] ********************************************
[0;32mok: [g1_robot_069] => (item={'import_name': 'cv2', 'pip_name': 'opencv-python', 'display_name': 'Python cv2'})[0m
[0;32mok: [g1_robot_069] => (item={'import_name': 'zmq', 'pip_name': 'pyzmq', 'display_name': 'Python zmq'})[0m
[0;32mok: [g1_robot_069] => (item={'import_name': 'logging_mp', 'pip_name': 'logging_mp', 'display_name': 'Python logging_mp'})[0m
[0;32mok: [g1_robot_069] => (item={'import_name': 'av', 'pip_name': 'av', 'display_name': 'Python av'})[0m
[0;32mok: [g1_robot_069] => (item={'import_name': 'numpy', 'pip_name': 'numpy', 'display_name': 'Python numpy'})[0m

TASK [Record Python package import status] *************************************
[0;32mok: [g1_robot_069] => (item={'cmd': ['/home/unitree/miniconda3/envs/tv/bin/python', '-c', 'import cv2'], 'stdout': '', 'stderr': '', 'rc': 0, 'start': '2026-06-09 16:30:00.663367', 'end': '2026-06-09 16:30:00.921935', 'delta': '0:00:00.258568', 'changed': False, 'invocation': {'module_args': {'_raw_params': "/home/unitree/miniconda3/envs/tv/bin/python -c 'import cv2'", 'warn': True, '_uses_shell': False, 'stdin_add_newline': True, 'strip_empty_ends': True, 'argv': None, 'chdir': None, 'executable': None, 'creates': None, 'removes': None, 'stdin': None}}, 'stdout_lines': [], 'stderr_lines': [], 'failed': False, 'failed_when_result': False, 'item': {'import_name': 'cv2', 'pip_name': 'opencv-python', 'display_name': 'Python cv2'}, 'ansible_loop_var': 'item'})[0m
[0;32mok: [g1_robot_069] => (item={'cmd': ['/home/unitree/miniconda3/envs/tv/bin/python', '-c', 'import zmq'], 'stdout': '', 'stderr': '', 'rc': 0, 'start': '2026-06-09 16:30:01.141944', 'end': '2026-06-09 16:30:01.241830', 'delta': '0:00:00.099886', 'changed': False, 'invocation': {'module_args': {'_raw_params': "/home/unitree/miniconda3/envs/tv/bin/python -c 'import zmq'", 'warn': True, '_uses_shell': False, 'stdin_add_newline': True, 'strip_empty_ends': True, 'argv': None, 'chdir': None, 'executable': None, 'creates': None, 'removes': None, 'stdin': None}}, 'stdout_lines': [], 'stderr_lines': [], 'failed': False, 'failed_when_result': False, 'item': {'import_name': 'zmq', 'pip_name': 'pyzmq', 'display_name': 'Python zmq'}, 'ansible_loop_var': 'item'})[0m
[0;32mok: [g1_robot_069] => (item={'cmd': ['/home/unitree/miniconda3/envs/tv/bin/python', '-c', 'import logging_mp'], 'stdout': '', 'stderr': '', 'rc': 0, 'start': '2026-06-09 16:30:01.462108', 'end': '2026-06-09 16:30:01.590218', 'delta': '0:00:00.128110', 'changed': False, 'invocation': {'module_args': {'_raw_params': "/home/unitree/miniconda3/envs/tv/bin/python -c 'import logging_mp'", 'warn': True, '_uses_shell': False, 'stdin_add_newline': True, 'strip_empty_ends': True, 'argv': None, 'chdir': None, 'executable': None, 'creates': None, 'removes': None, 'stdin': None}}, 'stdout_lines': [], 'stderr_lines': [], 'failed': False, 'failed_when_result': False, 'item': {'import_name': 'logging_mp', 'pip_name': 'logging_mp', 'display_name': 'Python logging_mp'}, 'ansible_loop_var': 'item'})[0m
[0;32mok: [g1_robot_069] => (item={'cmd': ['/home/unitree/miniconda3/envs/tv/bin/python', '-c', 'import av'], 'stdout': '', 'stderr': '', 'rc': 0, 'start': '2026-06-09 16:30:01.803397', 'end': '2026-06-09 16:30:01.954479', 'delta': '0:00:00.151082', 'changed': False, 'invocation': {'module_args': {'_raw_params': "/home/unitree/miniconda3/envs/tv/bin/python -c 'import av'", 'warn': True, '_uses_shell': False, 'stdin_add_newline': True, 'strip_empty_ends': True, 'argv': None, 'chdir': None, 'executable': None, 'creates': None, 'removes': None, 'stdin': None}}, 'stdout_lines': [], 'stderr_lines': [], 'failed': False, 'failed_when_result': False, 'item': {'import_name': 'av', 'pip_name': 'av', 'display_name': 'Python av'}, 'ansible_loop_var': 'item'})[0m
[0;32mok: [g1_robot_069] => (item={'cmd': ['/home/unitree/miniconda3/envs/tv/bin/python', '-c', 'import numpy'], 'stdout': '', 'stderr': '', 'rc': 0, 'start': '2026-06-09 16:30:02.264056', 'end': '2026-06-09 16:30:02.489942', 'delta': '0:00:00.225886', 'changed': False, 'invocation': {'module_args': {'_raw_params': "/home/unitree/miniconda3/envs/tv/bin/python -c 'import numpy'", 'warn': True, '_uses_shell': False, 'stdin_add_newline': True, 'strip_empty_ends': True, 'argv': None, 'chdir': None, 'executable': None, 'creates': None, 'removes': None, 'stdin': None}}, 'stdout_lines': [], 'stderr_lines': [], 'failed': False, 'failed_when_result': False, 'item': {'import_name': 'numpy', 'pip_name': 'numpy', 'display_name': 'Python numpy'}, 'ansible_loop_var': 'item'})[0m

TASK [Record skipped Python package imports] ***********************************
[0;36mskipping: [g1_robot_069] => (item={'import_name': 'cv2', 'pip_name': 'opencv-python', 'display_name': 'Python cv2'}) [0m
[0;36mskipping: [g1_robot_069] => (item={'import_name': 'zmq', 'pip_name': 'pyzmq', 'display_name': 'Python zmq'}) [0m
[0;36mskipping: [g1_robot_069] => (item={'import_name': 'logging_mp', 'pip_name': 'logging_mp', 'display_name': 'Python logging_mp'}) [0m
[0;36mskipping: [g1_robot_069] => (item={'import_name': 'av', 'pip_name': 'av', 'display_name': 'Python av'}) [0m
[0;36mskipping: [g1_robot_069] => (item={'import_name': 'numpy', 'pip_name': 'numpy', 'display_name': 'Python numpy'}) [0m

TASK [Check unitree_sdk2 installed files] **************************************
[0;32mok: [g1_robot_069] => (item={'name': 'unitree_sdk2 library', 'path': '/usr/local/lib/libunitree_sdk2.a'})[0m
[0;32mok: [g1_robot_069] => (item={'name': 'unitree_sdk2 cmake config', 'path': '/usr/local/lib/cmake/unitree_sdk2/unitree_sdk2Config.cmake'})[0m
[0;32mok: [g1_robot_069] => (item={'name': 'unitree_sdk2 go2 header', 'path': '/usr/local/include/unitree/idl/go2/MotorCmds_.hpp'})[0m

TASK [Record unitree_sdk2 installed file status] *******************************
[0;32mok: [g1_robot_069] => (item={'changed': False, 'stat': {'exists': True, 'path': '/usr/local/lib/libunitree_sdk2.a', 'mode': '0644', 'isdir': False, 'ischr': False, 'isblk': False, 'isreg': True, 'isfifo': False, 'islnk': False, 'issock': False, 'uid': 0, 'gid': 0, 'size': 28836044, 'inode': 1970671, 'dev': 66305, 'nlink': 1, 'atime': 1780990992.196, 'mtime': 1779070744.0, 'ctime': 1779071099.9115283, 'wusr': True, 'rusr': True, 'xusr': False, 'wgrp': False, 'rgrp': True, 'xgrp': False, 'woth': False, 'roth': True, 'xoth': False, 'isuid': False, 'isgid': False, 'blocks': 56328, 'block_size': 4096, 'device_type': 0, 'readable': True, 'writeable': False, 'executable': False, 'pw_name': 'root', 'gr_name': 'root', 'checksum': '6aa9bbd4ee362b0e1b080741ef839c9f07d80444', 'mimetype': 'application/x-archive', 'charset': 'binary', 'version': '3445004156', 'attributes': ['extents'], 'attr_flags': 'e'}, 'invocation': {'module_args': {'path': '/usr/local/lib/libunitree_sdk2.a', 'follow': False, 'get_md5': False, 'get_checksum': True, 'get_mime': True, 'get_attributes': True, 'checksum_algorithm': 'sha1'}}, 'failed': False, 'item': {'name': 'unitree_sdk2 library', 'path': '/usr/local/lib/libunitree_sdk2.a'}, 'ansible_loop_var': 'item'})[0m
[0;32mok: [g1_robot_069] => (item={'changed': False, 'stat': {'exists': True, 'path': '/usr/local/lib/cmake/unitree_sdk2/unitree_sdk2Config.cmake', 'mode': '0644', 'isdir': False, 'ischr': False, 'isblk': False, 'isreg': True, 'isfifo': False, 'islnk': False, 'issock': False, 'uid': 0, 'gid': 0, 'size': 186, 'inode': 7999267, 'dev': 66305, 'nlink': 1, 'atime': 1780990992.504, 'mtime': 1779071002.0, 'ctime': 1779071099.9155283, 'wusr': True, 'rusr': True, 'xusr': False, 'wgrp': False, 'rgrp': True, 'xgrp': False, 'woth': False, 'roth': True, 'xoth': False, 'isuid': False, 'isgid': False, 'blocks': 8, 'block_size': 4096, 'device_type': 0, 'readable': True, 'writeable': False, 'executable': False, 'pw_name': 'root', 'gr_name': 'root', 'checksum': '3a27dd724be144969a69609c6789b0b9c12a0a94', 'mimetype': 'text/plain', 'charset': 'us-ascii', 'version': '320539747', 'attributes': ['extents'], 'attr_flags': 'e'}, 'invocation': {'module_args': {'path': '/usr/local/lib/cmake/unitree_sdk2/unitree_sdk2Config.cmake', 'follow': False, 'get_md5': False, 'get_checksum': True, 'get_mime': True, 'get_attributes': True, 'checksum_algorithm': 'sha1'}}, 'failed': False, 'item': {'name': 'unitree_sdk2 cmake config', 'path': '/usr/local/lib/cmake/unitree_sdk2/unitree_sdk2Config.cmake'}, 'ansible_loop_var': 'item'})[0m
[0;32mok: [g1_robot_069] => (item={'changed': False, 'stat': {'exists': True, 'path': '/usr/local/include/unitree/idl/go2/MotorCmds_.hpp', 'mode': '0644', 'isdir': False, 'ischr': False, 'isblk': False, 'isreg': True, 'isfifo': False, 'islnk': False, 'issock': False, 'uid': 0, 'gid': 0, 'size': 14799, 'inode': 3673005, 'dev': 66305, 'nlink': 1, 'atime': 1780990992.748, 'mtime': 1779070741.0, 'ctime': 1779071099.863527, 'wusr': True, 'rusr': True, 'xusr': False, 'wgrp': False, 'rgrp': True, 'xgrp': False, 'woth': False, 'roth': True, 'xoth': False, 'isuid': False, 'isgid': False, 'blocks': 32, 'block_size': 4096, 'device_type': 0, 'readable': True, 'writeable': False, 'executable': False, 'pw_name': 'root', 'gr_name': 'root', 'checksum': '61c007d557e6b98267de2f718cde8828915ac109', 'mimetype': 'text/x-c++', 'charset': 'us-ascii', 'version': '2484343955', 'attributes': ['extents'], 'attr_flags': 'e'}, 'invocation': {'module_args': {'path': '/usr/local/include/unitree/idl/go2/MotorCmds_.hpp', 'follow': False, 'get_md5': False, 'get_checksum': True, 'get_mime': True, 'get_attributes': True, 'checksum_algorithm': 'sha1'}}, 'failed': False, 'item': {'name': 'unitree_sdk2 go2 header', 'path': '/usr/local/include/unitree/idl/go2/MotorCmds_.hpp'}, 'ansible_loop_var': 'item'})[0m

TASK [Check apt package installation] ******************************************
[0;32mok: [g1_robot_069] => (item=build-essential)[0m
[0;32mok: [g1_robot_069] => (item=cmake)[0m
[0;32mok: [g1_robot_069] => (item=make)[0m
[0;32mok: [g1_robot_069] => (item=libeigen3-dev)[0m
[0;32mok: [g1_robot_069] => (item=libspdlog-dev)[0m
[0;32mok: [g1_robot_069] => (item=libfmt-dev)[0m
[0;32mok: [g1_robot_069] => (item=libboost-all-dev)[0m
[0;32mok: [g1_robot_069] => (item=libyaml-cpp-dev)[0m

TASK [Record apt package status] ***********************************************
[0;32mok: [g1_robot_069] => (item={'cmd': ['dpkg-query', '-W', '-f=${Status}', 'build-essential'], 'stdout': 'install ok installed', 'stderr': '', 'rc': 0, 'start': '2026-06-09 16:30:04.039347', 'end': '2026-06-09 16:30:04.081506', 'delta': '0:00:00.042159', 'changed': False, 'invocation': {'module_args': {'_raw_params': 'dpkg-query -W -f=${Status} build-essential', 'warn': True, '_uses_shell': False, 'stdin_add_newline': True, 'strip_empty_ends': True, 'argv': None, 'chdir': None, 'executable': None, 'creates': None, 'removes': None, 'stdin': None}}, 'stdout_lines': ['install ok installed'], 'stderr_lines': [], 'failed': False, 'failed_when_result': False, 'item': 'build-essential', 'ansible_loop_var': 'item'})[0m
[0;32mok: [g1_robot_069] => (item={'cmd': ['dpkg-query', '-W', '-f=${Status}', 'cmake'], 'stdout': 'install ok installed', 'stderr': '', 'rc': 0, 'start': '2026-06-09 16:30:04.298619', 'end': '2026-06-09 16:30:04.349192', 'delta': '0:00:00.050573', 'changed': False, 'invocation': {'module_args': {'_raw_params': 'dpkg-query -W -f=${Status} cmake', 'warn': True, '_uses_shell': False, 'stdin_add_newline': True, 'strip_empty_ends': True, 'argv': None, 'chdir': None, 'executable': None, 'creates': None, 'removes': None, 'stdin': None}}, 'stdout_lines': ['install ok installed'], 'stderr_lines': [], 'failed': False, 'failed_when_result': False, 'item': 'cmake', 'ansible_loop_var': 'item'})[0m
[0;32mok: [g1_robot_069] => (item={'cmd': ['dpkg-query', '-W', '-f=${Status}', 'make'], 'stdout': 'install ok installed', 'stderr': '', 'rc': 0, 'start': '2026-06-09 16:30:04.574932', 'end': '2026-06-09 16:30:04.616101', 'delta': '0:00:00.041169', 'changed': False, 'invocation': {'module_args': {'_raw_params': 'dpkg-query -W -f=${Status} make', 'warn': True, '_uses_shell': False, 'stdin_add_newline': True, 'strip_empty_ends': True, 'argv': None, 'chdir': None, 'executable': None, 'creates': None, 'removes': None, 'stdin': None}}, 'stdout_lines': ['install ok installed'], 'stderr_lines': [], 'failed': False, 'failed_when_result': False, 'item': 'make', 'ansible_loop_var': 'item'})[0m
[0;32mok: [g1_robot_069] => (item={'cmd': ['dpkg-query', '-W', '-f=${Status}', 'libeigen3-dev'], 'stdout': 'install ok installed', 'stderr': '', 'rc': 0, 'start': '2026-06-09 16:30:04.826758', 'end': '2026-06-09 16:30:04.868154', 'delta': '0:00:00.041396', 'changed': False, 'invocation': {'module_args': {'_raw_params': 'dpkg-query -W -f=${Status} libeigen3-dev', 'warn': True, '_uses_shell': False, 'stdin_add_newline': True, 'strip_empty_ends': True, 'argv': None, 'chdir': None, 'executable': None, 'creates': None, 'removes': None, 'stdin': None}}, 'stdout_lines': ['install ok installed'], 'stderr_lines': [], 'failed': False, 'failed_when_result': False, 'item': 'libeigen3-dev', 'ansible_loop_var': 'item'})[0m
[0;32mok: [g1_robot_069] => (item={'cmd': ['dpkg-query', '-W', '-f=${Status}', 'libspdlog-dev'], 'stdout': 'install ok installed', 'stderr': '', 'rc': 0, 'start': '2026-06-09 16:30:05.085032', 'end': '2026-06-09 16:30:05.138629', 'delta': '0:00:00.053597', 'changed': False, 'invocation': {'module_args': {'_raw_params': 'dpkg-query -W -f=${Status} libspdlog-dev', 'warn': True, '_uses_shell': False, 'stdin_add_newline': True, 'strip_empty_ends': True, 'argv': None, 'chdir': None, 'executable': None, 'creates': None, 'removes': None, 'stdin': None}}, 'stdout_lines': ['install ok installed'], 'stderr_lines': [], 'failed': False, 'failed_when_result': False, 'item': 'libspdlog-dev', 'ansible_loop_var': 'item'})[0m
[0;32mok: [g1_robot_069] => (item={'cmd': ['dpkg-query', '-W', '-f=${Status}', 'libfmt-dev'], 'stdout': 'install ok installed', 'stderr': '', 'rc': 0, 'start': '2026-06-09 16:30:05.353343', 'end': '2026-06-09 16:30:05.395234', 'delta': '0:00:00.041891', 'changed': False, 'invocation': {'module_args': {'_raw_params': 'dpkg-query -W -f=${Status} libfmt-dev', 'warn': True, '_uses_shell': False, 'stdin_add_newline': True, 'strip_empty_ends': True, 'argv': None, 'chdir': None, 'executable': None, 'creates': None, 'removes': None, 'stdin': None}}, 'stdout_lines': ['install ok installed'], 'stderr_lines': [], 'failed': False, 'failed_when_result': False, 'item': 'libfmt-dev', 'ansible_loop_var': 'item'})[0m
[0;32mok: [g1_robot_069] => (item={'cmd': ['dpkg-query', '-W', '-f=${Status}', 'libboost-all-dev'], 'stdout': 'install ok installed', 'stderr': '', 'rc': 0, 'start': '2026-06-09 16:30:05.612142', 'end': '2026-06-09 16:30:05.653796', 'delta': '0:00:00.041654', 'changed': False, 'invocation': {'module_args': {'_raw_params': 'dpkg-query -W -f=${Status} libboost-all-dev', 'warn': True, '_uses_shell': False, 'stdin_add_newline': True, 'strip_empty_ends': True, 'argv': None, 'chdir': None, 'executable': None, 'creates': None, 'removes': None, 'stdin': None}}, 'stdout_lines': ['install ok installed'], 'stderr_lines': [], 'failed': False, 'failed_when_result': False, 'item': 'libboost-all-dev', 'ansible_loop_var': 'item'})[0m
[0;32mok: [g1_robot_069] => (item={'cmd': ['dpkg-query', '-W', '-f=${Status}', 'libyaml-cpp-dev'], 'stdout': 'install ok installed', 'stderr': '', 'rc': 0, 'start': '2026-06-09 16:30:05.890362', 'end': '2026-06-09 16:30:05.944167', 'delta': '0:00:00.053805', 'changed': False, 'invocation': {'module_args': {'_raw_params': 'dpkg-query -W -f=${Status} libyaml-cpp-dev', 'warn': True, '_uses_shell': False, 'stdin_add_newline': True, 'strip_empty_ends': True, 'argv': None, 'chdir': None, 'executable': None, 'creates': None, 'removes': None, 'stdin': None}}, 'stdout_lines': ['install ok installed'], 'stderr_lines': [], 'failed': False, 'failed_when_result': False, 'item': 'libyaml-cpp-dev', 'ansible_loop_var': 'item'})[0m

TASK [Check remote image service binary] ***************************************
[0;32mok: [g1_robot_069][0m

TASK [Record remote image service binary status] *******************************
[0;32mok: [g1_robot_069][0m

TASK [Check remote_start systemd unit file] ************************************
[0;36mskipping: [g1_robot_069][0m

TASK [Check remote_start service enabled state] ********************************
[0;36mskipping: [g1_robot_069][0m

TASK [Check remote_start service active state] *********************************
[0;36mskipping: [g1_robot_069][0m

TASK [Record remote_start service status] **************************************
[0;36mskipping: [g1_robot_069][0m

TASK [Check camera udev rule file] *********************************************
[0;32mok: [g1_robot_069][0m

TASK [Record camera udev rule file status] *************************************
[0;32mok: [g1_robot_069][0m

TASK [Check camera device symlinks] ********************************************
[0;32mok: [g1_robot_069] => (item=/dev/cam_head)[0m
[0;32mok: [g1_robot_069] => (item=/dev/cam_wrist_left)[0m
[0;32mok: [g1_robot_069] => (item=/dev/cam_wrist_right)[0m

TASK [Record camera device symlink status] *************************************
[0;32mok: [g1_robot_069] => (item={'changed': False, 'stat': {'exists': True, 'path': '/dev/cam_head', 'mode': '0777', 'isdir': False, 'ischr': False, 'isblk': False, 'isreg': False, 'isfifo': False, 'islnk': True, 'issock': False, 'uid': 0, 'gid': 0, 'size': 7, 'inode': 3371, 'dev': 5, 'nlink': 1, 'atime': 1780992807.028, 'mtime': 1780992770.908, 'ctime': 1780992770.908, 'wusr': True, 'rusr': True, 'xusr': True, 'wgrp': True, 'rgrp': True, 'xgrp': True, 'woth': True, 'roth': True, 'xoth': True, 'isuid': False, 'isgid': False, 'blocks': 0, 'block_size': 4096, 'device_type': 0, 'readable': True, 'writeable': True, 'executable': False, 'lnk_source': '/dev/video10', 'lnk_target': 'video10', 'pw_name': 'root', 'gr_name': 'root', 'mimetype': 'inode/symlink', 'charset': 'binary', 'version': None, 'attributes': [], 'attr_flags': ''}, 'invocation': {'module_args': {'path': '/dev/cam_head', 'follow': False, 'get_md5': False, 'get_checksum': True, 'get_mime': True, 'get_attributes': True, 'checksum_algorithm': 'sha1'}}, 'failed': False, 'item': '/dev/cam_head', 'ansible_loop_var': 'item'})[0m
[0;32mok: [g1_robot_069] => (item={'changed': False, 'stat': {'exists': True, 'path': '/dev/cam_wrist_left', 'mode': '0777', 'isdir': False, 'ischr': False, 'isblk': False, 'isreg': False, 'isfifo': False, 'islnk': True, 'issock': False, 'uid': 0, 'gid': 0, 'size': 6, 'inode': 3073, 'dev': 5, 'nlink': 1, 'atime': 1780992807.596, 'mtime': 1780992770.888, 'ctime': 1780992770.888, 'wusr': True, 'rusr': True, 'xusr': True, 'wgrp': True, 'rgrp': True, 'xgrp': True, 'woth': True, 'roth': True, 'xoth': True, 'isuid': False, 'isgid': False, 'blocks': 0, 'block_size': 4096, 'device_type': 0, 'readable': True, 'writeable': True, 'executable': False, 'lnk_source': '/dev/video2', 'lnk_target': 'video2', 'pw_name': 'root', 'gr_name': 'root', 'mimetype': 'inode/symlink', 'charset': 'binary', 'version': None, 'attributes': [], 'attr_flags': ''}, 'invocation': {'module_args': {'path': '/dev/cam_wrist_left', 'follow': False, 'get_md5': False, 'get_checksum': True, 'get_mime': True, 'get_attributes': True, 'checksum_algorithm': 'sha1'}}, 'failed': False, 'item': '/dev/cam_wrist_left', 'ansible_loop_var': 'item'})[0m
[0;32mok: [g1_robot_069] => (item={'changed': False, 'stat': {'exists': False}, 'invocation': {'module_args': {'path': '/dev/cam_wrist_right', 'follow': False, 'get_md5': False, 'get_checksum': True, 'get_mime': True, 'get_attributes': True, 'checksum_algorithm': 'sha1'}}, 'failed': False, 'item': '/dev/cam_wrist_right', 'ansible_loop_var': 'item'})[0m

TASK [Check cos_teleop camera journal] *****************************************
[0;32mok: [g1_robot_069][0m

TASK [Record cos_teleop camera journal status] *********************************
[0;32mok: [g1_robot_069][0m

TASK [Set dex1 paths] **********************************************************
[0;36mskipping: [g1_robot_069][0m

TASK [Check dex1 files] ********************************************************
[0;36mskipping: [g1_robot_069][0m

TASK [Record dex1 file status] *************************************************
[0;36mskipping: [g1_robot_069][0m

TASK [Check dex1 server binary executable bit] *********************************
[0;36mskipping: [g1_robot_069][0m

TASK [Record dex1 server executable status] ************************************
[0;36mskipping: [g1_robot_069][0m

TASK [Check dex1 dynamic library dependencies] *********************************
[0;36mskipping: [g1_robot_069][0m

TASK [Record dex1 dynamic library status] **************************************
[0;36mskipping: [g1_robot_069][0m

TASK [Check dex1 service enabled state] ****************************************
[0;36mskipping: [g1_robot_069][0m

TASK [Check dex1 service active state] *****************************************
[0;36mskipping: [g1_robot_069][0m

TASK [Initialize dex1 service recovery result] *********************************
[0;36mskipping: [g1_robot_069][0m

TASK [Restart dex1 service until active] ***************************************
[0;36mskipping: [g1_robot_069][0m

TASK [Recheck dex1 service active state after recovery] ************************
[0;36mskipping: [g1_robot_069][0m

TASK [Update dex1 service recovery result] *************************************
[0;36mskipping: [g1_robot_069][0m

TASK [Collect dex1 service status after failed recovery] ***********************
[0;36mskipping: [g1_robot_069][0m

TASK [Collect dex1 service journal after failed recovery] **********************
[0;36mskipping: [g1_robot_069][0m

TASK [Record dex1 service status] **********************************************
[0;36mskipping: [g1_robot_069][0m

TASK [Collect dex1 recent service journal] *************************************
[0;36mskipping: [g1_robot_069][0m

TASK [Detect dex1 service health issue] ****************************************
[0;36mskipping: [g1_robot_069][0m

TASK [Restart dex1 service after health issue] *********************************
[0;36mskipping: [g1_robot_069][0m

TASK [Collect dex1 recent service journal after health restart] ****************
[0;36mskipping: [g1_robot_069][0m

TASK [Record dex1 motor binding health] ****************************************
[0;36mskipping: [g1_robot_069][0m

TASK [Record dex1 service recovery install result] *****************************
[0;36mskipping: [g1_robot_069][0m

TASK [Check conflicting brainco service enabled state] *************************
[0;36mskipping: [g1_robot_069][0m

TASK [Check conflicting brainco service active state] **************************
[0;36mskipping: [g1_robot_069][0m

TASK [Record conflicting brainco service status] *******************************
[0;36mskipping: [g1_robot_069][0m

TASK [Set brainco paths] *******************************************************
[0;32mok: [g1_robot_069][0m

TASK [Check preferred brainco sdk library] *************************************
[0;32mok: [g1_robot_069][0m

TASK [Find brainco sdk library] ************************************************
[0;36mskipping: [g1_robot_069][0m

TASK [Set brainco sdk library path] ********************************************
[0;32mok: [g1_robot_069][0m

TASK [Check brainco files] *****************************************************
[0;32mok: [g1_robot_069] => (item={'name': 'brainco source directory', 'path': '/home/unitree/g1_setup/brainco_hand_service'})[0m
[0;32mok: [g1_robot_069] => (item={'name': 'brainco bin directory', 'path': '/home/unitree/g1_setup/brainco_hand_service/bin'})[0m
[0;32mok: [g1_robot_069] => (item={'name': 'brainco server binary', 'path': '/home/unitree/g1_setup/brainco_hand_service/bin/brainco_hand_server'})[0m
[0;32mok: [g1_robot_069] => (item={'name': 'brainco test binary', 'path': '/home/unitree/g1_setup/brainco_hand_service/bin/test_brainco_hand_server'})[0m
[0;32mok: [g1_robot_069] => (item={'name': 'brainco sdk library', 'path': '/home/unitree/g1_setup/brainco_hand_service/lib/aarch64/libbc_stark_sdk.so'})[0m
[0;32mok: [g1_robot_069] => (item={'name': 'brainco systemd unit file', 'path': '/etc/systemd/system/brainco_hand.service'})[0m

TASK [Record brainco file status] **********************************************
[0;32mok: [g1_robot_069] => (item={'changed': False, 'stat': {'exists': True, 'path': '/home/unitree/g1_setup/brainco_hand_service', 'mode': '0700', 'isdir': True, 'ischr': False, 'isblk': False, 'isreg': False, 'isfifo': False, 'islnk': False, 'issock': False, 'uid': 1000, 'gid': 1000, 'size': 4096, 'inode': 7998180, 'dev': 66305, 'nlink': 7, 'atime': 1780990946.048, 'mtime': 1779170252.876, 'ctime': 1779170252.876, 'wusr': True, 'rusr': True, 'xusr': True, 'wgrp': False, 'rgrp': False, 'xgrp': False, 'woth': False, 'roth': False, 'xoth': False, 'isuid': False, 'isgid': False, 'blocks': 8, 'block_size': 4096, 'device_type': 0, 'readable': True, 'writeable': True, 'executable': True, 'pw_name': 'unitree', 'gr_name': 'unitree', 'mimetype': 'inode/directory', 'charset': 'binary', 'version': '2662995873', 'attributes': ['extents'], 'attr_flags': 'e'}, 'invocation': {'module_args': {'path': '/home/unitree/g1_setup/brainco_hand_service', 'follow': False, 'get_md5': False, 'get_checksum': True, 'get_mime': True, 'get_attributes': True, 'checksum_algorithm': 'sha1'}}, 'failed': False, 'item': {'name': 'brainco source directory', 'path': '/home/unitree/g1_setup/brainco_hand_service'}, 'ansible_loop_var': 'item'})[0m
[0;32mok: [g1_robot_069] => (item={'changed': False, 'stat': {'exists': True, 'path': '/home/unitree/g1_setup/brainco_hand_service/bin', 'mode': '0775', 'isdir': True, 'ischr': False, 'isblk': False, 'isreg': False, 'isfifo': False, 'islnk': False, 'issock': False, 'uid': 1000, 'gid': 1000, 'size': 4096, 'inode': 7999305, 'dev': 66305, 'nlink': 2, 'atime': 1780990950.124, 'mtime': 1779170295.64, 'ctime': 1779170295.64, 'wusr': True, 'rusr': True, 'xusr': True, 'wgrp': True, 'rgrp': True, 'xgrp': True, 'woth': False, 'roth': True, 'xoth': True, 'isuid': False, 'isgid': False, 'blocks': 8, 'block_size': 4096, 'device_type': 0, 'readable': True, 'writeable': True, 'executable': True, 'pw_name': 'unitree', 'gr_name': 'unitree', 'mimetype': 'inode/directory', 'charset': 'binary', 'version': '2253557334', 'attributes': ['extents'], 'attr_flags': 'e'}, 'invocation': {'module_args': {'path': '/home/unitree/g1_setup/brainco_hand_service/bin', 'follow': False, 'get_md5': False, 'get_checksum': True, 'get_mime': True, 'get_attributes': True, 'checksum_algorithm': 'sha1'}}, 'failed': False, 'item': {'name': 'brainco bin directory', 'path': '/home/unitree/g1_setup/brainco_hand_service/bin'}, 'ansible_loop_var': 'item'})[0m
[0;32mok: [g1_robot_069] => (item={'changed': False, 'stat': {'exists': True, 'path': '/home/unitree/g1_setup/brainco_hand_service/bin/brainco_hand_server', 'mode': '0755', 'isdir': False, 'ischr': False, 'isblk': False, 'isreg': True, 'isfifo': False, 'islnk': False, 'issock': False, 'uid': 1000, 'gid': 1000, 'size': 3717528, 'inode': 7999337, 'dev': 66305, 'nlink': 1, 'atime': 1780991000.74, 'mtime': 1779170296.176, 'ctime': 1780990999.184, 'wusr': True, 'rusr': True, 'xusr': True, 'wgrp': False, 'rgrp': True, 'xgrp': True, 'woth': False, 'roth': True, 'xoth': True, 'isuid': False, 'isgid': False, 'blocks': 7264, 'block_size': 4096, 'device_type': 0, 'readable': True, 'writeable': True, 'executable': True, 'pw_name': 'unitree', 'gr_name': 'unitree', 'checksum': '0fbec01f2b5d9777bc6086fe0250975049c25c91', 'mimetype': 'application/x-sharedlib', 'charset': 'binary', 'version': '259931798', 'attributes': ['extents'], 'attr_flags': 'e'}, 'invocation': {'module_args': {'path': '/home/unitree/g1_setup/brainco_hand_service/bin/brainco_hand_server', 'follow': False, 'get_md5': False, 'get_checksum': True, 'get_mime': True, 'get_attributes': True, 'checksum_algorithm': 'sha1'}}, 'failed': False, 'item': {'name': 'brainco server binary', 'path': '/home/unitree/g1_setup/brainco_hand_service/bin/brainco_hand_server'}, 'ansible_loop_var': 'item'})[0m
[0;32mok: [g1_robot_069] => (item={'changed': False, 'stat': {'exists': True, 'path': '/home/unitree/g1_setup/brainco_hand_service/bin/test_brainco_hand_server', 'mode': '0755', 'isdir': False, 'ischr': False, 'isblk': False, 'isreg': True, 'isfifo': False, 'islnk': False, 'issock': False, 'uid': 1000, 'gid': 1000, 'size': 3244424, 'inode': 7999325, 'dev': 66305, 'nlink': 1, 'atime': 1780991014.892, 'mtime': 1779170285.652, 'ctime': 1780990999.404, 'wusr': True, 'rusr': True, 'xusr': True, 'wgrp': False, 'rgrp': True, 'xgrp': True, 'woth': False, 'roth': True, 'xoth': True, 'isuid': False, 'isgid': False, 'blocks': 6344, 'block_size': 4096, 'device_type': 0, 'readable': True, 'writeable': True, 'executable': True, 'pw_name': 'unitree', 'gr_name': 'unitree', 'checksum': '91a9ec0d14c0e3de91a577f0b6cb1f3a0a56bb8d', 'mimetype': 'application/x-sharedlib', 'charset': 'binary', 'version': '2468829388', 'attributes': ['extents'], 'attr_flags': 'e'}, 'invocation': {'module_args': {'path': '/home/unitree/g1_setup/brainco_hand_service/bin/test_brainco_hand_server', 'follow': False, 'get_md5': False, 'get_checksum': True, 'get_mime': True, 'get_attributes': True, 'checksum_algorithm': 'sha1'}}, 'failed': False, 'item': {'name': 'brainco test binary', 'path': '/home/unitree/g1_setup/brainco_hand_service/bin/test_brainco_hand_server'}, 'ansible_loop_var': 'item'})[0m
[0;32mok: [g1_robot_069] => (item={'changed': False, 'stat': {'exists': True, 'path': '/home/unitree/g1_setup/brainco_hand_service/lib/aarch64/libbc_stark_sdk.so', 'mode': '0600', 'isdir': False, 'ischr': False, 'isblk': False, 'isreg': True, 'isfifo': False, 'islnk': False, 'issock': False, 'uid': 1000, 'gid': 1000, 'size': 4662872, 'inode': 7998303, 'dev': 66305, 'nlink': 1, 'atime': 1780990953.364, 'mtime': 1779070740.596451, 'ctime': 1779070740.596451, 'wusr': True, 'rusr': True, 'xusr': False, 'wgrp': False, 'rgrp': False, 'xgrp': False, 'woth': False, 'roth': False, 'xoth': False, 'isuid': False, 'isgid': False, 'blocks': 9112, 'block_size': 4096, 'device_type': 0, 'readable': True, 'writeable': True, 'executable': False, 'pw_name': 'unitree', 'gr_name': 'unitree', 'checksum': '1e0adab69c330e86940908662be06244ba89fb13', 'mimetype': 'application/x-sharedlib', 'charset': 'binary', 'version': '1899919228', 'attributes': ['extents'], 'attr_flags': 'e'}, 'invocation': {'module_args': {'path': '/home/unitree/g1_setup/brainco_hand_service/lib/aarch64/libbc_stark_sdk.so', 'follow': False, 'get_md5': False, 'get_checksum': True, 'get_mime': True, 'get_attributes': True, 'checksum_algorithm': 'sha1'}}, 'failed': False, 'item': {'name': 'brainco sdk library', 'path': '/home/unitree/g1_setup/brainco_hand_service/lib/aarch64/libbc_stark_sdk.so'}, 'ansible_loop_var': 'item'})[0m
[0;32mok: [g1_robot_069] => (item={'changed': False, 'stat': {'exists': True, 'path': '/etc/systemd/system/brainco_hand.service', 'mode': '0644', 'isdir': False, 'ischr': False, 'isblk': False, 'isreg': True, 'isfifo': False, 'islnk': False, 'issock': False, 'uid': 0, 'gid': 0, 'size': 477, 'inode': 922283, 'dev': 66305, 'nlink': 1, 'atime': 1780991000.236, 'mtime': 1780990999.96, 'ctime': 1780990999.96, 'wusr': True, 'rusr': True, 'xusr': False, 'wgrp': False, 'rgrp': True, 'xgrp': False, 'woth': False, 'roth': True, 'xoth': False, 'isuid': False, 'isgid': False, 'blocks': 8, 'block_size': 4096, 'device_type': 0, 'readable': True, 'writeable': False, 'executable': False, 'pw_name': 'root', 'gr_name': 'root', 'checksum': '2b96a3e87ab7ae850c564051d7968fce515186e6', 'mimetype': 'text/plain', 'charset': 'us-ascii', 'version': '1352604651', 'attributes': ['extents'], 'attr_flags': 'e'}, 'invocation': {'module_args': {'path': '/etc/systemd/system/brainco_hand.service', 'follow': False, 'get_md5': False, 'get_checksum': True, 'get_mime': True, 'get_attributes': True, 'checksum_algorithm': 'sha1'}}, 'failed': False, 'item': {'name': 'brainco systemd unit file', 'path': '/etc/systemd/system/brainco_hand.service'}, 'ansible_loop_var': 'item'})[0m

TASK [Check brainco server binary executable bit] ******************************
[0;32mok: [g1_robot_069][0m

TASK [Record brainco server executable status] *********************************
[0;32mok: [g1_robot_069][0m

TASK [Check brainco dynamic library dependencies] ******************************
[0;32mok: [g1_robot_069][0m

TASK [Record brainco dynamic library status] ***********************************
[0;32mok: [g1_robot_069][0m

TASK [Check brainco service enabled state] *************************************
[0;32mok: [g1_robot_069][0m

TASK [Check brainco service active state] **************************************
[0;32mok: [g1_robot_069][0m

TASK [Initialize brainco service recovery result] ******************************
[0;32mok: [g1_robot_069][0m

TASK [Restart brainco service until active] ************************************
[0;36mskipping: [g1_robot_069][0m

TASK [Recheck brainco service active state after recovery] *********************
[0;36mskipping: [g1_robot_069][0m

TASK [Update brainco service recovery result] **********************************
[0;36mskipping: [g1_robot_069][0m

TASK [Collect brainco service status after failed recovery] ********************
[0;36mskipping: [g1_robot_069][0m

TASK [Collect brainco service journal after failed recovery] *******************
[0;36mskipping: [g1_robot_069][0m

TASK [Record brainco service status] *******************************************
[0;32mok: [g1_robot_069][0m

TASK [Collect brainco recent service journal] **********************************
[0;32mok: [g1_robot_069][0m

TASK [Detect brainco service health issue] *************************************
[0;32mok: [g1_robot_069][0m

TASK [Restart brainco service after health issue] ******************************
[0;36mskipping: [g1_robot_069][0m

TASK [Collect brainco recent service journal after health restart] *************
[0;36mskipping: [g1_robot_069][0m

TASK [Record brainco hand binding health] **************************************
[0;32mok: [g1_robot_069][0m

TASK [Record brainco service recovery install result] **************************
[0;36mskipping: [g1_robot_069][0m

TASK [Check conflicting dex1 service enabled state] ****************************
[0;36mskipping: [g1_robot_069][0m

TASK [Check conflicting dex1 service active state] *****************************
[0;36mskipping: [g1_robot_069][0m

TASK [Record conflicting dex1 service status] **********************************
[0;36mskipping: [g1_robot_069][0m

TASK [Record skipped end effector checks] **************************************
[0;36mskipping: [g1_robot_069][0m

TASK [Record invalid end effector checks] **************************************
[0;36mskipping: [g1_robot_069][0m

TASK [Initialize enriched report check results] ********************************
[0;32mok: [g1_robot_069][0m

TASK [Add reason and suggestion to WARN and FAIL results] **********************
[0;32mok: [g1_robot_069] => (item={'name': 'remote_start preflight stop', 'status': 'OK', 'detail': 'stopped remote_start.service', 'stdout': '', 'stderr': ''})[0m
[0;32mok: [g1_robot_069] => (item={'name': 'g1_setup directory', 'status': 'OK', 'detail': '/home/unitree/g1_setup'})[0m
[0;32mok: [g1_robot_069] => (item={'name': 'unitree_sdk2 source', 'status': 'OK', 'detail': '/home/unitree/g1_setup/unitree_sdk2'})[0m
[0;32mok: [g1_robot_069] => (item={'name': 'Conda engine', 'status': 'OK', 'detail': '/home/unitree/miniconda3/bin/conda'})[0m
[0;32mok: [g1_robot_069] => (item={'name': 'conda env tv', 'status': 'OK', 'detail': '/home/unitree/miniconda3/envs/tv/bin/python'})[0m
[0;32mok: [g1_robot_069] => (item={'name': 'tv python version', 'status': 'OK', 'detail': 'Python 3.10.20', 'stdout': 'Python 3.10.20', 'stderr': '', 'reason': '', 'suggestion': ''})[0m
[0;32mok: [g1_robot_069] => (item={'name': 'Python cv2', 'status': 'OK', 'detail': 'import cv2', 'stdout': '', 'stderr': ''})[0m
[0;32mok: [g1_robot_069] => (item={'name': 'Python zmq', 'status': 'OK', 'detail': 'import zmq', 'stdout': '', 'stderr': ''})[0m
[0;32mok: [g1_robot_069] => (item={'name': 'Python logging_mp', 'status': 'OK', 'detail': 'import logging_mp', 'stdout': '', 'stderr': ''})[0m
[0;32mok: [g1_robot_069] => (item={'name': 'Python av', 'status': 'OK', 'detail': 'import av', 'stdout': '', 'stderr': ''})[0m
[0;32mok: [g1_robot_069] => (item={'name': 'Python numpy', 'status': 'OK', 'detail': 'import numpy', 'stdout': '', 'stderr': ''})[0m
[0;32mok: [g1_robot_069] => (item={'name': 'unitree_sdk2 library', 'status': 'OK', 'detail': '/usr/local/lib/libunitree_sdk2.a'})[0m
[0;32mok: [g1_robot_069] => (item={'name': 'unitree_sdk2 cmake config', 'status': 'OK', 'detail': '/usr/local/lib/cmake/unitree_sdk2/unitree_sdk2Config.cmake'})[0m
[0;32mok: [g1_robot_069] => (item={'name': 'unitree_sdk2 go2 header', 'status': 'OK', 'detail': '/usr/local/include/unitree/idl/go2/MotorCmds_.hpp'})[0m
[0;32mok: [g1_robot_069] => (item={'name': 'apt build-essential', 'status': 'OK', 'detail': 'build-essential'})[0m
[0;32mok: [g1_robot_069] => (item={'name': 'apt cmake', 'status': 'OK', 'detail': 'cmake'})[0m
[0;32mok: [g1_robot_069] => (item={'name': 'apt make', 'status': 'OK', 'detail': 'make'})[0m
[0;32mok: [g1_robot_069] => (item={'name': 'apt libeigen3-dev', 'status': 'OK', 'detail': 'libeigen3-dev'})[0m
[0;32mok: [g1_robot_069] => (item={'name': 'apt libspdlog-dev', 'status': 'OK', 'detail': 'libspdlog-dev'})[0m
[0;32mok: [g1_robot_069] => (item={'name': 'apt libfmt-dev', 'status': 'OK', 'detail': 'libfmt-dev'})[0m
[0;32mok: [g1_robot_069] => (item={'name': 'apt libboost-all-dev', 'status': 'OK', 'detail': 'libboost-all-dev'})[0m
[0;32mok: [g1_robot_069] => (item={'name': 'apt libyaml-cpp-dev', 'status': 'OK', 'detail': 'libyaml-cpp-dev'})[0m
[0;32mok: [g1_robot_069] => (item={'name': 'remote image binary', 'status': 'OK', 'detail': '/home/unitree/g1_setup/remote'})[0m
[0;32mok: [g1_robot_069] => (item={'name': 'camera udev rules', 'status': 'OK', 'detail': '/etc/udev/rules.d/99-usb-cameras.rules'})[0m
[0;32mok: [g1_robot_069] => (item={'name': '/dev/cam_head', 'status': 'OK', 'detail': '/dev/cam_head'})[0m
[0;32mok: [g1_robot_069] => (item={'name': '/dev/cam_wrist_left', 'status': 'OK', 'detail': '/dev/cam_wrist_left'})[0m
[0;32mok: [g1_robot_069] => (item={'name': '/dev/cam_wrist_right', 'status': 'WARN', 'detail': '/dev/cam_wrist_right'})[0m
[0;32mok: [g1_robot_069] => (item={'name': 'cos_teleop camera log', 'status': 'WARN', 'detail': '[teleop_server_node-1] \x1b[33m2026-06-09 16:26:48.730 [ WARN] [camera_publisher.cpp:969] Failed to read direct MJPEG frame for camera[2]\x1b[0m\n[teleop_server_node-1] \x1b[33m2026-06-09 16:26:50.763 [ WARN] [camera_publisher.cpp:969] Failed to read direct MJPEG frame for camera[2]\x1b[0m\n[teleop_server_node-1] \x1b[33m2026-06-09 16:26:52.763 [ WARN] [camera_publisher.cpp:969] Failed to read direct MJPEG frame for camera[2]\x1b[0m\n[teleop_server_node-1] \x1b[33m2026-06-09 16:26:54.763 [ WARN] [camera_publisher.cpp:969] Failed to read direct MJPEG frame for camera[2]\x1b[0m\n[teleop_server_node-1] \x1b[33m2026-06-09 16:26:56.764 [ WARN] [camera_publisher.cpp:969] Failed to read direct MJPEG frame for camera[2]\x1b[0m\n[teleop_server_node-1] \x1b[33m2026-06-09 16:26:58.797 [ WARN] [camera_publisher.cpp:969] Failed to read direct MJPEG frame for camera[2]\x1b[0m\n[teleop_server_node-1] \x1b[33m2026-06-09 16:27:00.830 [ WARN] [camera_publisher.cpp:969] Failed to read direct MJPEG frame for camera[2]\x1b[0m\n[teleop_server_node-1] \x1b[33m2026-06-09 16:27:02.830 [ WARN] [camera_publisher.cpp:969] Failed to read direct MJPEG frame for camera[2]\x1b[0m\n[teleop_server_node-1] \x1b[33m2026-06-09 16:27:04.830 [ WARN] [camera_publisher.cpp:969] Failed to read direct MJPEG frame for camera[2]\x1b[0m\n[teleop_server_node-1] \x1b[33m2026-06-09 16:27:06.863 [ WARN] [camera_publisher.cpp:969] Failed to read direct MJPEG frame for camera[2]\x1b[0m\n[teleop_server_node-1] \x1b[33m2026-06-09 16:27:08.863 [ WARN] [camera_publisher.cpp:969] Failed to read direct MJPEG frame for camera[2]\x1b[0m\n[teleop_server_node-1] \x1b[33m2026-06-09 16:27:10.897 [ WARN] [camera_publisher.cpp:969] Failed to read direct MJPEG frame for camera[2]\x1b[0m\n[teleop_server_node-1] \x1b[33m2026-06-09 16:27:12.930 [ WARN] [camera_publisher.cpp:969] Failed to read direct MJPEG frame for camera[2]\x1b[0m\n[teleop_server_node-1] \x1b[33m2026-06-09 16:27:14.930 [ WARN] [camera_publisher.cpp:969] Failed to read direct MJPEG frame for camera[2]\x1b[0m\n[teleop_server_node-1] \x1b[33m2026-06-09 16:27:16.963 [ WARN] [camera_publisher.cpp:969] Failed to read direct MJPEG frame for camera[2]\x1b[0m\n[teleop_server_node-1] \x1b[33m2026-06-09 16:27:18.997 [ WARN] [camera_publisher.cpp:969] Failed to read direct MJPEG frame for camera[2]\x1b[0m\n[teleop_server_node-1] \x1b[33m2026-06-09 16:27:20.997 [ WARN] [camera_publisher.cpp:969] Failed to read direct MJPEG frame for camera[2]\x1b[0m\n[teleop_server_node-1] \x1b[33m2026-06-09 16:27:23.030 [ WARN] [camera_publisher.cpp:969] Failed to read direct MJPEG frame for camera[2]\x1b[0m\n[teleop_server_node-1] \x1b[33m2026-06-09 16:27:25.063 [ WARN] [camera_publisher.cpp:969] Failed to read direct MJPEG frame for camera[2]\x1b[0m\n[teleop_server_node-1] \x1b[33m2026-06-09 16:27:27.097 [ WARN] [camera_publisher.cpp:969] Failed to read direct MJPEG frame for camera[2]\x1b[0m\n[teleop_server_node-1] \x1b[33m2026-06-09 16:27:29.097 [ WARN] [camera_publisher.cpp:969] Failed to read direct MJPEG frame for camera[2]\x1b[0m\n[teleop_server_node-1] \x1b[33m2026-06-09 16:27:31.130 [ WARN] [camera_publisher.cpp:969] Failed to read direct MJPEG frame for camera[2]\x1b[0m\n[teleop_server_node-1] \x1b[33m2026-06-09 16:27:33.130 [ WARN] [camera_publisher.cpp:969] Failed to read direct MJPEG frame for camera[2]\x1b[0m\n[teleop_server_node-1] \x1b[33m2026-06-09 16:27:35.163 [ WARN] [camera_publisher.cpp:969] Failed to read direct MJPEG frame for camera[2]\x1b[0m\n[teleop_server_node-1] \x1b[33m2026-06-09 16:27:37.197 [ WARN] [camera_publisher.cpp:969] Failed to read direct MJPEG frame for camera[2]\x1b[0m\n[teleop_server_node-1] \x1b[33m2026-06-09 16:27:39.230 [ WARN] [camera_publisher.cpp:969] Failed to read direct MJPEG frame for camera[2]\x1b[0m\n[teleop_server_node-1] \x1b[33m2026-06-09 16:27:41.263 [ WARN] [camera_publisher.cpp:969] Failed to read direct MJPEG frame for camera[2]\x1b[0m\n[teleop_server_node-1] \x1b[33m2026-06-09 16:27:43.263 [ WARN] [camera_publisher.cpp:969] Failed to read direct MJPEG frame for camera[2]\x1b[0m\n[teleop_server_node-1] \x1b[33m2026-06-09 16:27:45.263 [ WARN] [camera_publisher.cpp:969] Failed to read direct MJPEG frame for camera[2]\x1b[0m\n[teleop_server_node-1] \x1b[33m2026-06-09 16:27:47.297 [ WARN] [camera_publisher.cpp:969] Failed to read direct MJPEG frame for camera[2]\x1b[0m\n[teleop_server_node-1] \x1b[33m2026-06-09 16:27:49.297 [ WARN] [camera_publisher.cpp:969] Failed to read direct MJPEG frame for camera[2]\x1b[0m\n[teleop_server_node-1] \x1b[33m2026-06-09 16:27:51.330 [ WARN] [camera_publisher.cpp:969] Failed to read direct MJPEG frame for camera[2]\x1b[0m\n[teleop_server_node-1] \x1b[33m2026-06-09 16:27:53.363 [ WARN] [camera_publisher.cpp:969] Failed to read direct MJPEG frame for camera[2]\x1b[0m\n[teleop_server_node-1] \x1b[33m2026-06-09 16:27:55.363 [ WARN] [camera_publisher.cpp:969] Failed to read direct MJPEG frame for camera[2]\x1b[0m\n[teleop_server_node-1] \x1b[33m2026-06-09 16:27:57.397 [ WARN] [camera_publisher.cpp:969] Failed to read direct MJPEG frame for camera[2]\x1b[0m\n[teleop_server_node-1] \x1b[33m2026-06-09 16:27:59.430 [ WARN] [camera_publisher.cpp:969] Failed to read direct MJPEG frame for camera[2]\x1b[0m\n[teleop_server_node-1] \x1b[33m2026-06-09 16:28:01.463 [ WARN] [camera_publisher.cpp:969] Failed to read direct MJPEG frame for camera[2]\x1b[0m\n[teleop_server_node-1] \x1b[33m2026-06-09 16:28:03.463 [ WARN] [camera_publisher.cpp:969] Failed to read direct MJPEG frame for camera[2]\x1b[0m\n[teleop_server_node-1] \x1b[33m2026-06-09 16:28:05.463 [ WARN] [camera_publisher.cpp:969] Failed to read direct MJPEG frame for camera[2]\x1b[0m\n[teleop_server_node-1] \x1b[33m2026-06-09 16:28:07.497 [ WARN] [camera_publisher.cpp:969] Failed to read direct MJPEG frame for camera[2]\x1b[0m\n[teleop_server_node-1] \x1b[33m2026-06-09 16:28:09.530 [ WARN] [camera_publisher.cpp:969] Failed to read direct MJPEG frame for camera[2]\x1b[0m\n[teleop_server_node-1] \x1b[33m2026-06-09 16:28:11.530 [ WARN] [camera_publisher.cpp:969] Failed to read direct MJPEG frame for camera[2]\x1b[0m\n[teleop_server_node-1] \x1b[33m2026-06-09 16:28:13.563 [ WARN] [camera_publisher.cpp:969] Failed to read direct MJPEG frame for camera[2]\x1b[0m\n[teleop_server_node-1] \x1b[33m2026-06-09 16:28:15.597 [ WARN] [camera_publisher.cpp:969] Failed to read direct MJPEG frame for camera[2]\x1b[0m\n[teleop_server_node-1] \x1b[33m2026-06-09 16:28:17.630 [ WARN] [camera_publisher.cpp:969] Failed to read direct MJPEG frame for camera[2]\x1b[0m\n[teleop_server_node-1] \x1b[33m2026-06-09 16:28:19.630 [ WARN] [camera_publisher.cpp:969] Failed to read direct MJPEG frame for camera[2]\x1b[0m\n[teleop_server_node-1] \x1b[33m2026-06-09 16:28:21.630 [ WARN] [camera_publisher.cpp:969] Failed to read direct MJPEG frame for camera[2]\x1b[0m\n[teleop_server_node-1] \x1b[33m2026-06-09 16:28:23.663 [ WARN] [camera_publisher.cpp:969] Failed to read direct MJPEG frame for camera[2]\x1b[0m\n[teleop_server_node-1] \x1b[33m2026-06-09 16:28:25.697 [ WARN] [camera_publisher.cpp:969] Failed to read direct MJPEG frame for camera[2]\x1b[0m\n[teleop_server_node-1] \x1b[33m2026-06-09 16:28:27.730 [ WARN] [camera_publisher.cpp:969] Failed to read direct MJPEG frame for camera[2]\x1b[0m\n[teleop_server_node-1] \x1b[33m2026-06-09 16:28:29.763 [ WARN] [camera_publisher.cpp:969] Failed to read direct MJPEG frame for camera[2]\x1b[0m\n[teleop_server_node-1] \x1b[33m2026-06-09 16:28:31.763 [ WARN] [camera_publisher.cpp:969] Failed to read direct MJPEG frame for camera[2]\x1b[0m\n[teleop_server_node-1] \x1b[33m2026-06-09 16:28:33.763 [ WARN] [camera_publisher.cpp:969] Failed to read direct MJPEG frame for camera[2]\x1b[0m\n[teleop_server_node-1] \x1b[33m2026-06-09 16:28:35.763 [ WARN] [camera_publisher.cpp:969] Failed to read direct MJPEG frame for camera[2]\x1b[0m\n[teleop_server_node-1] \x1b[33m2026-06-09 16:28:37.797 [ WARN] [camera_publisher.cpp:969] Failed to read direct MJPEG frame for camera[2]\x1b[0m\n[teleop_server_node-1] \x1b[33m2026-06-09 16:28:39.797 [ WARN] [camera_publisher.cpp:969] Failed to read direct MJPEG frame for camera[2]\x1b[0m\n[teleop_server_node-1] \x1b[33m2026-06-09 16:28:41.797 [ WARN] [camera_publisher.cpp:969] Failed to read direct MJPEG frame for camera[2]\x1b[0m\n[teleop_server_node-1] \x1b[33m2026-06-09 16:28:43.830 [ WARN] [camera_publisher.cpp:969] Failed to read direct MJPEG frame for camera[2]\x1b[0m\n[teleop_server_node-1] \x1b[33m2026-06-09 16:28:45.863 [ WARN] [camera_publisher.cpp:969] Failed to read direct MJPEG frame for camera[2]\x1b[0m\n[teleop_server_node-1] \x1b[33m2026-06-09 16:28:47.863 [ WARN] [camera_publisher.cpp:969] Failed to read direct MJPEG frame for camera[2]\x1b[0m\n[teleop_server_node-1] \x1b[33m2026-06-09 16:28:49.863 [ WARN] [camera_publisher.cpp:969] Failed to read direct MJPEG frame for camera[2]\x1b[0m\n[teleop_server_node-1] \x1b[33m2026-06-09 16:28:51.863 [ WARN] [camera_publisher.cpp:969] Failed to read direct MJPEG frame for camera[2]\x1b[0m\n[teleop_server_node-1] \x1b[33m2026-06-09 16:28:53.897 [ WARN] [camera_publisher.cpp:969] Failed to read direct MJPEG frame for camera[2]\x1b[0m\n[teleop_server_node-1] \x1b[33m2026-06-09 16:28:55.897 [ WARN] [camera_publisher.cpp:969] Failed to read direct MJPEG frame for camera[2]\x1b[0m\n[teleop_server_node-1] \x1b[33m2026-06-09 16:28:57.930 [ WARN] [camera_publisher.cpp:969] Failed to read direct MJPEG frame for camera[2]\x1b[0m\n[teleop_server_node-1] \x1b[33m2026-06-09 16:28:59.930 [ WARN] [camera_publisher.cpp:969] Failed to read direct MJPEG frame for camera[2]\x1b[0m\n[teleop_server_node-1] \x1b[33m2026-06-09 16:29:01.963 [ WARN] [camera_publisher.cpp:969] Failed to read direct MJPEG frame for camera[2]\x1b[0m\n[teleop_server_node-1] \x1b[33m2026-06-09 16:29:03.963 [ WARN] [camera_publisher.cpp:969] Failed to read direct MJPEG frame for camera[2]\x1b[0m\n[teleop_server_node-1] \x1b[33m2026-06-09 16:29:05.997 [ WARN] [camera_publisher.cpp:969] Failed to read direct MJPEG frame for camera[2]\x1b[0m\n[teleop_server_node-1] \x1b[33m2026-06-09 16:29:07.997 [ WARN] [camera_publisher.cpp:969] Failed to read direct MJPEG frame for camera[2]\x1b[0m\n[teleop_server_node-1] \x1b[33m2026-06-09 16:29:10.030 [ WARN] [camera_publisher.cpp:969] Failed to read direct MJPEG frame for camera[2]\x1b[0m\n[teleop_server_node-1] \x1b[33m2026-06-09 16:29:12.030 [ WARN] [camera_publisher.cpp:969] Failed to read direct MJPEG frame for camera[2]\x1b[0m\n[teleop_server_node-1] \x1b[33m2026-06-09 16:29:14.030 [ WARN] [camera_publisher.cpp:969] Failed to read direct MJPEG frame for camera[2]\x1b[0m\n[teleop_server_node-1] \x1b[33m2026-06-09 16:29:16.063 [ WARN] [camera_publisher.cpp:969] Failed to read direct MJPEG frame for camera[2]\x1b[0m\n[teleop_server_node-1] \x1b[33m2026-06-09 16:29:18.097 [ WARN] [camera_publisher.cpp:969] Failed to read direct MJPEG frame for camera[2]\x1b[0m\n[teleop_server_node-1] \x1b[33m2026-06-09 16:29:20.130 [ WARN] [camera_publisher.cpp:969] Failed to read direct MJPEG frame for camera[2]\x1b[0m\n[teleop_server_node-1] \x1b[33m2026-06-09 16:29:22.164 [ WARN] [camera_publisher.cpp:969] Failed to read direct MJPEG frame for camera[2]\x1b[0m\n[teleop_server_node-1] \x1b[33m2026-06-09 16:29:24.197 [ WARN] [camera_publisher.cpp:969] Failed to read direct MJPEG frame for camera[2]\x1b[0m\n[teleop_server_node-1] \x1b[33m2026-06-09 16:29:26.230 [ WARN] [camera_publisher.cpp:969] Failed to read direct MJPEG frame for camera[2]\x1b[0m\n[teleop_server_node-1] \x1b[33m2026-06-09 16:29:28.230 [ WARN] [camera_publisher.cpp:969] Failed to read direct MJPEG frame for camera[2]\x1b[0m\n[teleop_server_node-1] \x1b[33m2026-06-09 16:29:30.263 [ WARN] [camera_publisher.cpp:969] Failed to read direct MJPEG frame for camera[2]\x1b[0m\n[teleop_server_node-1] \x1b[33m2026-06-09 16:29:32.263 [ WARN] [camera_publisher.cpp:969] Failed to read direct MJPEG frame for camera[2]\x1b[0m\n[teleop_server_node-1] \x1b[33m2026-06-09 16:29:34.263 [ WARN] [camera_publisher.cpp:969] Failed to read direct MJPEG frame for camera[2]\x1b[0m\n[teleop_server_node-1] \x1b[33m2026-06-09 16:29:36.297 [ WARN] [camera_publisher.cpp:969] Failed to read direct MJPEG frame for camera[2]\x1b[0m\n[teleop_server_node-1] \x1b[33m2026-06-09 16:29:38.297 [ WARN] [camera_publisher.cpp:969] Failed to read direct MJPEG frame for camera[2]\x1b[0m\n[teleop_server_node-1] \x1b[33m2026-06-09 16:29:40.330 [ WARN] [camera_publisher.cpp:969] Failed to read direct MJPEG frame for camera[2]\x1b[0m\n[teleop_server_node-1] \x1b[33m2026-06-09 16:29:42.363 [ WARN] [camera_publisher.cpp:969] Failed to read direct MJPEG frame for camera[2]\x1b[0m\n[teleop_server_node-1] \x1b[33m2026-06-09 16:29:44.397 [ WARN] [camera_publisher.cpp:969] Failed to read direct MJPEG frame for camera[2]\x1b[0m\n[teleop_server_node-1] \x1b[33m2026-06-09 16:29:46.397 [ WARN] [camera_publisher.cpp:969] Failed to read direct MJPEG frame for camera[2]\x1b[0m\n[teleop_server_node-1] \x1b[33m2026-06-09 16:29:48.397 [ WARN] [camera_publisher.cpp:969] Failed to read direct MJPEG frame for camera[2]\x1b[0m\n[teleop_server_node-1] \x1b[33m2026-06-09 16:29:50.430 [ WARN] [camera_publisher.cpp:969] Failed to read direct MJPEG frame for camera[2]\x1b[0m\n[teleop_server_node-1] \x1b[33m2026-06-09 16:29:52.463 [ WARN] [camera_publisher.cpp:969] Failed to read direct MJPEG frame for camera[2]\x1b[0m\n[teleop_server_node-1] \x1b[33m2026-06-09 16:29:54.497 [ WARN] [camera_publisher.cpp:969] Failed to read direct MJPEG frame for camera[2]\x1b[0m\n[teleop_server_node-1] \x1b[33m2026-06-09 16:29:56.530 [ WARN] [camera_publisher.cpp:969] Failed to read direct MJPEG frame for camera[2]\x1b[0m\n[teleop_server_node-1] \x1b[33m2026-06-09 16:29:58.530 [ WARN] [camera_publisher.cpp:969] Failed to read direct MJPEG frame for camera[2]\x1b[0m\n[teleop_server_node-1] \x1b[33m2026-06-09 16:30:00.563 [ WARN] [camera_publisher.cpp:969] Failed to read direct MJPEG frame for camera[2]\x1b[0m\n[teleop_server_node-1] \x1b[33m2026-06-09 16:30:02.597 [ WARN] [camera_publisher.cpp:969] Failed to read direct MJPEG frame for camera[2]\x1b[0m\n[teleop_server_node-1] \x1b[33m2026-06-09 16:30:04.597 [ WARN] [camera_publisher.cpp:969] Failed to read direct MJPEG frame for camera[2]\x1b[0m\n[teleop_server_node-1] \x1b[33m2026-06-09 16:30:06.630 [ WARN] [camera_publisher.cpp:969] Failed to read direct MJPEG frame for camera[2]\x1b[0m', 'stdout': '[teleop_server_node-1] \x1b[33m2026-06-09 16:26:48.730 [ WARN] [camera_publisher.cpp:969] Failed to read direct MJPEG frame for camera[2]\x1b[0m\n[teleop_server_node-1] \x1b[33m2026-06-09 16:26:50.763 [ WARN] [camera_publisher.cpp:969] Failed to read direct MJPEG frame for camera[2]\x1b[0m\n[teleop_server_node-1] \x1b[33m2026-06-09 16:26:52.763 [ WARN] [camera_publisher.cpp:969] Failed to read direct MJPEG frame for camera[2]\x1b[0m\n[teleop_server_node-1] \x1b[33m2026-06-09 16:26:54.763 [ WARN] [camera_publisher.cpp:969] Failed to read direct MJPEG frame for camera[2]\x1b[0m\n[teleop_server_node-1] \x1b[33m2026-06-09 16:26:56.764 [ WARN] [camera_publisher.cpp:969] Failed to read direct MJPEG frame for camera[2]\x1b[0m\n[teleop_server_node-1] \x1b[33m2026-06-09 16:26:58.797 [ WARN] [camera_publisher.cpp:969] Failed to read direct MJPEG frame for camera[2]\x1b[0m\n[teleop_server_node-1] \x1b[33m2026-06-09 16:27:00.830 [ WARN] [camera_publisher.cpp:969] Failed to read direct MJPEG frame for camera[2]\x1b[0m\n[teleop_server_node-1] \x1b[33m2026-06-09 16:27:02.830 [ WARN] [camera_publisher.cpp:969] Failed to read direct MJPEG frame for camera[2]\x1b[0m\n[teleop_server_node-1] \x1b[33m2026-06-09 16:27:04.830 [ WARN] [camera_publisher.cpp:969] Failed to read direct MJPEG frame for camera[2]\x1b[0m\n[teleop_server_node-1] \x1b[33m2026-06-09 16:27:06.863 [ WARN] [camera_publisher.cpp:969] Failed to read direct MJPEG frame for camera[2]\x1b[0m\n[teleop_server_node-1] \x1b[33m2026-06-09 16:27:08.863 [ WARN] [camera_publisher.cpp:969] Failed to read direct MJPEG frame for camera[2]\x1b[0m\n[teleop_server_node-1] \x1b[33m2026-06-09 16:27:10.897 [ WARN] [camera_publisher.cpp:969] Failed to read direct MJPEG frame for camera[2]\x1b[0m\n[teleop_server_node-1] \x1b[33m2026-06-09 16:27:12.930 [ WARN] [camera_publisher.cpp:969] Failed to read direct MJPEG frame for camera[2]\x1b[0m\n[teleop_server_node-1] \x1b[33m2026-06-09 16:27:14.930 [ WARN] [camera_publisher.cpp:969] Failed to read direct MJPEG frame for camera[2]\x1b[0m\n[teleop_server_node-1] \x1b[33m2026-06-09 16:27:16.963 [ WARN] [camera_publisher.cpp:969] Failed to read direct MJPEG frame for camera[2]\x1b[0m\n[teleop_server_node-1] \x1b[33m2026-06-09 16:27:18.997 [ WARN] [camera_publisher.cpp:969] Failed to read direct MJPEG frame for camera[2]\x1b[0m\n[teleop_server_node-1] \x1b[33m2026-06-09 16:27:20.997 [ WARN] [camera_publisher.cpp:969] Failed to read direct MJPEG frame for camera[2]\x1b[0m\n[teleop_server_node-1] \x1b[33m2026-06-09 16:27:23.030 [ WARN] [camera_publisher.cpp:969] Failed to read direct MJPEG frame for camera[2]\x1b[0m\n[teleop_server_node-1] \x1b[33m2026-06-09 16:27:25.063 [ WARN] [camera_publisher.cpp:969] Failed to read direct MJPEG frame for camera[2]\x1b[0m\n[teleop_server_node-1] \x1b[33m2026-06-09 16:27:27.097 [ WARN] [camera_publisher.cpp:969] Failed to read direct MJPEG frame for camera[2]\x1b[0m\n[teleop_server_node-1] \x1b[33m2026-06-09 16:27:29.097 [ WARN] [camera_publisher.cpp:969] Failed to read direct MJPEG frame for camera[2]\x1b[0m\n[teleop_server_node-1] \x1b[33m2026-06-09 16:27:31.130 [ WARN] [camera_publisher.cpp:969] Failed to read direct MJPEG frame for camera[2]\x1b[0m\n[teleop_server_node-1] \x1b[33m2026-06-09 16:27:33.130 [ WARN] [camera_publisher.cpp:969] Failed to read direct MJPEG frame for camera[2]\x1b[0m\n[teleop_server_node-1] \x1b[33m2026-06-09 16:27:35.163 [ WARN] [camera_publisher.cpp:969] Failed to read direct MJPEG frame for camera[2]\x1b[0m\n[teleop_server_node-1] \x1b[33m2026-06-09 16:27:37.197 [ WARN] [camera_publisher.cpp:969] Failed to read direct MJPEG frame for camera[2]\x1b[0m\n[teleop_server_node-1] \x1b[33m2026-06-09 16:27:39.230 [ WARN] [camera_publisher.cpp:969] Failed to read direct MJPEG frame for camera[2]\x1b[0m\n[teleop_server_node-1] \x1b[33m2026-06-09 16:27:41.263 [ WARN] [camera_publisher.cpp:969] Failed to read direct MJPEG frame for camera[2]\x1b[0m\n[teleop_server_node-1] \x1b[33m2026-06-09 16:27:43.263 [ WARN] [camera_publisher.cpp:969] Failed to read direct MJPEG frame for camera[2]\x1b[0m\n[teleop_server_node-1] \x1b[33m2026-06-09 16:27:45.263 [ WARN] [camera_publisher.cpp:969] Failed to read direct MJPEG frame for camera[2]\x1b[0m\n[teleop_server_node-1] \x1b[33m2026-06-09 16:27:47.297 [ WARN] [camera_publisher.cpp:969] Failed to read direct MJPEG frame for camera[2]\x1b[0m\n[teleop_server_node-1] \x1b[33m2026-06-09 16:27:49.297 [ WARN] [camera_publisher.cpp:969] Failed to read direct MJPEG frame for camera[2]\x1b[0m\n[teleop_server_node-1] \x1b[33m2026-06-09 16:27:51.330 [ WARN] [camera_publisher.cpp:969] Failed to read direct MJPEG frame for camera[2]\x1b[0m\n[teleop_server_node-1] \x1b[33m2026-06-09 16:27:53.363 [ WARN] [camera_publisher.cpp:969] Failed to read direct MJPEG frame for camera[2]\x1b[0m\n[teleop_server_node-1] \x1b[33m2026-06-09 16:27:55.363 [ WARN] [camera_publisher.cpp:969] Failed to read direct MJPEG frame for camera[2]\x1b[0m\n[teleop_server_node-1] \x1b[33m2026-06-09 16:27:57.397 [ WARN] [camera_publisher.cpp:969] Failed to read direct MJPEG frame for camera[2]\x1b[0m\n[teleop_server_node-1] \x1b[33m2026-06-09 16:27:59.430 [ WARN] [camera_publisher.cpp:969] Failed to read direct MJPEG frame for camera[2]\x1b[0m\n[teleop_server_node-1] \x1b[33m2026-06-09 16:28:01.463 [ WARN] [camera_publisher.cpp:969] Failed to read direct MJPEG frame for camera[2]\x1b[0m\n[teleop_server_node-1] \x1b[33m2026-06-09 16:28:03.463 [ WARN] [camera_publisher.cpp:969] Failed to read direct MJPEG frame for camera[2]\x1b[0m\n[teleop_server_node-1] \x1b[33m2026-06-09 16:28:05.463 [ WARN] [camera_publisher.cpp:969] Failed to read direct MJPEG frame for camera[2]\x1b[0m\n[teleop_server_node-1] \x1b[33m2026-06-09 16:28:07.497 [ WARN] [camera_publisher.cpp:969] Failed to read direct MJPEG frame for camera[2]\x1b[0m\n[teleop_server_node-1] \x1b[33m2026-06-09 16:28:09.530 [ WARN] [camera_publisher.cpp:969] Failed to read direct MJPEG frame for camera[2]\x1b[0m\n[teleop_server_node-1] \x1b[33m2026-06-09 16:28:11.530 [ WARN] [camera_publisher.cpp:969] Failed to read direct MJPEG frame for camera[2]\x1b[0m\n[teleop_server_node-1] \x1b[33m2026-06-09 16:28:13.563 [ WARN] [camera_publisher.cpp:969] Failed to read direct MJPEG frame for camera[2]\x1b[0m\n[teleop_server_node-1] \x1b[33m2026-06-09 16:28:15.597 [ WARN] [camera_publisher.cpp:969] Failed to read direct MJPEG frame for camera[2]\x1b[0m\n[teleop_server_node-1] \x1b[33m2026-06-09 16:28:17.630 [ WARN] [camera_publisher.cpp:969] Failed to read direct MJPEG frame for camera[2]\x1b[0m\n[teleop_server_node-1] \x1b[33m2026-06-09 16:28:19.630 [ WARN] [camera_publisher.cpp:969] Failed to read direct MJPEG frame for camera[2]\x1b[0m\n[teleop_server_node-1] \x1b[33m2026-06-09 16:28:21.630 [ WARN] [camera_publisher.cpp:969] Failed to read direct MJPEG frame for camera[2]\x1b[0m\n[teleop_server_node-1] \x1b[33m2026-06-09 16:28:23.663 [ WARN] [camera_publisher.cpp:969] Failed to read direct MJPEG frame for camera[2]\x1b[0m\n[teleop_server_node-1] \x1b[33m2026-06-09 16:28:25.697 [ WARN] [camera_publisher.cpp:969] Failed to read direct MJPEG frame for camera[2]\x1b[0m\n[teleop_server_node-1] \x1b[33m2026-06-09 16:28:27.730 [ WARN] [camera_publisher.cpp:969] Failed to read direct MJPEG frame for camera[2]\x1b[0m\n[teleop_server_node-1] \x1b[33m2026-06-09 16:28:29.763 [ WARN] [camera_publisher.cpp:969] Failed to read direct MJPEG frame for camera[2]\x1b[0m\n[teleop_server_node-1] \x1b[33m2026-06-09 16:28:31.763 [ WARN] [camera_publisher.cpp:969] Failed to read direct MJPEG frame for camera[2]\x1b[0m\n[teleop_server_node-1] \x1b[33m2026-06-09 16:28:33.763 [ WARN] [camera_publisher.cpp:969] Failed to read direct MJPEG frame for camera[2]\x1b[0m\n[teleop_server_node-1] \x1b[33m2026-06-09 16:28:35.763 [ WARN] [camera_publisher.cpp:969] Failed to read direct MJPEG frame for camera[2]\x1b[0m\n[teleop_server_node-1] \x1b[33m2026-06-09 16:28:37.797 [ WARN] [camera_publisher.cpp:969] Failed to read direct MJPEG frame for camera[2]\x1b[0m\n[teleop_server_node-1] \x1b[33m2026-06-09 16:28:39.797 [ WARN] [camera_publisher.cpp:969] Failed to read direct MJPEG frame for camera[2]\x1b[0m\n[teleop_server_node-1] \x1b[33m2026-06-09 16:28:41.797 [ WARN] [camera_publisher.cpp:969] Failed to read direct MJPEG frame for camera[2]\x1b[0m\n[teleop_server_node-1] \x1b[33m2026-06-09 16:28:43.830 [ WARN] [camera_publisher.cpp:969] Failed to read direct MJPEG frame for camera[2]\x1b[0m\n[teleop_server_node-1] \x1b[33m2026-06-09 16:28:45.863 [ WARN] [camera_publisher.cpp:969] Failed to read direct MJPEG frame for camera[2]\x1b[0m\n[teleop_server_node-1] \x1b[33m2026-06-09 16:28:47.863 [ WARN] [camera_publisher.cpp:969] Failed to read direct MJPEG frame for camera[2]\x1b[0m\n[teleop_server_node-1] \x1b[33m2026-06-09 16:28:49.863 [ WARN] [camera_publisher.cpp:969] Failed to read direct MJPEG frame for camera[2]\x1b[0m\n[teleop_server_node-1] \x1b[33m2026-06-09 16:28:51.863 [ WARN] [camera_publisher.cpp:969] Failed to read direct MJPEG frame for camera[2]\x1b[0m\n[teleop_server_node-1] \x1b[33m2026-06-09 16:28:53.897 [ WARN] [camera_publisher.cpp:969] Failed to read direct MJPEG frame for camera[2]\x1b[0m\n[teleop_server_node-1] \x1b[33m2026-06-09 16:28:55.897 [ WARN] [camera_publisher.cpp:969] Failed to read direct MJPEG frame for camera[2]\x1b[0m\n[teleop_server_node-1] \x1b[33m2026-06-09 16:28:57.930 [ WARN] [camera_publisher.cpp:969] Failed to read direct MJPEG frame for camera[2]\x1b[0m\n[teleop_server_node-1] \x1b[33m2026-06-09 16:28:59.930 [ WARN] [camera_publisher.cpp:969] Failed to read direct MJPEG frame for camera[2]\x1b[0m\n[teleop_server_node-1] \x1b[33m2026-06-09 16:29:01.963 [ WARN] [camera_publisher.cpp:969] Failed to read direct MJPEG frame for camera[2]\x1b[0m\n[teleop_server_node-1] \x1b[33m2026-06-09 16:29:03.963 [ WARN] [camera_publisher.cpp:969] Failed to read direct MJPEG frame for camera[2]\x1b[0m\n[teleop_server_node-1] \x1b[33m2026-06-09 16:29:05.997 [ WARN] [camera_publisher.cpp:969] Failed to read direct MJPEG frame for camera[2]\x1b[0m\n[teleop_server_node-1] \x1b[33m2026-06-09 16:29:07.997 [ WARN] [camera_publisher.cpp:969] Failed to read direct MJPEG frame for camera[2]\x1b[0m\n[teleop_server_node-1] \x1b[33m2026-06-09 16:29:10.030 [ WARN] [camera_publisher.cpp:969] Failed to read direct MJPEG frame for camera[2]\x1b[0m\n[teleop_server_node-1] \x1b[33m2026-06-09 16:29:12.030 [ WARN] [camera_publisher.cpp:969] Failed to read direct MJPEG frame for camera[2]\x1b[0m\n[teleop_server_node-1] \x1b[33m2026-06-09 16:29:14.030 [ WARN] [camera_publisher.cpp:969] Failed to read direct MJPEG frame for camera[2]\x1b[0m\n[teleop_server_node-1] \x1b[33m2026-06-09 16:29:16.063 [ WARN] [camera_publisher.cpp:969] Failed to read direct MJPEG frame for camera[2]\x1b[0m\n[teleop_server_node-1] \x1b[33m2026-06-09 16:29:18.097 [ WARN] [camera_publisher.cpp:969] Failed to read direct MJPEG frame for camera[2]\x1b[0m\n[teleop_server_node-1] \x1b[33m2026-06-09 16:29:20.130 [ WARN] [camera_publisher.cpp:969] Failed to read direct MJPEG frame for camera[2]\x1b[0m\n[teleop_server_node-1] \x1b[33m2026-06-09 16:29:22.164 [ WARN] [camera_publisher.cpp:969] Failed to read direct MJPEG frame for camera[2]\x1b[0m\n[teleop_server_node-1] \x1b[33m2026-06-09 16:29:24.197 [ WARN] [camera_publisher.cpp:969] Failed to read direct MJPEG frame for camera[2]\x1b[0m\n[teleop_server_node-1] \x1b[33m2026-06-09 16:29:26.230 [ WARN] [camera_publisher.cpp:969] Failed to read direct MJPEG frame for camera[2]\x1b[0m\n[teleop_server_node-1] \x1b[33m2026-06-09 16:29:28.230 [ WARN] [camera_publisher.cpp:969] Failed to read direct MJPEG frame for camera[2]\x1b[0m\n[teleop_server_node-1] \x1b[33m2026-06-09 16:29:30.263 [ WARN] [camera_publisher.cpp:969] Failed to read direct MJPEG frame for camera[2]\x1b[0m\n[teleop_server_node-1] \x1b[33m2026-06-09 16:29:32.263 [ WARN] [camera_publisher.cpp:969] Failed to read direct MJPEG frame for camera[2]\x1b[0m\n[teleop_server_node-1] \x1b[33m2026-06-09 16:29:34.263 [ WARN] [camera_publisher.cpp:969] Failed to read direct MJPEG frame for camera[2]\x1b[0m\n[teleop_server_node-1] \x1b[33m2026-06-09 16:29:36.297 [ WARN] [camera_publisher.cpp:969] Failed to read direct MJPEG frame for camera[2]\x1b[0m\n[teleop_server_node-1] \x1b[33m2026-06-09 16:29:38.297 [ WARN] [camera_publisher.cpp:969] Failed to read direct MJPEG frame for camera[2]\x1b[0m\n[teleop_server_node-1] \x1b[33m2026-06-09 16:29:40.330 [ WARN] [camera_publisher.cpp:969] Failed to read direct MJPEG frame for camera[2]\x1b[0m\n[teleop_server_node-1] \x1b[33m2026-06-09 16:29:42.363 [ WARN] [camera_publisher.cpp:969] Failed to read direct MJPEG frame for camera[2]\x1b[0m\n[teleop_server_node-1] \x1b[33m2026-06-09 16:29:44.397 [ WARN] [camera_publisher.cpp:969] Failed to read direct MJPEG frame for camera[2]\x1b[0m\n[teleop_server_node-1] \x1b[33m2026-06-09 16:29:46.397 [ WARN] [camera_publisher.cpp:969] Failed to read direct MJPEG frame for camera[2]\x1b[0m\n[teleop_server_node-1] \x1b[33m2026-06-09 16:29:48.397 [ WARN] [camera_publisher.cpp:969] Failed to read direct MJPEG frame for camera[2]\x1b[0m\n[teleop_server_node-1] \x1b[33m2026-06-09 16:29:50.430 [ WARN] [camera_publisher.cpp:969] Failed to read direct MJPEG frame for camera[2]\x1b[0m\n[teleop_server_node-1] \x1b[33m2026-06-09 16:29:52.463 [ WARN] [camera_publisher.cpp:969] Failed to read direct MJPEG frame for camera[2]\x1b[0m\n[teleop_server_node-1] \x1b[33m2026-06-09 16:29:54.497 [ WARN] [camera_publisher.cpp:969] Failed to read direct MJPEG frame for camera[2]\x1b[0m\n[teleop_server_node-1] \x1b[33m2026-06-09 16:29:56.530 [ WARN] [camera_publisher.cpp:969] Failed to read direct MJPEG frame for camera[2]\x1b[0m\n[teleop_server_node-1] \x1b[33m2026-06-09 16:29:58.530 [ WARN] [camera_publisher.cpp:969] Failed to read direct MJPEG frame for camera[2]\x1b[0m\n[teleop_server_node-1] \x1b[33m2026-06-09 16:30:00.563 [ WARN] [camera_publisher.cpp:969] Failed to read direct MJPEG frame for camera[2]\x1b[0m\n[teleop_server_node-1] \x1b[33m2026-06-09 16:30:02.597 [ WARN] [camera_publisher.cpp:969] Failed to read direct MJPEG frame for camera[2]\x1b[0m\n[teleop_server_node-1] \x1b[33m2026-06-09 16:30:04.597 [ WARN] [camera_publisher.cpp:969] Failed to read direct MJPEG frame for camera[2]\x1b[0m\n[teleop_server_node-1] \x1b[33m2026-06-09 16:30:06.630 [ WARN] [camera_publisher.cpp:969] Failed to read direct MJPEG frame for camera[2]\x1b[0m', 'stderr': '', 'reason': 'cos_teleop 服务正在运行，但日志中存在相机读取或初始化异常。', 'suggestion': '请尝试重启 cos_teleop.service；如果仍异常，请检查相机 Type-C 连接、udev 映射、相机设备状态或相机是否被占用。'})[0m
[0;32mok: [g1_robot_069] => (item={'name': 'brainco source directory', 'status': 'OK', 'detail': '/home/unitree/g1_setup/brainco_hand_service'})[0m
[0;32mok: [g1_robot_069] => (item={'name': 'brainco bin directory', 'status': 'OK', 'detail': '/home/unitree/g1_setup/brainco_hand_service/bin'})[0m
[0;32mok: [g1_robot_069] => (item={'name': 'brainco server binary', 'status': 'OK', 'detail': '/home/unitree/g1_setup/brainco_hand_service/bin/brainco_hand_server'})[0m
[0;32mok: [g1_robot_069] => (item={'name': 'brainco test binary', 'status': 'OK', 'detail': '/home/unitree/g1_setup/brainco_hand_service/bin/test_brainco_hand_server'})[0m
[0;32mok: [g1_robot_069] => (item={'name': 'brainco sdk library', 'status': 'OK', 'detail': '/home/unitree/g1_setup/brainco_hand_service/lib/aarch64/libbc_stark_sdk.so'})[0m
[0;32mok: [g1_robot_069] => (item={'name': 'brainco systemd unit file', 'status': 'OK', 'detail': '/etc/systemd/system/brainco_hand.service'})[0m
[0;32mok: [g1_robot_069] => (item={'name': 'brainco server executable', 'status': 'OK', 'detail': '/home/unitree/g1_setup/brainco_hand_service/bin/brainco_hand_server'})[0m
[0;32mok: [g1_robot_069] => (item={'name': 'brainco shared libraries', 'status': 'OK', 'detail': 'ldd rc=0'})[0m
[0;32mok: [g1_robot_069] => (item={'name': 'brainco service enabled', 'status': 'OK', 'detail': 'enabled'})[0m
[0;32mok: [g1_robot_069] => (item={'name': 'brainco service active', 'status': 'OK', 'detail': 'active', 'stdout': '\n--- systemctl status ---\n\n--- journalctl -u brainco_hand.service -n 50 ---\n', 'stderr': '\n--- systemctl status stderr ---\n\n--- journalctl stderr ---\n'})[0m
[0;32mok: [g1_robot_069] => (item={'name': 'brainco hand binding', 'status': 'OK', 'detail': 'Brainco left/right hands bound and workers started', 'stdout': 'Started Brainco Hand Service Start.\n[1970-02-03 06:50:42.944] [info] Available Serial Ports: /dev/ttyUSB3, /dev/ttyUSB2, /dev/ttyUSB1, /dev/ttyUSB0\n[1970-02-03 06:50:42.944] [info] Trying port for left hand from /dev/ttyUSB3 port\n[1970-02-03 06:50:43.158] [warning] Failed to get device info from /dev/ttyUSB3 port\n[1970-02-03 06:50:43.159] [info] Trying port for left hand from /dev/ttyUSB2 port\n[1970-02-03 06:50:43.365] [warning] Failed to get device info from /dev/ttyUSB2 port\n[1970-02-03 06:50:43.368] [info] Trying port for left hand from /dev/ttyUSB1 port\n[1970-02-03 06:50:43.377] [info] left hand bound to /dev/ttyUSB1 port\n[1970-02-03 06:50:43.377] [info] Trying port for right hand from /dev/ttyUSB3 port\n[1970-02-03 06:50:43.585] [warning] Failed to get device info from /dev/ttyUSB3 port\n[1970-02-03 06:50:43.588] [info] Trying port for right hand from /dev/ttyUSB2 port\n[1970-02-03 06:50:43.608] [info] right hand bound to /dev/ttyUSB2 port\n[1970-02-03 06:50:43.608] [info] 🚀 Starting worker for left (slave 126)\n[1970-02-03 06:50:43.608] [info] 🚀 Starting worker for right (slave 127)\nStopping Brainco Hand Service Start...\nbrainco_hand.service: Succeeded.\nStopped Brainco Hand Service Start.\nStarted Brainco Hand Service Start.\n[2026-06-09 15:43:20.754] [info] Available Serial Ports: /dev/ttyUSB3, /dev/ttyUSB2, /dev/ttyUSB1, /dev/ttyUSB0\n[2026-06-09 15:43:20.754] [info] Trying port for left hand from /dev/ttyUSB3 port\n[2026-06-09 15:43:20.964] [warning] Failed to get device info from /dev/ttyUSB3 port\n[2026-06-09 15:43:20.967] [info] Trying port for left hand from /dev/ttyUSB2 port\n[2026-06-09 15:43:21.173] [warning] Failed to get device info from /dev/ttyUSB2 port\n[2026-06-09 15:43:21.176] [info] Trying port for left hand from /dev/ttyUSB1 port\n[2026-06-09 15:43:21.191] [info] left hand bound to /dev/ttyUSB1 port\n[2026-06-09 15:43:21.191] [info] Trying port for right hand from /dev/ttyUSB3 port\n[2026-06-09 15:43:21.399] [warning] Failed to get device info from /dev/ttyUSB3 port\n[2026-06-09 15:43:21.402] [info] Trying port for right hand from /dev/ttyUSB2 port\n[2026-06-09 15:43:21.426] [info] right hand bound to /dev/ttyUSB2 port\n[2026-06-09 15:43:21.426] [info] 🚀 Starting worker for left (slave 126)\n[2026-06-09 15:43:21.426] [info] 🚀 Starting worker for right (slave 127)', 'stderr': '', 'reason': '', 'suggestion': ''})[0m

TASK [Use enriched check results for report] ***********************************
[0;32mok: [g1_robot_069][0m

TASK [Calculate check counters] ************************************************
[0;32mok: [g1_robot_069][0m

TASK [Calculate overall status] ************************************************
[0;32mok: [g1_robot_069][0m

TASK [Initialize report card issues] *******************************************
[0;32mok: [g1_robot_069][0m

TASK [Add check issues to report card] *****************************************
[0;32mok: [g1_robot_069] => (item={'name': '/dev/cam_wrist_right', 'status': 'WARN', 'detail': '/dev/cam_wrist_right', 'reason': 'Camera device symlink does not exist.', 'suggestion': 'Check camera connection and udev rules. If wrist cameras are not required for this robot, this warning can be ignored.'})[0m
[0;32mok: [g1_robot_069] => (item={'name': 'cos_teleop camera log', 'status': 'WARN', 'detail': '[teleop_server_node-1] \x1b[33m2026-06-09 16:26:48.730 [ WARN] [camera_publisher.cpp:969] Failed to read direct MJPEG frame for camera[2]\x1b[0m\n[teleop_server_node-1] \x1b[33m2026-06-09 16:26:50.763 [ WARN] [camera_publisher.cpp:969] Failed to read direct MJPEG frame for camera[2]\x1b[0m\n[teleop_server_node-1] \x1b[33m2026-06-09 16:26:52.763 [ WARN] [camera_publisher.cpp:969] Failed to read direct MJPEG frame for camera[2]\x1b[0m\n[teleop_server_node-1] \x1b[33m2026-06-09 16:26:54.763 [ WARN] [camera_publisher.cpp:969] Failed to read direct MJPEG frame for camera[2]\x1b[0m\n[teleop_server_node-1] \x1b[33m2026-06-09 16:26:56.764 [ WARN] [camera_publisher.cpp:969] Failed to read direct MJPEG frame for camera[2]\x1b[0m\n[teleop_server_node-1] \x1b[33m2026-06-09 16:26:58.797 [ WARN] [camera_publisher.cpp:969] Failed to read direct MJPEG frame for camera[2]\x1b[0m\n[teleop_server_node-1] \x1b[33m2026-06-09 16:27:00.830 [ WARN] [camera_publisher.cpp:969] Failed to read direct MJPEG frame for camera[2]\x1b[0m\n[teleop_server_node-1] \x1b[33m2026-06-09 16:27:02.830 [ WARN] [camera_publisher.cpp:969] Failed to read direct MJPEG frame for camera[2]\x1b[0m\n[teleop_server_node-1] \x1b[33m2026-06-09 16:27:04.830 [ WARN] [camera_publisher.cpp:969] Failed to read direct MJPEG frame for camera[2]\x1b[0m\n[teleop_server_node-1] \x1b[33m2026-06-09 16:27:06.863 [ WARN] [camera_publisher.cpp:969] Failed to read direct MJPEG frame for camera[2]\x1b[0m\n[teleop_server_node-1] \x1b[33m2026-06-09 16:27:08.863 [ WARN] [camera_publisher.cpp:969] Failed to read direct MJPEG frame for camera[2]\x1b[0m\n[teleop_server_node-1] \x1b[33m2026-06-09 16:27:10.897 [ WARN] [camera_publisher.cpp:969] Failed to read direct MJPEG frame for camera[2]\x1b[0m\n[teleop_server_node-1] \x1b[33m2026-06-09 16:27:12.930 [ WARN] [camera_publisher.cpp:969] Failed to read direct MJPEG frame for camera[2]\x1b[0m\n[teleop_server_node-1] \x1b[33m2026-06-09 16:27:14.930 [ WARN] [camera_publisher.cpp:969] Failed to read direct MJPEG frame for camera[2]\x1b[0m\n[teleop_server_node-1] \x1b[33m2026-06-09 16:27:16.963 [ WARN] [camera_publisher.cpp:969] Failed to read direct MJPEG frame for camera[2]\x1b[0m\n[teleop_server_node-1] \x1b[33m2026-06-09 16:27:18.997 [ WARN] [camera_publisher.cpp:969] Failed to read direct MJPEG frame for camera[2]\x1b[0m\n[teleop_server_node-1] \x1b[33m2026-06-09 16:27:20.997 [ WARN] [camera_publisher.cpp:969] Failed to read direct MJPEG frame for camera[2]\x1b[0m\n[teleop_server_node-1] \x1b[33m2026-06-09 16:27:23.030 [ WARN] [camera_publisher.cpp:969] Failed to read direct MJPEG frame for camera[2]\x1b[0m\n[teleop_server_node-1] \x1b[33m2026-06-09 16:27:25.063 [ WARN] [camera_publisher.cpp:969] Failed to read direct MJPEG frame for camera[2]\x1b[0m\n[teleop_server_node-1] \x1b[33m2026-06-09 16:27:27.097 [ WARN] [camera_publisher.cpp:969] Failed to read direct MJPEG frame for camera[2]\x1b[0m\n[teleop_server_node-1] \x1b[33m2026-06-09 16:27:29.097 [ WARN] [camera_publisher.cpp:969] Failed to read direct MJPEG frame for camera[2]\x1b[0m\n[teleop_server_node-1] \x1b[33m2026-06-09 16:27:31.130 [ WARN] [camera_publisher.cpp:969] Failed to read direct MJPEG frame for camera[2]\x1b[0m\n[teleop_server_node-1] \x1b[33m2026-06-09 16:27:33.130 [ WARN] [camera_publisher.cpp:969] Failed to read direct MJPEG frame for camera[2]\x1b[0m\n[teleop_server_node-1] \x1b[33m2026-06-09 16:27:35.163 [ WARN] [camera_publisher.cpp:969] Failed to read direct MJPEG frame for camera[2]\x1b[0m\n[teleop_server_node-1] \x1b[33m2026-06-09 16:27:37.197 [ WARN] [camera_publisher.cpp:969] Failed to read direct MJPEG frame for camera[2]\x1b[0m\n[teleop_server_node-1] \x1b[33m2026-06-09 16:27:39.230 [ WARN] [camera_publisher.cpp:969] Failed to read direct MJPEG frame for camera[2]\x1b[0m\n[teleop_server_node-1] \x1b[33m2026-06-09 16:27:41.263 [ WARN] [camera_publisher.cpp:969] Failed to read direct MJPEG frame for camera[2]\x1b[0m\n[teleop_server_node-1] \x1b[33m2026-06-09 16:27:43.263 [ WARN] [camera_publisher.cpp:969] Failed to read direct MJPEG frame for camera[2]\x1b[0m\n[teleop_server_node-1] \x1b[33m2026-06-09 16:27:45.263 [ WARN] [camera_publisher.cpp:969] Failed to read direct MJPEG frame for camera[2]\x1b[0m\n[teleop_server_node-1] \x1b[33m2026-06-09 16:27:47.297 [ WARN] [camera_publisher.cpp:969] Failed to read direct MJPEG frame for camera[2]\x1b[0m\n[teleop_server_node-1] \x1b[33m2026-06-09 16:27:49.297 [ WARN] [camera_publisher.cpp:969] Failed to read direct MJPEG frame for camera[2]\x1b[0m\n[teleop_server_node-1] \x1b[33m2026-06-09 16:27:51.330 [ WARN] [camera_publisher.cpp:969] Failed to read direct MJPEG frame for camera[2]\x1b[0m\n[teleop_server_node-1] \x1b[33m2026-06-09 16:27:53.363 [ WARN] [camera_publisher.cpp:969] Failed to read direct MJPEG frame for camera[2]\x1b[0m\n[teleop_server_node-1] \x1b[33m2026-06-09 16:27:55.363 [ WARN] [camera_publisher.cpp:969] Failed to read direct MJPEG frame for camera[2]\x1b[0m\n[teleop_server_node-1] \x1b[33m2026-06-09 16:27:57.397 [ WARN] [camera_publisher.cpp:969] Failed to read direct MJPEG frame for camera[2]\x1b[0m\n[teleop_server_node-1] \x1b[33m2026-06-09 16:27:59.430 [ WARN] [camera_publisher.cpp:969] Failed to read direct MJPEG frame for camera[2]\x1b[0m\n[teleop_server_node-1] \x1b[33m2026-06-09 16:28:01.463 [ WARN] [camera_publisher.cpp:969] Failed to read direct MJPEG frame for camera[2]\x1b[0m\n[teleop_server_node-1] \x1b[33m2026-06-09 16:28:03.463 [ WARN] [camera_publisher.cpp:969] Failed to read direct MJPEG frame for camera[2]\x1b[0m\n[teleop_server_node-1] \x1b[33m2026-06-09 16:28:05.463 [ WARN] [camera_publisher.cpp:969] Failed to read direct MJPEG frame for camera[2]\x1b[0m\n[teleop_server_node-1] \x1b[33m2026-06-09 16:28:07.497 [ WARN] [camera_publisher.cpp:969] Failed to read direct MJPEG frame for camera[2]\x1b[0m\n[teleop_server_node-1] \x1b[33m2026-06-09 16:28:09.530 [ WARN] [camera_publisher.cpp:969] Failed to read direct MJPEG frame for camera[2]\x1b[0m\n[teleop_server_node-1] \x1b[33m2026-06-09 16:28:11.530 [ WARN] [camera_publisher.cpp:969] Failed to read direct MJPEG frame for camera[2]\x1b[0m\n[teleop_server_node-1] \x1b[33m2026-06-09 16:28:13.563 [ WARN] [camera_publisher.cpp:969] Failed to read direct MJPEG frame for camera[2]\x1b[0m\n[teleop_server_node-1] \x1b[33m2026-06-09 16:28:15.597 [ WARN] [camera_publisher.cpp:969] Failed to read direct MJPEG frame for camera[2]\x1b[0m\n[teleop_server_node-1] \x1b[33m2026-06-09 16:28:17.630 [ WARN] [camera_publisher.cpp:969] Failed to read direct MJPEG frame for camera[2]\x1b[0m\n[teleop_server_node-1] \x1b[33m2026-06-09 16:28:19.630 [ WARN] [camera_publisher.cpp:969] Failed to read direct MJPEG frame for camera[2]\x1b[0m\n[teleop_server_node-1] \x1b[33m2026-06-09 16:28:21.630 [ WARN] [camera_publisher.cpp:969] Failed to read direct MJPEG frame for camera[2]\x1b[0m\n[teleop_server_node-1] \x1b[33m2026-06-09 16:28:23.663 [ WARN] [camera_publisher.cpp:969] Failed to read direct MJPEG frame for camera[2]\x1b[0m\n[teleop_server_node-1] \x1b[33m2026-06-09 16:28:25.697 [ WARN] [camera_publisher.cpp:969] Failed to read direct MJPEG frame for camera[2]\x1b[0m\n[teleop_server_node-1] \x1b[33m2026-06-09 16:28:27.730 [ WARN] [camera_publisher.cpp:969] Failed to read direct MJPEG frame for camera[2]\x1b[0m\n[teleop_server_node-1] \x1b[33m2026-06-09 16:28:29.763 [ WARN] [camera_publisher.cpp:969] Failed to read direct MJPEG frame for camera[2]\x1b[0m\n[teleop_server_node-1] \x1b[33m2026-06-09 16:28:31.763 [ WARN] [camera_publisher.cpp:969] Failed to read direct MJPEG frame for camera[2]\x1b[0m\n[teleop_server_node-1] \x1b[33m2026-06-09 16:28:33.763 [ WARN] [camera_publisher.cpp:969] Failed to read direct MJPEG frame for camera[2]\x1b[0m\n[teleop_server_node-1] \x1b[33m2026-06-09 16:28:35.763 [ WARN] [camera_publisher.cpp:969] Failed to read direct MJPEG frame for camera[2]\x1b[0m\n[teleop_server_node-1] \x1b[33m2026-06-09 16:28:37.797 [ WARN] [camera_publisher.cpp:969] Failed to read direct MJPEG frame for camera[2]\x1b[0m\n[teleop_server_node-1] \x1b[33m2026-06-09 16:28:39.797 [ WARN] [camera_publisher.cpp:969] Failed to read direct MJPEG frame for camera[2]\x1b[0m\n[teleop_server_node-1] \x1b[33m2026-06-09 16:28:41.797 [ WARN] [camera_publisher.cpp:969] Failed to read direct MJPEG frame for camera[2]\x1b[0m\n[teleop_server_node-1] \x1b[33m2026-06-09 16:28:43.830 [ WARN] [camera_publisher.cpp:969] Failed to read direct MJPEG frame for camera[2]\x1b[0m\n[teleop_server_node-1] \x1b[33m2026-06-09 16:28:45.863 [ WARN] [camera_publisher.cpp:969] Failed to read direct MJPEG frame for camera[2]\x1b[0m\n[teleop_server_node-1] \x1b[33m2026-06-09 16:28:47.863 [ WARN] [camera_publisher.cpp:969] Failed to read direct MJPEG frame for camera[2]\x1b[0m\n[teleop_server_node-1] \x1b[33m2026-06-09 16:28:49.863 [ WARN] [camera_publisher.cpp:969] Failed to read direct MJPEG frame for camera[2]\x1b[0m\n[teleop_server_node-1] \x1b[33m2026-06-09 16:28:51.863 [ WARN] [camera_publisher.cpp:969] Failed to read direct MJPEG frame for camera[2]\x1b[0m\n[teleop_server_node-1] \x1b[33m2026-06-09 16:28:53.897 [ WARN] [camera_publisher.cpp:969] Failed to read direct MJPEG frame for camera[2]\x1b[0m\n[teleop_server_node-1] \x1b[33m2026-06-09 16:28:55.897 [ WARN] [camera_publisher.cpp:969] Failed to read direct MJPEG frame for camera[2]\x1b[0m\n[teleop_server_node-1] \x1b[33m2026-06-09 16:28:57.930 [ WARN] [camera_publisher.cpp:969] Failed to read direct MJPEG frame for camera[2]\x1b[0m\n[teleop_server_node-1] \x1b[33m2026-06-09 16:28:59.930 [ WARN] [camera_publisher.cpp:969] Failed to read direct MJPEG frame for camera[2]\x1b[0m\n[teleop_server_node-1] \x1b[33m2026-06-09 16:29:01.963 [ WARN] [camera_publisher.cpp:969] Failed to read direct MJPEG frame for camera[2]\x1b[0m\n[teleop_server_node-1] \x1b[33m2026-06-09 16:29:03.963 [ WARN] [camera_publisher.cpp:969] Failed to read direct MJPEG frame for camera[2]\x1b[0m\n[teleop_server_node-1] \x1b[33m2026-06-09 16:29:05.997 [ WARN] [camera_publisher.cpp:969] Failed to read direct MJPEG frame for camera[2]\x1b[0m\n[teleop_server_node-1] \x1b[33m2026-06-09 16:29:07.997 [ WARN] [camera_publisher.cpp:969] Failed to read direct MJPEG frame for camera[2]\x1b[0m\n[teleop_server_node-1] \x1b[33m2026-06-09 16:29:10.030 [ WARN] [camera_publisher.cpp:969] Failed to read direct MJPEG frame for camera[2]\x1b[0m\n[teleop_server_node-1] \x1b[33m2026-06-09 16:29:12.030 [ WARN] [camera_publisher.cpp:969] Failed to read direct MJPEG frame for camera[2]\x1b[0m\n[teleop_server_node-1] \x1b[33m2026-06-09 16:29:14.030 [ WARN] [camera_publisher.cpp:969] Failed to read direct MJPEG frame for camera[2]\x1b[0m\n[teleop_server_node-1] \x1b[33m2026-06-09 16:29:16.063 [ WARN] [camera_publisher.cpp:969] Failed to read direct MJPEG frame for camera[2]\x1b[0m\n[teleop_server_node-1] \x1b[33m2026-06-09 16:29:18.097 [ WARN] [camera_publisher.cpp:969] Failed to read direct MJPEG frame for camera[2]\x1b[0m\n[teleop_server_node-1] \x1b[33m2026-06-09 16:29:20.130 [ WARN] [camera_publisher.cpp:969] Failed to read direct MJPEG frame for camera[2]\x1b[0m\n[teleop_server_node-1] \x1b[33m2026-06-09 16:29:22.164 [ WARN] [camera_publisher.cpp:969] Failed to read direct MJPEG frame for camera[2]\x1b[0m\n[teleop_server_node-1] \x1b[33m2026-06-09 16:29:24.197 [ WARN] [camera_publisher.cpp:969] Failed to read direct MJPEG frame for camera[2]\x1b[0m\n[teleop_server_node-1] \x1b[33m2026-06-09 16:29:26.230 [ WARN] [camera_publisher.cpp:969] Failed to read direct MJPEG frame for camera[2]\x1b[0m\n[teleop_server_node-1] \x1b[33m2026-06-09 16:29:28.230 [ WARN] [camera_publisher.cpp:969] Failed to read direct MJPEG frame for camera[2]\x1b[0m\n[teleop_server_node-1] \x1b[33m2026-06-09 16:29:30.263 [ WARN] [camera_publisher.cpp:969] Failed to read direct MJPEG frame for camera[2]\x1b[0m\n[teleop_server_node-1] \x1b[33m2026-06-09 16:29:32.263 [ WARN] [camera_publisher.cpp:969] Failed to read direct MJPEG frame for camera[2]\x1b[0m\n[teleop_server_node-1] \x1b[33m2026-06-09 16:29:34.263 [ WARN] [camera_publisher.cpp:969] Failed to read direct MJPEG frame for camera[2]\x1b[0m\n[teleop_server_node-1] \x1b[33m2026-06-09 16:29:36.297 [ WARN] [camera_publisher.cpp:969] Failed to read direct MJPEG frame for camera[2]\x1b[0m\n[teleop_server_node-1] \x1b[33m2026-06-09 16:29:38.297 [ WARN] [camera_publisher.cpp:969] Failed to read direct MJPEG frame for camera[2]\x1b[0m\n[teleop_server_node-1] \x1b[33m2026-06-09 16:29:40.330 [ WARN] [camera_publisher.cpp:969] Failed to read direct MJPEG frame for camera[2]\x1b[0m\n[teleop_server_node-1] \x1b[33m2026-06-09 16:29:42.363 [ WARN] [camera_publisher.cpp:969] Failed to read direct MJPEG frame for camera[2]\x1b[0m\n[teleop_server_node-1] \x1b[33m2026-06-09 16:29:44.397 [ WARN] [camera_publisher.cpp:969] Failed to read direct MJPEG frame for camera[2]\x1b[0m\n[teleop_server_node-1] \x1b[33m2026-06-09 16:29:46.397 [ WARN] [camera_publisher.cpp:969] Failed to read direct MJPEG frame for camera[2]\x1b[0m\n[teleop_server_node-1] \x1b[33m2026-06-09 16:29:48.397 [ WARN] [camera_publisher.cpp:969] Failed to read direct MJPEG frame for camera[2]\x1b[0m\n[teleop_server_node-1] \x1b[33m2026-06-09 16:29:50.430 [ WARN] [camera_publisher.cpp:969] Failed to read direct MJPEG frame for camera[2]\x1b[0m\n[teleop_server_node-1] \x1b[33m2026-06-09 16:29:52.463 [ WARN] [camera_publisher.cpp:969] Failed to read direct MJPEG frame for camera[2]\x1b[0m\n[teleop_server_node-1] \x1b[33m2026-06-09 16:29:54.497 [ WARN] [camera_publisher.cpp:969] Failed to read direct MJPEG frame for camera[2]\x1b[0m\n[teleop_server_node-1] \x1b[33m2026-06-09 16:29:56.530 [ WARN] [camera_publisher.cpp:969] Failed to read direct MJPEG frame for camera[2]\x1b[0m\n[teleop_server_node-1] \x1b[33m2026-06-09 16:29:58.530 [ WARN] [camera_publisher.cpp:969] Failed to read direct MJPEG frame for camera[2]\x1b[0m\n[teleop_server_node-1] \x1b[33m2026-06-09 16:30:00.563 [ WARN] [camera_publisher.cpp:969] Failed to read direct MJPEG frame for camera[2]\x1b[0m\n[teleop_server_node-1] \x1b[33m2026-06-09 16:30:02.597 [ WARN] [camera_publisher.cpp:969] Failed to read direct MJPEG frame for camera[2]\x1b[0m\n[teleop_server_node-1] \x1b[33m2026-06-09 16:30:04.597 [ WARN] [camera_publisher.cpp:969] Failed to read direct MJPEG frame for camera[2]\x1b[0m\n[teleop_server_node-1] \x1b[33m2026-06-09 16:30:06.630 [ WARN] [camera_publisher.cpp:969] Failed to read direct MJPEG frame for camera[2]\x1b[0m', 'stdout': '[teleop_server_node-1] \x1b[33m2026-06-09 16:26:48.730 [ WARN] [camera_publisher.cpp:969] Failed to read direct MJPEG frame for camera[2]\x1b[0m\n[teleop_server_node-1] \x1b[33m2026-06-09 16:26:50.763 [ WARN] [camera_publisher.cpp:969] Failed to read direct MJPEG frame for camera[2]\x1b[0m\n[teleop_server_node-1] \x1b[33m2026-06-09 16:26:52.763 [ WARN] [camera_publisher.cpp:969] Failed to read direct MJPEG frame for camera[2]\x1b[0m\n[teleop_server_node-1] \x1b[33m2026-06-09 16:26:54.763 [ WARN] [camera_publisher.cpp:969] Failed to read direct MJPEG frame for camera[2]\x1b[0m\n[teleop_server_node-1] \x1b[33m2026-06-09 16:26:56.764 [ WARN] [camera_publisher.cpp:969] Failed to read direct MJPEG frame for camera[2]\x1b[0m\n[teleop_server_node-1] \x1b[33m2026-06-09 16:26:58.797 [ WARN] [camera_publisher.cpp:969] Failed to read direct MJPEG frame for camera[2]\x1b[0m\n[teleop_server_node-1] \x1b[33m2026-06-09 16:27:00.830 [ WARN] [camera_publisher.cpp:969] Failed to read direct MJPEG frame for camera[2]\x1b[0m\n[teleop_server_node-1] \x1b[33m2026-06-09 16:27:02.830 [ WARN] [camera_publisher.cpp:969] Failed to read direct MJPEG frame for camera[2]\x1b[0m\n[teleop_server_node-1] \x1b[33m2026-06-09 16:27:04.830 [ WARN] [camera_publisher.cpp:969] Failed to read direct MJPEG frame for camera[2]\x1b[0m\n[teleop_server_node-1] \x1b[33m2026-06-09 16:27:06.863 [ WARN] [camera_publisher.cpp:969] Failed to read direct MJPEG frame for camera[2]\x1b[0m\n[teleop_server_node-1] \x1b[33m2026-06-09 16:27:08.863 [ WARN] [camera_publisher.cpp:969] Failed to read direct MJPEG frame for camera[2]\x1b[0m\n[teleop_server_node-1] \x1b[33m2026-06-09 16:27:10.897 [ WARN] [camera_publisher.cpp:969] Failed to read direct MJPEG frame for camera[2]\x1b[0m\n[teleop_server_node-1] \x1b[33m2026-06-09 16:27:12.930 [ WARN] [camera_publisher.cpp:969] Failed to read direct MJPEG frame for camera[2]\x1b[0m\n[teleop_server_node-1] \x1b[33m2026-06-09 16:27:14.930 [ WARN] [camera_publisher.cpp:969] Failed to read direct MJPEG frame for camera[2]\x1b[0m\n[teleop_server_node-1] \x1b[33m2026-06-09 16:27:16.963 [ WARN] [camera_publisher.cpp:969] Failed to read direct MJPEG frame for camera[2]\x1b[0m\n[teleop_server_node-1] \x1b[33m2026-06-09 16:27:18.997 [ WARN] [camera_publisher.cpp:969] Failed to read direct MJPEG frame for camera[2]\x1b[0m\n[teleop_server_node-1] \x1b[33m2026-06-09 16:27:20.997 [ WARN] [camera_publisher.cpp:969] Failed to read direct MJPEG frame for camera[2]\x1b[0m\n[teleop_server_node-1] \x1b[33m2026-06-09 16:27:23.030 [ WARN] [camera_publisher.cpp:969] Failed to read direct MJPEG frame for camera[2]\x1b[0m\n[teleop_server_node-1] \x1b[33m2026-06-09 16:27:25.063 [ WARN] [camera_publisher.cpp:969] Failed to read direct MJPEG frame for camera[2]\x1b[0m\n[teleop_server_node-1] \x1b[33m2026-06-09 16:27:27.097 [ WARN] [camera_publisher.cpp:969] Failed to read direct MJPEG frame for camera[2]\x1b[0m\n[teleop_server_node-1] \x1b[33m2026-06-09 16:27:29.097 [ WARN] [camera_publisher.cpp:969] Failed to read direct MJPEG frame for camera[2]\x1b[0m\n[teleop_server_node-1] \x1b[33m2026-06-09 16:27:31.130 [ WARN] [camera_publisher.cpp:969] Failed to read direct MJPEG frame for camera[2]\x1b[0m\n[teleop_server_node-1] \x1b[33m2026-06-09 16:27:33.130 [ WARN] [camera_publisher.cpp:969] Failed to read direct MJPEG frame for camera[2]\x1b[0m\n[teleop_server_node-1] \x1b[33m2026-06-09 16:27:35.163 [ WARN] [camera_publisher.cpp:969] Failed to read direct MJPEG frame for camera[2]\x1b[0m\n[teleop_server_node-1] \x1b[33m2026-06-09 16:27:37.197 [ WARN] [camera_publisher.cpp:969] Failed to read direct MJPEG frame for camera[2]\x1b[0m\n[teleop_server_node-1] \x1b[33m2026-06-09 16:27:39.230 [ WARN] [camera_publisher.cpp:969] Failed to read direct MJPEG frame for camera[2]\x1b[0m\n[teleop_server_node-1] \x1b[33m2026-06-09 16:27:41.263 [ WARN] [camera_publisher.cpp:969] Failed to read direct MJPEG frame for camera[2]\x1b[0m\n[teleop_server_node-1] \x1b[33m2026-06-09 16:27:43.263 [ WARN] [camera_publisher.cpp:969] Failed to read direct MJPEG frame for camera[2]\x1b[0m\n[teleop_server_node-1] \x1b[33m2026-06-09 16:27:45.263 [ WARN] [camera_publisher.cpp:969] Failed to read direct MJPEG frame for camera[2]\x1b[0m\n[teleop_server_node-1] \x1b[33m2026-06-09 16:27:47.297 [ WARN] [camera_publisher.cpp:969] Failed to read direct MJPEG frame for camera[2]\x1b[0m\n[teleop_server_node-1] \x1b[33m2026-06-09 16:27:49.297 [ WARN] [camera_publisher.cpp:969] Failed to read direct MJPEG frame for camera[2]\x1b[0m\n[teleop_server_node-1] \x1b[33m2026-06-09 16:27:51.330 [ WARN] [camera_publisher.cpp:969] Failed to read direct MJPEG frame for camera[2]\x1b[0m\n[teleop_server_node-1] \x1b[33m2026-06-09 16:27:53.363 [ WARN] [camera_publisher.cpp:969] Failed to read direct MJPEG frame for camera[2]\x1b[0m\n[teleop_server_node-1] \x1b[33m2026-06-09 16:27:55.363 [ WARN] [camera_publisher.cpp:969] Failed to read direct MJPEG frame for camera[2]\x1b[0m\n[teleop_server_node-1] \x1b[33m2026-06-09 16:27:57.397 [ WARN] [camera_publisher.cpp:969] Failed to read direct MJPEG frame for camera[2]\x1b[0m\n[teleop_server_node-1] \x1b[33m2026-06-09 16:27:59.430 [ WARN] [camera_publisher.cpp:969] Failed to read direct MJPEG frame for camera[2]\x1b[0m\n[teleop_server_node-1] \x1b[33m2026-06-09 16:28:01.463 [ WARN] [camera_publisher.cpp:969] Failed to read direct MJPEG frame for camera[2]\x1b[0m\n[teleop_server_node-1] \x1b[33m2026-06-09 16:28:03.463 [ WARN] [camera_publisher.cpp:969] Failed to read direct MJPEG frame for camera[2]\x1b[0m\n[teleop_server_node-1] \x1b[33m2026-06-09 16:28:05.463 [ WARN] [camera_publisher.cpp:969] Failed to read direct MJPEG frame for camera[2]\x1b[0m\n[teleop_server_node-1] \x1b[33m2026-06-09 16:28:07.497 [ WARN] [camera_publisher.cpp:969] Failed to read direct MJPEG frame for camera[2]\x1b[0m\n[teleop_server_node-1] \x1b[33m2026-06-09 16:28:09.530 [ WARN] [camera_publisher.cpp:969] Failed to read direct MJPEG frame for camera[2]\x1b[0m\n[teleop_server_node-1] \x1b[33m2026-06-09 16:28:11.530 [ WARN] [camera_publisher.cpp:969] Failed to read direct MJPEG frame for camera[2]\x1b[0m\n[teleop_server_node-1] \x1b[33m2026-06-09 16:28:13.563 [ WARN] [camera_publisher.cpp:969] Failed to read direct MJPEG frame for camera[2]\x1b[0m\n[teleop_server_node-1] \x1b[33m2026-06-09 16:28:15.597 [ WARN] [camera_publisher.cpp:969] Failed to read direct MJPEG frame for camera[2]\x1b[0m\n[teleop_server_node-1] \x1b[33m2026-06-09 16:28:17.630 [ WARN] [camera_publisher.cpp:969] Failed to read direct MJPEG frame for camera[2]\x1b[0m\n[teleop_server_node-1] \x1b[33m2026-06-09 16:28:19.630 [ WARN] [camera_publisher.cpp:969] Failed to read direct MJPEG frame for camera[2]\x1b[0m\n[teleop_server_node-1] \x1b[33m2026-06-09 16:28:21.630 [ WARN] [camera_publisher.cpp:969] Failed to read direct MJPEG frame for camera[2]\x1b[0m\n[teleop_server_node-1] \x1b[33m2026-06-09 16:28:23.663 [ WARN] [camera_publisher.cpp:969] Failed to read direct MJPEG frame for camera[2]\x1b[0m\n[teleop_server_node-1] \x1b[33m2026-06-09 16:28:25.697 [ WARN] [camera_publisher.cpp:969] Failed to read direct MJPEG frame for camera[2]\x1b[0m\n[teleop_server_node-1] \x1b[33m2026-06-09 16:28:27.730 [ WARN] [camera_publisher.cpp:969] Failed to read direct MJPEG frame for camera[2]\x1b[0m\n[teleop_server_node-1] \x1b[33m2026-06-09 16:28:29.763 [ WARN] [camera_publisher.cpp:969] Failed to read direct MJPEG frame for camera[2]\x1b[0m\n[teleop_server_node-1] \x1b[33m2026-06-09 16:28:31.763 [ WARN] [camera_publisher.cpp:969] Failed to read direct MJPEG frame for camera[2]\x1b[0m\n[teleop_server_node-1] \x1b[33m2026-06-09 16:28:33.763 [ WARN] [camera_publisher.cpp:969] Failed to read direct MJPEG frame for camera[2]\x1b[0m\n[teleop_server_node-1] \x1b[33m2026-06-09 16:28:35.763 [ WARN] [camera_publisher.cpp:969] Failed to read direct MJPEG frame for camera[2]\x1b[0m\n[teleop_server_node-1] \x1b[33m2026-06-09 16:28:37.797 [ WARN] [camera_publisher.cpp:969] Failed to read direct MJPEG frame for camera[2]\x1b[0m\n[teleop_server_node-1] \x1b[33m2026-06-09 16:28:39.797 [ WARN] [camera_publisher.cpp:969] Failed to read direct MJPEG frame for camera[2]\x1b[0m\n[teleop_server_node-1] \x1b[33m2026-06-09 16:28:41.797 [ WARN] [camera_publisher.cpp:969] Failed to read direct MJPEG frame for camera[2]\x1b[0m\n[teleop_server_node-1] \x1b[33m2026-06-09 16:28:43.830 [ WARN] [camera_publisher.cpp:969] Failed to read direct MJPEG frame for camera[2]\x1b[0m\n[teleop_server_node-1] \x1b[33m2026-06-09 16:28:45.863 [ WARN] [camera_publisher.cpp:969] Failed to read direct MJPEG frame for camera[2]\x1b[0m\n[teleop_server_node-1] \x1b[33m2026-06-09 16:28:47.863 [ WARN] [camera_publisher.cpp:969] Failed to read direct MJPEG frame for camera[2]\x1b[0m\n[teleop_server_node-1] \x1b[33m2026-06-09 16:28:49.863 [ WARN] [camera_publisher.cpp:969] Failed to read direct MJPEG frame for camera[2]\x1b[0m\n[teleop_server_node-1] \x1b[33m2026-06-09 16:28:51.863 [ WARN] [camera_publisher.cpp:969] Failed to read direct MJPEG frame for camera[2]\x1b[0m\n[teleop_server_node-1] \x1b[33m2026-06-09 16:28:53.897 [ WARN] [camera_publisher.cpp:969] Failed to read direct MJPEG frame for camera[2]\x1b[0m\n[teleop_server_node-1] \x1b[33m2026-06-09 16:28:55.897 [ WARN] [camera_publisher.cpp:969] Failed to read direct MJPEG frame for camera[2]\x1b[0m\n[teleop_server_node-1] \x1b[33m2026-06-09 16:28:57.930 [ WARN] [camera_publisher.cpp:969] Failed to read direct MJPEG frame for camera[2]\x1b[0m\n[teleop_server_node-1] \x1b[33m2026-06-09 16:28:59.930 [ WARN] [camera_publisher.cpp:969] Failed to read direct MJPEG frame for camera[2]\x1b[0m\n[teleop_server_node-1] \x1b[33m2026-06-09 16:29:01.963 [ WARN] [camera_publisher.cpp:969] Failed to read direct MJPEG frame for camera[2]\x1b[0m\n[teleop_server_node-1] \x1b[33m2026-06-09 16:29:03.963 [ WARN] [camera_publisher.cpp:969] Failed to read direct MJPEG frame for camera[2]\x1b[0m\n[teleop_server_node-1] \x1b[33m2026-06-09 16:29:05.997 [ WARN] [camera_publisher.cpp:969] Failed to read direct MJPEG frame for camera[2]\x1b[0m\n[teleop_server_node-1] \x1b[33m2026-06-09 16:29:07.997 [ WARN] [camera_publisher.cpp:969] Failed to read direct MJPEG frame for camera[2]\x1b[0m\n[teleop_server_node-1] \x1b[33m2026-06-09 16:29:10.030 [ WARN] [camera_publisher.cpp:969] Failed to read direct MJPEG frame for camera[2]\x1b[0m\n[teleop_server_node-1] \x1b[33m2026-06-09 16:29:12.030 [ WARN] [camera_publisher.cpp:969] Failed to read direct MJPEG frame for camera[2]\x1b[0m\n[teleop_server_node-1] \x1b[33m2026-06-09 16:29:14.030 [ WARN] [camera_publisher.cpp:969] Failed to read direct MJPEG frame for camera[2]\x1b[0m\n[teleop_server_node-1] \x1b[33m2026-06-09 16:29:16.063 [ WARN] [camera_publisher.cpp:969] Failed to read direct MJPEG frame for camera[2]\x1b[0m\n[teleop_server_node-1] \x1b[33m2026-06-09 16:29:18.097 [ WARN] [camera_publisher.cpp:969] Failed to read direct MJPEG frame for camera[2]\x1b[0m\n[teleop_server_node-1] \x1b[33m2026-06-09 16:29:20.130 [ WARN] [camera_publisher.cpp:969] Failed to read direct MJPEG frame for camera[2]\x1b[0m\n[teleop_server_node-1] \x1b[33m2026-06-09 16:29:22.164 [ WARN] [camera_publisher.cpp:969] Failed to read direct MJPEG frame for camera[2]\x1b[0m\n[teleop_server_node-1] \x1b[33m2026-06-09 16:29:24.197 [ WARN] [camera_publisher.cpp:969] Failed to read direct MJPEG frame for camera[2]\x1b[0m\n[teleop_server_node-1] \x1b[33m2026-06-09 16:29:26.230 [ WARN] [camera_publisher.cpp:969] Failed to read direct MJPEG frame for camera[2]\x1b[0m\n[teleop_server_node-1] \x1b[33m2026-06-09 16:29:28.230 [ WARN] [camera_publisher.cpp:969] Failed to read direct MJPEG frame for camera[2]\x1b[0m\n[teleop_server_node-1] \x1b[33m2026-06-09 16:29:30.263 [ WARN] [camera_publisher.cpp:969] Failed to read direct MJPEG frame for camera[2]\x1b[0m\n[teleop_server_node-1] \x1b[33m2026-06-09 16:29:32.263 [ WARN] [camera_publisher.cpp:969] Failed to read direct MJPEG frame for camera[2]\x1b[0m\n[teleop_server_node-1] \x1b[33m2026-06-09 16:29:34.263 [ WARN] [camera_publisher.cpp:969] Failed to read direct MJPEG frame for camera[2]\x1b[0m\n[teleop_server_node-1] \x1b[33m2026-06-09 16:29:36.297 [ WARN] [camera_publisher.cpp:969] Failed to read direct MJPEG frame for camera[2]\x1b[0m\n[teleop_server_node-1] \x1b[33m2026-06-09 16:29:38.297 [ WARN] [camera_publisher.cpp:969] Failed to read direct MJPEG frame for camera[2]\x1b[0m\n[teleop_server_node-1] \x1b[33m2026-06-09 16:29:40.330 [ WARN] [camera_publisher.cpp:969] Failed to read direct MJPEG frame for camera[2]\x1b[0m\n[teleop_server_node-1] \x1b[33m2026-06-09 16:29:42.363 [ WARN] [camera_publisher.cpp:969] Failed to read direct MJPEG frame for camera[2]\x1b[0m\n[teleop_server_node-1] \x1b[33m2026-06-09 16:29:44.397 [ WARN] [camera_publisher.cpp:969] Failed to read direct MJPEG frame for camera[2]\x1b[0m\n[teleop_server_node-1] \x1b[33m2026-06-09 16:29:46.397 [ WARN] [camera_publisher.cpp:969] Failed to read direct MJPEG frame for camera[2]\x1b[0m\n[teleop_server_node-1] \x1b[33m2026-06-09 16:29:48.397 [ WARN] [camera_publisher.cpp:969] Failed to read direct MJPEG frame for camera[2]\x1b[0m\n[teleop_server_node-1] \x1b[33m2026-06-09 16:29:50.430 [ WARN] [camera_publisher.cpp:969] Failed to read direct MJPEG frame for camera[2]\x1b[0m\n[teleop_server_node-1] \x1b[33m2026-06-09 16:29:52.463 [ WARN] [camera_publisher.cpp:969] Failed to read direct MJPEG frame for camera[2]\x1b[0m\n[teleop_server_node-1] \x1b[33m2026-06-09 16:29:54.497 [ WARN] [camera_publisher.cpp:969] Failed to read direct MJPEG frame for camera[2]\x1b[0m\n[teleop_server_node-1] \x1b[33m2026-06-09 16:29:56.530 [ WARN] [camera_publisher.cpp:969] Failed to read direct MJPEG frame for camera[2]\x1b[0m\n[teleop_server_node-1] \x1b[33m2026-06-09 16:29:58.530 [ WARN] [camera_publisher.cpp:969] Failed to read direct MJPEG frame for camera[2]\x1b[0m\n[teleop_server_node-1] \x1b[33m2026-06-09 16:30:00.563 [ WARN] [camera_publisher.cpp:969] Failed to read direct MJPEG frame for camera[2]\x1b[0m\n[teleop_server_node-1] \x1b[33m2026-06-09 16:30:02.597 [ WARN] [camera_publisher.cpp:969] Failed to read direct MJPEG frame for camera[2]\x1b[0m\n[teleop_server_node-1] \x1b[33m2026-06-09 16:30:04.597 [ WARN] [camera_publisher.cpp:969] Failed to read direct MJPEG frame for camera[2]\x1b[0m\n[teleop_server_node-1] \x1b[33m2026-06-09 16:30:06.630 [ WARN] [camera_publisher.cpp:969] Failed to read direct MJPEG frame for camera[2]\x1b[0m', 'stderr': '', 'reason': 'cos_teleop 服务正在运行，但日志中存在相机读取或初始化异常。', 'suggestion': '请尝试重启 cos_teleop.service；如果仍异常，请检查相机 Type-C 连接、udev 映射、相机设备状态或相机是否被占用。'})[0m

TASK [Calculate report card status from final checks] **************************
[0;32mok: [g1_robot_069][0m

TASK [Build report card summary] ***********************************************
[0;32mok: [g1_robot_069][0m

TASK [Build host final report] *************************************************
[0;32mok: [g1_robot_069][0m

TASK [Print host check summary] ************************************************
[0;32mok: [g1_robot_069] => {[0m
[0;32m    "msg": [[0m
[0;32m        "==================================================",[0m
[0;32m        "G1 environment check: g1_robot_069 (192.168.90.69)",[0m
[0;32m        "mode=check, robot_id=69, end_effector=brainco",[0m
[0;32m        "overall_status=WARN",[0m
[0;32m        "OK=37, WARN=2, FAIL=0, SKIP=0",[0m
[0;32m        "failed_items=[]",[0m
[0;32m        "warn_items=['/dev/cam_wrist_right', 'cos_teleop camera log']",[0m
[0;32m        "install_failed_items=[]",[0m
[0;32m        "=================================================="[0m
[0;32m    ][0m
[0;32m}[0m

TASK [Ensure local reports directory exists] ***********************************
[0;32mok: [g1_robot_069][0m

TASK [Write per-host JSON report] **********************************************
[0;33mchanged: [g1_robot_069][0m

TASK [Write aggregate JSON report] *********************************************
[0;33mchanged: [g1_robot_069][0m

TASK [Print local report paths] ************************************************
[0;32mok: [g1_robot_069] => {[0m
[0;32m    "msg": [[0m
[0;32m        "Per-host reports: /home/jeff/coscene/code/codex/基础环境检查/reports/<inventory_hostname>.json",[0m
[0;32m        "Aggregate report: /home/jeff/coscene/code/codex/基础环境检查/reports/g1_env_summary.json"[0m
[0;32m    ][0m
[0;32m}[0m

PLAY RECAP *********************************************************************
[0;33mg1_robot_069[0m               : [0;32mok=65  [0m [0;33mchanged=3   [0m unreachable=0    failed=0    [0;36mskipped=129 [0m rescued=0    ignored=0   


returncode=0
