$ /usr/bin/ansible-playbook -k -K -T 15 -i '/home/jeff/coscene/code/codex/G1CI/基础环境检查/inventory.ini' -e '{"ansible_ssh_common_args": "-o PreferredAuthentications=password -o PubkeyAuthentication=no -o StrictHostKeyChecking=no -o UserKnownHostsFile=/dev/null -o ConnectTimeout=5 -o ConnectionAttempts=1"}' '/home/jeff/coscene/code/codex/G1CI/基础环境检查/check_base_env.yml' --limit g1_robot_062
cwd=/home/jeff/coscene/code/codex/G1CI/基础环境检查

SSH password: 
[operator_console] detected SSH password prompt, password sent

BECOME password[defaults to SSH password]: 
[operator_console] detected BECOME password prompt, sudo password sent


PLAY [Check G1 base environment] ***********************************************

TASK [Gathering Facts] *********************************************************
[0;32mok: [g1_robot_062][0m

TASK [Normalize run mode] ******************************************************
[0;32mok: [g1_robot_062][0m

TASK [Validate run mode] *******************************************************
[0;32mok: [g1_robot_062] => {[0m
[0;32m    "changed": false,[0m
[0;32m    "msg": "All assertions passed"[0m
[0;32m}[0m

TASK [Initialize result buckets] ***********************************************
[0;32mok: [g1_robot_062][0m

TASK [Normalize end effector type] *********************************************
[0;32mok: [g1_robot_062][0m

TASK [Warn when end_effector is missing or invalid] ****************************
[0;36mskipping: [g1_robot_062][0m

TASK [Define modular task file paths] ******************************************
[0;32mok: [g1_robot_062][0m

TASK [Check modular task files on controller] **********************************
[0;32mok: [g1_robot_062] => (item={'key': 'common', 'value': '/home/jeff/coscene/code/codex/G1CI/基础环境检查/tasks/common.yml'})[0m
[0;32mok: [g1_robot_062] => (item={'key': 'install_common', 'value': '/home/jeff/coscene/code/codex/G1CI/基础环境检查/tasks/install_common.yml'})[0m
[0;32mok: [g1_robot_062] => (item={'key': 'dex1', 'value': '/home/jeff/coscene/code/codex/G1CI/基础环境检查/tasks/dex1.yml'})[0m
[0;32mok: [g1_robot_062] => (item={'key': 'brainco', 'value': '/home/jeff/coscene/code/codex/G1CI/基础环境检查/tasks/brainco.yml'})[0m
[0;32mok: [g1_robot_062] => (item={'key': 'report', 'value': '/home/jeff/coscene/code/codex/G1CI/基础环境检查/tasks/report.yml'})[0m

TASK [Build modular task file availability map] ********************************
[0;32mok: [g1_robot_062] => (item={'changed': False, 'stat': {'exists': True, 'path': '/home/jeff/coscene/code/codex/G1CI/基础环境检查/tasks/common.yml', 'mode': '0664', 'isdir': False, 'ischr': False, 'isblk': False, 'isreg': True, 'isfifo': False, 'islnk': False, 'issock': False, 'uid': 1000, 'gid': 1000, 'size': 15925, 'inode': 54667956, 'dev': 66306, 'nlink': 1, 'atime': 1781663987.0371196, 'mtime': 1781595853.8360624, 'ctime': 1781595853.8360624, 'wusr': True, 'rusr': True, 'xusr': False, 'wgrp': True, 'rgrp': True, 'xgrp': False, 'woth': False, 'roth': True, 'xoth': False, 'isuid': False, 'isgid': False, 'blocks': 32, 'block_size': 4096, 'device_type': 0, 'readable': True, 'writeable': True, 'executable': False, 'pw_name': 'jeff', 'gr_name': 'jeff', 'checksum': 'f7ee18fe0d0e3c0fedac625358e2adc6d70dfb6d', 'mimetype': 'text/plain', 'charset': 'utf-8', 'version': '3904670623', 'attributes': ['extents'], 'attr_flags': 'e'}, 'invocation': {'module_args': {'path': '/home/jeff/coscene/code/codex/G1CI/基础环境检查/tasks/common.yml', 'follow': False, 'get_md5': False, 'get_checksum': True, 'get_mime': True, 'get_attributes': True, 'checksum_algorithm': 'sha1'}}, 'failed': False, 'item': {'key': 'common', 'value': '/home/jeff/coscene/code/codex/G1CI/基础环境检查/tasks/common.yml'}, 'ansible_loop_var': 'item'})[0m
[0;32mok: [g1_robot_062] => (item={'changed': False, 'stat': {'exists': True, 'path': '/home/jeff/coscene/code/codex/G1CI/基础环境检查/tasks/install_common.yml', 'mode': '0664', 'isdir': False, 'ischr': False, 'isblk': False, 'isreg': True, 'isfifo': False, 'islnk': False, 'issock': False, 'uid': 1000, 'gid': 1000, 'size': 22836, 'inode': 54667958, 'dev': 66306, 'nlink': 1, 'atime': 1781586699.7331755, 'mtime': 1781092743.8605, 'ctime': 1781093816.4565935, 'wusr': True, 'rusr': True, 'xusr': False, 'wgrp': True, 'rgrp': True, 'xgrp': False, 'woth': False, 'roth': True, 'xoth': False, 'isuid': False, 'isgid': False, 'blocks': 48, 'block_size': 4096, 'device_type': 0, 'readable': True, 'writeable': True, 'executable': False, 'pw_name': 'jeff', 'gr_name': 'jeff', 'checksum': '5ae2b922336753eb4f0bc739a3d2c7f8402c76c1', 'mimetype': 'text/plain', 'charset': 'us-ascii', 'version': '1745966189', 'attributes': ['extents'], 'attr_flags': 'e'}, 'invocation': {'module_args': {'path': '/home/jeff/coscene/code/codex/G1CI/基础环境检查/tasks/install_common.yml', 'follow': False, 'get_md5': False, 'get_checksum': True, 'get_mime': True, 'get_attributes': True, 'checksum_algorithm': 'sha1'}}, 'failed': False, 'item': {'key': 'install_common', 'value': '/home/jeff/coscene/code/codex/G1CI/基础环境检查/tasks/install_common.yml'}, 'ansible_loop_var': 'item'})[0m
[0;32mok: [g1_robot_062] => (item={'changed': False, 'stat': {'exists': True, 'path': '/home/jeff/coscene/code/codex/G1CI/基础环境检查/tasks/dex1.yml', 'mode': '0664', 'isdir': False, 'ischr': False, 'isblk': False, 'isreg': True, 'isfifo': False, 'islnk': False, 'issock': False, 'uid': 1000, 'gid': 1000, 'size': 12991, 'inode': 54667957, 'dev': 66306, 'nlink': 1, 'atime': 1781586699.7331755, 'mtime': 1781092743.8605, 'ctime': 1781093816.4565935, 'wusr': True, 'rusr': True, 'xusr': False, 'wgrp': True, 'rgrp': True, 'xgrp': False, 'woth': False, 'roth': True, 'xoth': False, 'isuid': False, 'isgid': False, 'blocks': 32, 'block_size': 4096, 'device_type': 0, 'readable': True, 'writeable': True, 'executable': False, 'pw_name': 'jeff', 'gr_name': 'jeff', 'checksum': '635fdbc878725da99813b920bf180258db4a8f46', 'mimetype': 'text/plain', 'charset': 'utf-8', 'version': '3976378627', 'attributes': ['extents'], 'attr_flags': 'e'}, 'invocation': {'module_args': {'path': '/home/jeff/coscene/code/codex/G1CI/基础环境检查/tasks/dex1.yml', 'follow': False, 'get_md5': False, 'get_checksum': True, 'get_mime': True, 'get_attributes': True, 'checksum_algorithm': 'sha1'}}, 'failed': False, 'item': {'key': 'dex1', 'value': '/home/jeff/coscene/code/codex/G1CI/基础环境检查/tasks/dex1.yml'}, 'ansible_loop_var': 'item'})[0m
[0;32mok: [g1_robot_062] => (item={'changed': False, 'stat': {'exists': True, 'path': '/home/jeff/coscene/code/codex/G1CI/基础环境检查/tasks/brainco.yml', 'mode': '0664', 'isdir': False, 'ischr': False, 'isblk': False, 'isreg': True, 'isfifo': False, 'islnk': False, 'issock': False, 'uid': 1000, 'gid': 1000, 'size': 14386, 'inode': 54667955, 'dev': 66306, 'nlink': 1, 'atime': 1781586699.7321756, 'mtime': 1781092743.8605, 'ctime': 1781093816.4565935, 'wusr': True, 'rusr': True, 'xusr': False, 'wgrp': True, 'rgrp': True, 'xgrp': False, 'woth': False, 'roth': True, 'xoth': False, 'isuid': False, 'isgid': False, 'blocks': 32, 'block_size': 4096, 'device_type': 0, 'readable': True, 'writeable': True, 'executable': False, 'pw_name': 'jeff', 'gr_name': 'jeff', 'checksum': 'f748459513a02ecef724eef204cb23e7c29f1507', 'mimetype': 'text/plain', 'charset': 'utf-8', 'version': '4135595916', 'attributes': ['extents'], 'attr_flags': 'e'}, 'invocation': {'module_args': {'path': '/home/jeff/coscene/code/codex/G1CI/基础环境检查/tasks/brainco.yml', 'follow': False, 'get_md5': False, 'get_checksum': True, 'get_mime': True, 'get_attributes': True, 'checksum_algorithm': 'sha1'}}, 'failed': False, 'item': {'key': 'brainco', 'value': '/home/jeff/coscene/code/codex/G1CI/基础环境检查/tasks/brainco.yml'}, 'ansible_loop_var': 'item'})[0m
[0;32mok: [g1_robot_062] => (item={'changed': False, 'stat': {'exists': True, 'path': '/home/jeff/coscene/code/codex/G1CI/基础环境检查/tasks/report.yml', 'mode': '0664', 'isdir': False, 'ischr': False, 'isblk': False, 'isreg': True, 'isfifo': False, 'islnk': False, 'issock': False, 'uid': 1000, 'gid': 1000, 'size': 9037, 'inode': 54667959, 'dev': 66306, 'nlink': 1, 'atime': 1781663987.0361197, 'mtime': 1781595349.586878, 'ctime': 1781595349.586878, 'wusr': True, 'rusr': True, 'xusr': False, 'wgrp': True, 'rgrp': True, 'xgrp': False, 'woth': False, 'roth': True, 'xoth': False, 'isuid': False, 'isgid': False, 'blocks': 24, 'block_size': 4096, 'device_type': 0, 'readable': True, 'writeable': True, 'executable': False, 'pw_name': 'jeff', 'gr_name': 'jeff', 'checksum': 'c706b157f203836ef7b7e61a6df9b9bf03fc5aa5', 'mimetype': 'text/plain', 'charset': 'us-ascii', 'version': '1590611349', 'attributes': ['extents'], 'attr_flags': 'e'}, 'invocation': {'module_args': {'path': '/home/jeff/coscene/code/codex/G1CI/基础环境检查/tasks/report.yml', 'follow': False, 'get_md5': False, 'get_checksum': True, 'get_mime': True, 'get_attributes': True, 'checksum_algorithm': 'sha1'}}, 'failed': False, 'item': {'key': 'report', 'value': '/home/jeff/coscene/code/codex/G1CI/基础环境检查/tasks/report.yml'}, 'ansible_loop_var': 'item'})[0m

TASK [Validate required modular task files] ************************************
[0;32mok: [g1_robot_062] => {[0m
[0;32m    "changed": false,[0m
[0;32m    "msg": "All assertions passed"[0m
[0;32m}[0m

TASK [Check remote_start service presence before run] **************************
[0;32mok: [g1_robot_062][0m

TASK [Stop remote_start service during run] ************************************
[0;36mskipping: [g1_robot_062][0m

TASK [Record remote_start preflight stop check result] *************************
[0;32mok: [g1_robot_062][0m

TASK [Record remote_start preflight stop install result] ***********************
[0;36mskipping: [g1_robot_062][0m

TASK [Get controller current time before installation] *************************
[0;36mskipping: [g1_robot_062][0m

TASK [Sync robot time from controller before installation] *********************
[0;36mskipping: [g1_robot_062][0m

TASK [Run common environment tasks] ********************************************
[0;36mincluded: /home/jeff/coscene/code/codex/G1CI/基础环境检查/tasks/common.yml for g1_robot_062[0m

TASK [Check project directory] *************************************************
[0;32mok: [g1_robot_062][0m

TASK [Record project directory status] *****************************************
[0;32mok: [g1_robot_062][0m

TASK [Check unitree_sdk2 source directory] *************************************
[0;32mok: [g1_robot_062][0m

TASK [Record unitree_sdk2 source status] ***************************************
[0;32mok: [g1_robot_062][0m

TASK [Detect conda executable] *************************************************
[0;32mok: [g1_robot_062][0m

TASK [Set conda paths] *********************************************************
[0;32mok: [g1_robot_062][0m

TASK [Record conda status] *****************************************************
[0;32mok: [g1_robot_062][0m

TASK [Set tv python path] ******************************************************
[0;32mok: [g1_robot_062][0m

TASK [Check conda tv environment] **********************************************
[0;32mok: [g1_robot_062][0m

TASK [Record conda tv environment status] **************************************
[0;32mok: [g1_robot_062][0m

TASK [Check tv python version] *************************************************
[0;32mok: [g1_robot_062][0m

TASK [Record tv python version status] *****************************************
[0;32mok: [g1_robot_062][0m

TASK [Record skipped tv python version status] *********************************
[0;36mskipping: [g1_robot_062][0m

TASK [Check Python package imports] ********************************************
[0;32mok: [g1_robot_062] => (item={'import_name': 'cv2', 'pip_name': 'opencv-python', 'display_name': 'Python cv2'})[0m
[0;32mok: [g1_robot_062] => (item={'import_name': 'zmq', 'pip_name': 'pyzmq', 'display_name': 'Python zmq'})[0m
[0;32mok: [g1_robot_062] => (item={'import_name': 'logging_mp', 'pip_name': 'logging_mp', 'display_name': 'Python logging_mp'})[0m
[0;32mok: [g1_robot_062] => (item={'import_name': 'av', 'pip_name': 'av', 'display_name': 'Python av'})[0m
[0;32mok: [g1_robot_062] => (item={'import_name': 'numpy', 'pip_name': 'numpy', 'display_name': 'Python numpy'})[0m

TASK [Record Python package import status] *************************************
[0;32mok: [g1_robot_062] => (item={'cmd': ['/home/unitree/miniconda3/envs/tv/bin/python', '-c', 'import cv2'], 'stdout': '', 'stderr': '', 'rc': 0, 'start': '2026-06-17 11:59:40.116249', 'end': '2026-06-17 11:59:40.564617', 'delta': '0:00:00.448368', 'changed': False, 'invocation': {'module_args': {'_raw_params': "/home/unitree/miniconda3/envs/tv/bin/python -c 'import cv2'", 'warn': True, '_uses_shell': False, 'stdin_add_newline': True, 'strip_empty_ends': True, 'argv': None, 'chdir': None, 'executable': None, 'creates': None, 'removes': None, 'stdin': None}}, 'stdout_lines': [], 'stderr_lines': [], 'failed': False, 'failed_when_result': False, 'item': {'import_name': 'cv2', 'pip_name': 'opencv-python', 'display_name': 'Python cv2'}, 'ansible_loop_var': 'item'})[0m
[0;32mok: [g1_robot_062] => (item={'cmd': ['/home/unitree/miniconda3/envs/tv/bin/python', '-c', 'import zmq'], 'stdout': '', 'stderr': '', 'rc': 0, 'start': '2026-06-17 11:59:40.783545', 'end': '2026-06-17 11:59:40.907905', 'delta': '0:00:00.124360', 'changed': False, 'invocation': {'module_args': {'_raw_params': "/home/unitree/miniconda3/envs/tv/bin/python -c 'import zmq'", 'warn': True, '_uses_shell': False, 'stdin_add_newline': True, 'strip_empty_ends': True, 'argv': None, 'chdir': None, 'executable': None, 'creates': None, 'removes': None, 'stdin': None}}, 'stdout_lines': [], 'stderr_lines': [], 'failed': False, 'failed_when_result': False, 'item': {'import_name': 'zmq', 'pip_name': 'pyzmq', 'display_name': 'Python zmq'}, 'ansible_loop_var': 'item'})[0m
[0;32mok: [g1_robot_062] => (item={'cmd': ['/home/unitree/miniconda3/envs/tv/bin/python', '-c', 'import logging_mp'], 'stdout': '', 'stderr': '', 'rc': 0, 'start': '2026-06-17 11:59:41.134015', 'end': '2026-06-17 11:59:41.276914', 'delta': '0:00:00.142899', 'changed': False, 'invocation': {'module_args': {'_raw_params': "/home/unitree/miniconda3/envs/tv/bin/python -c 'import logging_mp'", 'warn': True, '_uses_shell': False, 'stdin_add_newline': True, 'strip_empty_ends': True, 'argv': None, 'chdir': None, 'executable': None, 'creates': None, 'removes': None, 'stdin': None}}, 'stdout_lines': [], 'stderr_lines': [], 'failed': False, 'failed_when_result': False, 'item': {'import_name': 'logging_mp', 'pip_name': 'logging_mp', 'display_name': 'Python logging_mp'}, 'ansible_loop_var': 'item'})[0m
[0;32mok: [g1_robot_062] => (item={'cmd': ['/home/unitree/miniconda3/envs/tv/bin/python', '-c', 'import av'], 'stdout': '', 'stderr': '', 'rc': 0, 'start': '2026-06-17 11:59:41.492720', 'end': '2026-06-17 11:59:41.751899', 'delta': '0:00:00.259179', 'changed': False, 'invocation': {'module_args': {'_raw_params': "/home/unitree/miniconda3/envs/tv/bin/python -c 'import av'", 'warn': True, '_uses_shell': False, 'stdin_add_newline': True, 'strip_empty_ends': True, 'argv': None, 'chdir': None, 'executable': None, 'creates': None, 'removes': None, 'stdin': None}}, 'stdout_lines': [], 'stderr_lines': [], 'failed': False, 'failed_when_result': False, 'item': {'import_name': 'av', 'pip_name': 'av', 'display_name': 'Python av'}, 'ansible_loop_var': 'item'})[0m
[0;32mok: [g1_robot_062] => (item={'cmd': ['/home/unitree/miniconda3/envs/tv/bin/python', '-c', 'import numpy'], 'stdout': '', 'stderr': '', 'rc': 0, 'start': '2026-06-17 11:59:41.968446', 'end': '2026-06-17 11:59:42.154938', 'delta': '0:00:00.186492', 'changed': False, 'invocation': {'module_args': {'_raw_params': "/home/unitree/miniconda3/envs/tv/bin/python -c 'import numpy'", 'warn': True, '_uses_shell': False, 'stdin_add_newline': True, 'strip_empty_ends': True, 'argv': None, 'chdir': None, 'executable': None, 'creates': None, 'removes': None, 'stdin': None}}, 'stdout_lines': [], 'stderr_lines': [], 'failed': False, 'failed_when_result': False, 'item': {'import_name': 'numpy', 'pip_name': 'numpy', 'display_name': 'Python numpy'}, 'ansible_loop_var': 'item'})[0m

TASK [Record skipped Python package imports] ***********************************
[0;36mskipping: [g1_robot_062] => (item={'import_name': 'cv2', 'pip_name': 'opencv-python', 'display_name': 'Python cv2'}) [0m
[0;36mskipping: [g1_robot_062] => (item={'import_name': 'zmq', 'pip_name': 'pyzmq', 'display_name': 'Python zmq'}) [0m
[0;36mskipping: [g1_robot_062] => (item={'import_name': 'logging_mp', 'pip_name': 'logging_mp', 'display_name': 'Python logging_mp'}) [0m
[0;36mskipping: [g1_robot_062] => (item={'import_name': 'av', 'pip_name': 'av', 'display_name': 'Python av'}) [0m
[0;36mskipping: [g1_robot_062] => (item={'import_name': 'numpy', 'pip_name': 'numpy', 'display_name': 'Python numpy'}) [0m

TASK [Check unitree_sdk2 installed files] **************************************
[0;32mok: [g1_robot_062] => (item={'name': 'unitree_sdk2 library', 'path': '/usr/local/lib/libunitree_sdk2.a'})[0m
[0;32mok: [g1_robot_062] => (item={'name': 'unitree_sdk2 cmake config', 'path': '/usr/local/lib/cmake/unitree_sdk2/unitree_sdk2Config.cmake'})[0m
[0;32mok: [g1_robot_062] => (item={'name': 'unitree_sdk2 go2 header', 'path': '/usr/local/include/unitree/idl/go2/MotorCmds_.hpp'})[0m

TASK [Record unitree_sdk2 installed file status] *******************************
[0;32mok: [g1_robot_062] => (item={'changed': False, 'stat': {'exists': True, 'path': '/usr/local/lib/libunitree_sdk2.a', 'mode': '0644', 'isdir': False, 'ischr': False, 'isblk': False, 'isreg': True, 'isfifo': False, 'islnk': False, 'issock': False, 'uid': 0, 'gid': 0, 'size': 28836044, 'inode': 1970680, 'dev': 66305, 'nlink': 1, 'atime': 1781171238.3870728, 'mtime': 1779026542.0, 'ctime': 1779027800.344, 'wusr': True, 'rusr': True, 'xusr': False, 'wgrp': False, 'rgrp': True, 'xgrp': False, 'woth': False, 'roth': True, 'xoth': False, 'isuid': False, 'isgid': False, 'blocks': 56328, 'block_size': 4096, 'device_type': 0, 'readable': True, 'writeable': False, 'executable': False, 'pw_name': 'root', 'gr_name': 'root', 'checksum': '6aa9bbd4ee362b0e1b080741ef839c9f07d80444', 'mimetype': 'application/x-archive', 'charset': 'binary', 'version': '1003727779', 'attributes': ['extents'], 'attr_flags': 'e'}, 'invocation': {'module_args': {'path': '/usr/local/lib/libunitree_sdk2.a', 'follow': False, 'get_md5': False, 'get_checksum': True, 'get_mime': True, 'get_attributes': True, 'checksum_algorithm': 'sha1'}}, 'failed': False, 'item': {'name': 'unitree_sdk2 library', 'path': '/usr/local/lib/libunitree_sdk2.a'}, 'ansible_loop_var': 'item'})[0m
[0;32mok: [g1_robot_062] => (item={'changed': False, 'stat': {'exists': True, 'path': '/usr/local/lib/cmake/unitree_sdk2/unitree_sdk2Config.cmake', 'mode': '0644', 'isdir': False, 'ischr': False, 'isblk': False, 'isreg': True, 'isfifo': False, 'islnk': False, 'issock': False, 'uid': 0, 'gid': 0, 'size': 186, 'inode': 13895375, 'dev': 66305, 'nlink': 1, 'atime': 1779027800.0, 'mtime': 1779027701.0, 'ctime': 1779027800.344, 'wusr': True, 'rusr': True, 'xusr': False, 'wgrp': False, 'rgrp': True, 'xgrp': False, 'woth': False, 'roth': True, 'xoth': False, 'isuid': False, 'isgid': False, 'blocks': 8, 'block_size': 4096, 'device_type': 0, 'readable': True, 'writeable': False, 'executable': False, 'pw_name': 'root', 'gr_name': 'root', 'checksum': '3a27dd724be144969a69609c6789b0b9c12a0a94', 'mimetype': 'text/plain', 'charset': 'us-ascii', 'version': '4157182677', 'attributes': ['extents'], 'attr_flags': 'e'}, 'invocation': {'module_args': {'path': '/usr/local/lib/cmake/unitree_sdk2/unitree_sdk2Config.cmake', 'follow': False, 'get_md5': False, 'get_checksum': True, 'get_mime': True, 'get_attributes': True, 'checksum_algorithm': 'sha1'}}, 'failed': False, 'item': {'name': 'unitree_sdk2 cmake config', 'path': '/usr/local/lib/cmake/unitree_sdk2/unitree_sdk2Config.cmake'}, 'ansible_loop_var': 'item'})[0m
[0;32mok: [g1_robot_062] => (item={'changed': False, 'stat': {'exists': True, 'path': '/usr/local/include/unitree/idl/go2/MotorCmds_.hpp', 'mode': '0644', 'isdir': False, 'ischr': False, 'isblk': False, 'isreg': True, 'isfifo': False, 'islnk': False, 'issock': False, 'uid': 0, 'gid': 0, 'size': 14799, 'inode': 3673489, 'dev': 66305, 'nlink': 1, 'atime': 1781171204.357879, 'mtime': 1779026539.0, 'ctime': 1779027800.296, 'wusr': True, 'rusr': True, 'xusr': False, 'wgrp': False, 'rgrp': True, 'xgrp': False, 'woth': False, 'roth': True, 'xoth': False, 'isuid': False, 'isgid': False, 'blocks': 32, 'block_size': 4096, 'device_type': 0, 'readable': True, 'writeable': False, 'executable': False, 'pw_name': 'root', 'gr_name': 'root', 'checksum': '61c007d557e6b98267de2f718cde8828915ac109', 'mimetype': 'text/x-c++', 'charset': 'us-ascii', 'version': '459517894', 'attributes': ['extents'], 'attr_flags': 'e'}, 'invocation': {'module_args': {'path': '/usr/local/include/unitree/idl/go2/MotorCmds_.hpp', 'follow': False, 'get_md5': False, 'get_checksum': True, 'get_mime': True, 'get_attributes': True, 'checksum_algorithm': 'sha1'}}, 'failed': False, 'item': {'name': 'unitree_sdk2 go2 header', 'path': '/usr/local/include/unitree/idl/go2/MotorCmds_.hpp'}, 'ansible_loop_var': 'item'})[0m

TASK [Check apt package installation] ******************************************
[0;32mok: [g1_robot_062] => (item=build-essential)[0m
[0;32mok: [g1_robot_062] => (item=cmake)[0m
[0;32mok: [g1_robot_062] => (item=make)[0m
[0;32mok: [g1_robot_062] => (item=libeigen3-dev)[0m
[0;32mok: [g1_robot_062] => (item=libspdlog-dev)[0m
[0;32mok: [g1_robot_062] => (item=libfmt-dev)[0m
[0;32mok: [g1_robot_062] => (item=libboost-all-dev)[0m
[0;32mok: [g1_robot_062] => (item=libyaml-cpp-dev)[0m

TASK [Record apt package status] ***********************************************
[0;32mok: [g1_robot_062] => (item={'cmd': ['dpkg-query', '-W', '-f=${Status}', 'build-essential'], 'stdout': 'install ok installed', 'stderr': '', 'rc': 0, 'start': '2026-06-17 11:59:43.469490', 'end': '2026-06-17 11:59:43.515917', 'delta': '0:00:00.046427', 'changed': False, 'invocation': {'module_args': {'_raw_params': 'dpkg-query -W -f=${Status} build-essential', 'warn': True, '_uses_shell': False, 'stdin_add_newline': True, 'strip_empty_ends': True, 'argv': None, 'chdir': None, 'executable': None, 'creates': None, 'removes': None, 'stdin': None}}, 'stdout_lines': ['install ok installed'], 'stderr_lines': [], 'failed': False, 'failed_when_result': False, 'item': 'build-essential', 'ansible_loop_var': 'item'})[0m
[0;32mok: [g1_robot_062] => (item={'cmd': ['dpkg-query', '-W', '-f=${Status}', 'cmake'], 'stdout': 'install ok installed', 'stderr': '', 'rc': 0, 'start': '2026-06-17 11:59:43.729089', 'end': '2026-06-17 11:59:43.773868', 'delta': '0:00:00.044779', 'changed': False, 'invocation': {'module_args': {'_raw_params': 'dpkg-query -W -f=${Status} cmake', 'warn': True, '_uses_shell': False, 'stdin_add_newline': True, 'strip_empty_ends': True, 'argv': None, 'chdir': None, 'executable': None, 'creates': None, 'removes': None, 'stdin': None}}, 'stdout_lines': ['install ok installed'], 'stderr_lines': [], 'failed': False, 'failed_when_result': False, 'item': 'cmake', 'ansible_loop_var': 'item'})[0m
[0;32mok: [g1_robot_062] => (item={'cmd': ['dpkg-query', '-W', '-f=${Status}', 'make'], 'stdout': 'install ok installed', 'stderr': '', 'rc': 0, 'start': '2026-06-17 11:59:43.986973', 'end': '2026-06-17 11:59:44.032250', 'delta': '0:00:00.045277', 'changed': False, 'invocation': {'module_args': {'_raw_params': 'dpkg-query -W -f=${Status} make', 'warn': True, '_uses_shell': False, 'stdin_add_newline': True, 'strip_empty_ends': True, 'argv': None, 'chdir': None, 'executable': None, 'creates': None, 'removes': None, 'stdin': None}}, 'stdout_lines': ['install ok installed'], 'stderr_lines': [], 'failed': False, 'failed_when_result': False, 'item': 'make', 'ansible_loop_var': 'item'})[0m
[0;32mok: [g1_robot_062] => (item={'cmd': ['dpkg-query', '-W', '-f=${Status}', 'libeigen3-dev'], 'stdout': 'install ok installed', 'stderr': '', 'rc': 0, 'start': '2026-06-17 11:59:44.244770', 'end': '2026-06-17 11:59:44.290232', 'delta': '0:00:00.045462', 'changed': False, 'invocation': {'module_args': {'_raw_params': 'dpkg-query -W -f=${Status} libeigen3-dev', 'warn': True, '_uses_shell': False, 'stdin_add_newline': True, 'strip_empty_ends': True, 'argv': None, 'chdir': None, 'executable': None, 'creates': None, 'removes': None, 'stdin': None}}, 'stdout_lines': ['install ok installed'], 'stderr_lines': [], 'failed': False, 'failed_when_result': False, 'item': 'libeigen3-dev', 'ansible_loop_var': 'item'})[0m
[0;32mok: [g1_robot_062] => (item={'cmd': ['dpkg-query', '-W', '-f=${Status}', 'libspdlog-dev'], 'stdout': 'install ok installed', 'stderr': '', 'rc': 0, 'start': '2026-06-17 11:59:44.503321', 'end': '2026-06-17 11:59:44.549548', 'delta': '0:00:00.046227', 'changed': False, 'invocation': {'module_args': {'_raw_params': 'dpkg-query -W -f=${Status} libspdlog-dev', 'warn': True, '_uses_shell': False, 'stdin_add_newline': True, 'strip_empty_ends': True, 'argv': None, 'chdir': None, 'executable': None, 'creates': None, 'removes': None, 'stdin': None}}, 'stdout_lines': ['install ok installed'], 'stderr_lines': [], 'failed': False, 'failed_when_result': False, 'item': 'libspdlog-dev', 'ansible_loop_var': 'item'})[0m
[0;32mok: [g1_robot_062] => (item={'cmd': ['dpkg-query', '-W', '-f=${Status}', 'libfmt-dev'], 'stdout': 'install ok installed', 'stderr': '', 'rc': 0, 'start': '2026-06-17 11:59:44.765194', 'end': '2026-06-17 11:59:44.810120', 'delta': '0:00:00.044926', 'changed': False, 'invocation': {'module_args': {'_raw_params': 'dpkg-query -W -f=${Status} libfmt-dev', 'warn': True, '_uses_shell': False, 'stdin_add_newline': True, 'strip_empty_ends': True, 'argv': None, 'chdir': None, 'executable': None, 'creates': None, 'removes': None, 'stdin': None}}, 'stdout_lines': ['install ok installed'], 'stderr_lines': [], 'failed': False, 'failed_when_result': False, 'item': 'libfmt-dev', 'ansible_loop_var': 'item'})[0m
[0;32mok: [g1_robot_062] => (item={'cmd': ['dpkg-query', '-W', '-f=${Status}', 'libboost-all-dev'], 'stdout': 'install ok installed', 'stderr': '', 'rc': 0, 'start': '2026-06-17 11:59:45.022153', 'end': '2026-06-17 11:59:45.067679', 'delta': '0:00:00.045526', 'changed': False, 'invocation': {'module_args': {'_raw_params': 'dpkg-query -W -f=${Status} libboost-all-dev', 'warn': True, '_uses_shell': False, 'stdin_add_newline': True, 'strip_empty_ends': True, 'argv': None, 'chdir': None, 'executable': None, 'creates': None, 'removes': None, 'stdin': None}}, 'stdout_lines': ['install ok installed'], 'stderr_lines': [], 'failed': False, 'failed_when_result': False, 'item': 'libboost-all-dev', 'ansible_loop_var': 'item'})[0m
[0;32mok: [g1_robot_062] => (item={'cmd': ['dpkg-query', '-W', '-f=${Status}', 'libyaml-cpp-dev'], 'stdout': 'install ok installed', 'stderr': '', 'rc': 0, 'start': '2026-06-17 11:59:45.284139', 'end': '2026-06-17 11:59:45.329448', 'delta': '0:00:00.045309', 'changed': False, 'invocation': {'module_args': {'_raw_params': 'dpkg-query -W -f=${Status} libyaml-cpp-dev', 'warn': True, '_uses_shell': False, 'stdin_add_newline': True, 'strip_empty_ends': True, 'argv': None, 'chdir': None, 'executable': None, 'creates': None, 'removes': None, 'stdin': None}}, 'stdout_lines': ['install ok installed'], 'stderr_lines': [], 'failed': False, 'failed_when_result': False, 'item': 'libyaml-cpp-dev', 'ansible_loop_var': 'item'})[0m

TASK [Check remote image service binary] ***************************************
[0;32mok: [g1_robot_062][0m

TASK [Record remote image service binary status] *******************************
[0;32mok: [g1_robot_062][0m

TASK [Check remote_start systemd unit file] ************************************
[0;36mskipping: [g1_robot_062][0m

TASK [Check remote_start service enabled state] ********************************
[0;36mskipping: [g1_robot_062][0m

TASK [Check remote_start service active state] *********************************
[0;36mskipping: [g1_robot_062][0m

TASK [Record remote_start service status] **************************************
[0;36mskipping: [g1_robot_062][0m

TASK [Check camera udev rule file] *********************************************
[0;32mok: [g1_robot_062][0m

TASK [Record camera udev rule file status] *************************************
[0;32mok: [g1_robot_062][0m

TASK [Check camera device symlinks] ********************************************
[0;32mok: [g1_robot_062] => (item=/dev/cam_head)[0m
[0;32mok: [g1_robot_062] => (item=/dev/cam_wrist_left)[0m
[0;32mok: [g1_robot_062] => (item=/dev/cam_wrist_right)[0m

TASK [Record camera device symlink status] *************************************
[0;32mok: [g1_robot_062] => (item={'changed': False, 'stat': {'exists': True, 'path': '/dev/cam_head', 'mode': '0777', 'isdir': False, 'ischr': False, 'isblk': False, 'isreg': False, 'isfifo': False, 'islnk': True, 'issock': False, 'uid': 0, 'gid': 0, 'size': 6, 'inode': 952, 'dev': 5, 'nlink': 1, 'atime': 1781581515.306268, 'mtime': 1781581515.306268, 'ctime': 1781581515.306268, 'wusr': True, 'rusr': True, 'xusr': True, 'wgrp': True, 'rgrp': True, 'xgrp': True, 'woth': True, 'roth': True, 'xoth': True, 'isuid': False, 'isgid': False, 'blocks': 0, 'block_size': 4096, 'device_type': 0, 'readable': True, 'writeable': True, 'executable': False, 'lnk_source': '/dev/video6', 'lnk_target': 'video6', 'pw_name': 'root', 'gr_name': 'root', 'mimetype': 'inode/symlink', 'charset': 'binary', 'version': None, 'attributes': [], 'attr_flags': ''}, 'invocation': {'module_args': {'path': '/dev/cam_head', 'follow': False, 'get_md5': False, 'get_checksum': True, 'get_mime': True, 'get_attributes': True, 'checksum_algorithm': 'sha1'}}, 'failed': False, 'item': '/dev/cam_head', 'ansible_loop_var': 'item'})[0m
[0;32mok: [g1_robot_062] => (item={'changed': False, 'stat': {'exists': True, 'path': '/dev/cam_wrist_left', 'mode': '0777', 'isdir': False, 'ischr': False, 'isblk': False, 'isreg': False, 'isfifo': False, 'islnk': True, 'issock': False, 'uid': 0, 'gid': 0, 'size': 6, 'inode': 966, 'dev': 5, 'nlink': 1, 'atime': 13822501.884, 'mtime': 1781581515.338268, 'ctime': 1781581515.338268, 'wusr': True, 'rusr': True, 'xusr': True, 'wgrp': True, 'rgrp': True, 'xgrp': True, 'woth': True, 'roth': True, 'xoth': True, 'isuid': False, 'isgid': False, 'blocks': 0, 'block_size': 4096, 'device_type': 0, 'readable': True, 'writeable': True, 'executable': False, 'lnk_source': '/dev/video8', 'lnk_target': 'video8', 'pw_name': 'root', 'gr_name': 'root', 'mimetype': 'inode/symlink', 'charset': 'binary', 'version': None, 'attributes': [], 'attr_flags': ''}, 'invocation': {'module_args': {'path': '/dev/cam_wrist_left', 'follow': False, 'get_md5': False, 'get_checksum': True, 'get_mime': True, 'get_attributes': True, 'checksum_algorithm': 'sha1'}}, 'failed': False, 'item': '/dev/cam_wrist_left', 'ansible_loop_var': 'item'})[0m
[0;32mok: [g1_robot_062] => (item={'changed': False, 'stat': {'exists': True, 'path': '/dev/cam_wrist_right', 'mode': '0777', 'isdir': False, 'ischr': False, 'isblk': False, 'isreg': False, 'isfifo': False, 'islnk': True, 'issock': False, 'uid': 0, 'gid': 0, 'size': 6, 'inode': 916, 'dev': 5, 'nlink': 1, 'atime': 13822501.932, 'mtime': 1781581515.286268, 'ctime': 1781581515.286268, 'wusr': True, 'rusr': True, 'xusr': True, 'wgrp': True, 'rgrp': True, 'xgrp': True, 'woth': True, 'roth': True, 'xoth': True, 'isuid': False, 'isgid': False, 'blocks': 0, 'block_size': 4096, 'device_type': 0, 'readable': True, 'writeable': True, 'executable': False, 'lnk_source': '/dev/video0', 'lnk_target': 'video0', 'pw_name': 'root', 'gr_name': 'root', 'mimetype': 'inode/symlink', 'charset': 'binary', 'version': None, 'attributes': [], 'attr_flags': ''}, 'invocation': {'module_args': {'path': '/dev/cam_wrist_right', 'follow': False, 'get_md5': False, 'get_checksum': True, 'get_mime': True, 'get_attributes': True, 'checksum_algorithm': 'sha1'}}, 'failed': False, 'item': '/dev/cam_wrist_right', 'ansible_loop_var': 'item'})[0m

TASK [Check ROS2 camera topic heartbeats] **************************************
[0;32mok: [g1_robot_062] => (item={'topic': '/cam_head/compressed_image', 'label': '头部相机'})[0m
[0;32mok: [g1_robot_062] => (item={'topic': '/cam_wrist_left/compressed_image', 'label': '左腕相机'})[0m
[0;32mok: [g1_robot_062] => (item={'topic': '/cam_wrist_right/compressed_image', 'label': '右腕相机'})[0m

TASK [Initialize ROS2 camera topic heartbeat results] **************************
[0;32mok: [g1_robot_062][0m

TASK [Record ROS2 camera topic heartbeat status] *******************************
[0;32mok: [g1_robot_062] => (item={'cmd': 'set +e\nexport HOME=/home/unitree\nexport ROS_VERSION=2\nexport ROS_DISTRO=foxy\nexport RMW_IMPLEMENTATION=rmw_cyclonedds_cpp\nexport CYCLONEDDS_URI=file:///home/unitree/unitree_ros2/cyclonedds_ws/src/cyclonedds.xml\nexport PYTHONUNBUFFERED=1\nsource /opt/ros/foxy/setup.bash\nif [ -f /home/unitree/unitree_ros2/cyclonedds_ws/install/setup.bash ]; then\n  source /home/unitree/unitree_ros2/cyclonedds_ws/install/setup.bash\nfi\nif [ -f /home/unitree/cos_ws/install/setup.bash ]; then\n  source /home/unitree/cos_ws/install/setup.bash\nfi\ntimeout 5 ros2 topic hz /cam_head/compressed_image 2>&1\nexit 0\n', 'stdout': 'average rate: 29.876\n\tmin: 0.030s max: 0.039s std dev: 0.00175s window: 31\naverage rate: 29.917\n\tmin: 0.030s max: 0.039s std dev: 0.00162s window: 61\naverage rate: 29.959\n\tmin: 0.030s max: 0.039s std dev: 0.00151s window: 92', 'stderr': '', 'rc': 0, 'start': '2026-06-17 11:59:48.662693', 'end': '2026-06-17 11:59:54.559333', 'delta': '0:00:05.896640', 'changed': False, 'invocation': {'module_args': {'executable': '/bin/bash', '_raw_params': 'set +e\nexport HOME=/home/unitree\nexport ROS_VERSION=2\nexport ROS_DISTRO=foxy\nexport RMW_IMPLEMENTATION=rmw_cyclonedds_cpp\nexport CYCLONEDDS_URI=file:///home/unitree/unitree_ros2/cyclonedds_ws/src/cyclonedds.xml\nexport PYTHONUNBUFFERED=1\nsource /opt/ros/foxy/setup.bash\nif [ -f /home/unitree/unitree_ros2/cyclonedds_ws/install/setup.bash ]; then\n  source /home/unitree/unitree_ros2/cyclonedds_ws/install/setup.bash\nfi\nif [ -f /home/unitree/cos_ws/install/setup.bash ]; then\n  source /home/unitree/cos_ws/install/setup.bash\nfi\ntimeout 5 ros2 topic hz /cam_head/compressed_image 2>&1\nexit 0\n', '_uses_shell': True, 'warn': True, 'stdin_add_newline': True, 'strip_empty_ends': True, 'argv': None, 'chdir': None, 'creates': None, 'removes': None, 'stdin': None}}, 'stdout_lines': ['average rate: 29.876', '\tmin: 0.030s max: 0.039s std dev: 0.00175s window: 31', 'average rate: 29.917', '\tmin: 0.030s max: 0.039s std dev: 0.00162s window: 61', 'average rate: 29.959', '\tmin: 0.030s max: 0.039s std dev: 0.00151s window: 92'], 'stderr_lines': [], 'failed': False, 'failed_when_result': False, 'item': {'topic': '/cam_head/compressed_image', 'label': '头部相机'}, 'ansible_loop_var': 'item'})[0m
[0;32mok: [g1_robot_062] => (item={'cmd': 'set +e\nexport HOME=/home/unitree\nexport ROS_VERSION=2\nexport ROS_DISTRO=foxy\nexport RMW_IMPLEMENTATION=rmw_cyclonedds_cpp\nexport CYCLONEDDS_URI=file:///home/unitree/unitree_ros2/cyclonedds_ws/src/cyclonedds.xml\nexport PYTHONUNBUFFERED=1\nsource /opt/ros/foxy/setup.bash\nif [ -f /home/unitree/unitree_ros2/cyclonedds_ws/install/setup.bash ]; then\n  source /home/unitree/unitree_ros2/cyclonedds_ws/install/setup.bash\nfi\nif [ -f /home/unitree/cos_ws/install/setup.bash ]; then\n  source /home/unitree/cos_ws/install/setup.bash\nfi\ntimeout 5 ros2 topic hz /cam_wrist_left/compressed_image 2>&1\nexit 0\n', 'stdout': 'average rate: 29.822\n\tmin: 0.031s max: 0.036s std dev: 0.00122s window: 31\naverage rate: 29.930\n\tmin: 0.031s max: 0.036s std dev: 0.00112s window: 62\naverage rate: 29.953\n\tmin: 0.030s max: 0.037s std dev: 0.00123s window: 92', 'stderr': '', 'rc': 0, 'start': '2026-06-17 11:59:54.783143', 'end': '2026-06-17 12:00:00.684058', 'delta': '0:00:05.900915', 'changed': False, 'invocation': {'module_args': {'executable': '/bin/bash', '_raw_params': 'set +e\nexport HOME=/home/unitree\nexport ROS_VERSION=2\nexport ROS_DISTRO=foxy\nexport RMW_IMPLEMENTATION=rmw_cyclonedds_cpp\nexport CYCLONEDDS_URI=file:///home/unitree/unitree_ros2/cyclonedds_ws/src/cyclonedds.xml\nexport PYTHONUNBUFFERED=1\nsource /opt/ros/foxy/setup.bash\nif [ -f /home/unitree/unitree_ros2/cyclonedds_ws/install/setup.bash ]; then\n  source /home/unitree/unitree_ros2/cyclonedds_ws/install/setup.bash\nfi\nif [ -f /home/unitree/cos_ws/install/setup.bash ]; then\n  source /home/unitree/cos_ws/install/setup.bash\nfi\ntimeout 5 ros2 topic hz /cam_wrist_left/compressed_image 2>&1\nexit 0\n', '_uses_shell': True, 'warn': True, 'stdin_add_newline': True, 'strip_empty_ends': True, 'argv': None, 'chdir': None, 'creates': None, 'removes': None, 'stdin': None}}, 'stdout_lines': ['average rate: 29.822', '\tmin: 0.031s max: 0.036s std dev: 0.00122s window: 31', 'average rate: 29.930', '\tmin: 0.031s max: 0.036s std dev: 0.00112s window: 62', 'average rate: 29.953', '\tmin: 0.030s max: 0.037s std dev: 0.00123s window: 92'], 'stderr_lines': [], 'failed': False, 'failed_when_result': False, 'item': {'topic': '/cam_wrist_left/compressed_image', 'label': '左腕相机'}, 'ansible_loop_var': 'item'})[0m
[0;32mok: [g1_robot_062] => (item={'cmd': 'set +e\nexport HOME=/home/unitree\nexport ROS_VERSION=2\nexport ROS_DISTRO=foxy\nexport RMW_IMPLEMENTATION=rmw_cyclonedds_cpp\nexport CYCLONEDDS_URI=file:///home/unitree/unitree_ros2/cyclonedds_ws/src/cyclonedds.xml\nexport PYTHONUNBUFFERED=1\nsource /opt/ros/foxy/setup.bash\nif [ -f /home/unitree/unitree_ros2/cyclonedds_ws/install/setup.bash ]; then\n  source /home/unitree/unitree_ros2/cyclonedds_ws/install/setup.bash\nfi\nif [ -f /home/unitree/cos_ws/install/setup.bash ]; then\n  source /home/unitree/cos_ws/install/setup.bash\nfi\ntimeout 5 ros2 topic hz /cam_wrist_right/compressed_image 2>&1\nexit 0\n', 'stdout': 'average rate: 29.847\n\tmin: 0.030s max: 0.037s std dev: 0.00143s window: 31\naverage rate: 29.941\n\tmin: 0.030s max: 0.037s std dev: 0.00138s window: 62\naverage rate: 29.955\n\tmin: 0.029s max: 0.037s std dev: 0.00143s window: 92', 'stderr': '', 'rc': 0, 'start': '2026-06-17 12:00:00.910113', 'end': '2026-06-17 12:00:06.801986', 'delta': '0:00:05.891873', 'changed': False, 'invocation': {'module_args': {'executable': '/bin/bash', '_raw_params': 'set +e\nexport HOME=/home/unitree\nexport ROS_VERSION=2\nexport ROS_DISTRO=foxy\nexport RMW_IMPLEMENTATION=rmw_cyclonedds_cpp\nexport CYCLONEDDS_URI=file:///home/unitree/unitree_ros2/cyclonedds_ws/src/cyclonedds.xml\nexport PYTHONUNBUFFERED=1\nsource /opt/ros/foxy/setup.bash\nif [ -f /home/unitree/unitree_ros2/cyclonedds_ws/install/setup.bash ]; then\n  source /home/unitree/unitree_ros2/cyclonedds_ws/install/setup.bash\nfi\nif [ -f /home/unitree/cos_ws/install/setup.bash ]; then\n  source /home/unitree/cos_ws/install/setup.bash\nfi\ntimeout 5 ros2 topic hz /cam_wrist_right/compressed_image 2>&1\nexit 0\n', '_uses_shell': True, 'warn': True, 'stdin_add_newline': True, 'strip_empty_ends': True, 'argv': None, 'chdir': None, 'creates': None, 'removes': None, 'stdin': None}}, 'stdout_lines': ['average rate: 29.847', '\tmin: 0.030s max: 0.037s std dev: 0.00143s window: 31', 'average rate: 29.941', '\tmin: 0.030s max: 0.037s std dev: 0.00138s window: 62', 'average rate: 29.955', '\tmin: 0.029s max: 0.037s std dev: 0.00143s window: 92'], 'stderr_lines': [], 'failed': False, 'failed_when_result': False, 'item': {'topic': '/cam_wrist_right/compressed_image', 'label': '右腕相机'}, 'ansible_loop_var': 'item'})[0m

TASK [Build structured camera status map] **************************************
[0;32mok: [g1_robot_062] => (item={'topic': '/cam_head/compressed_image', 'label': '头部相机', 'status': 'OK', 'rate_hz': 29.876})[0m
[0;32mok: [g1_robot_062] => (item={'topic': '/cam_wrist_left/compressed_image', 'label': '左腕相机', 'status': 'OK', 'rate_hz': 29.822})[0m
[0;32mok: [g1_robot_062] => (item={'topic': '/cam_wrist_right/compressed_image', 'label': '右腕相机', 'status': 'OK', 'rate_hz': 29.847})[0m

TASK [Initialize normalized camera topic heartbeat results] ********************
[0;32mok: [g1_robot_062][0m

TASK [Normalize camera topic heartbeat results] ********************************
[0;32mok: [g1_robot_062] => (item={'topic': '/cam_head/compressed_image', 'label': '头部相机'})[0m
[0;32mok: [g1_robot_062] => (item={'topic': '/cam_wrist_left/compressed_image', 'label': '左腕相机'})[0m
[0;32mok: [g1_robot_062] => (item={'topic': '/cam_wrist_right/compressed_image', 'label': '右腕相机'})[0m

TASK [Replace camera topic heartbeat results with normalized list] *************
[0;32mok: [g1_robot_062][0m

TASK [Build structured camera status map] **************************************
[0;32mok: [g1_robot_062] => (item={'topic': '/cam_head/compressed_image', 'label': '头部相机', 'status': 'OK', 'rate_hz': 29.876})[0m
[0;32mok: [g1_robot_062] => (item={'topic': '/cam_wrist_left/compressed_image', 'label': '左腕相机', 'status': 'OK', 'rate_hz': 29.822})[0m
[0;32mok: [g1_robot_062] => (item={'topic': '/cam_wrist_right/compressed_image', 'label': '右腕相机', 'status': 'OK', 'rate_hz': 29.847})[0m

TASK [Check cos_teleop camera journal] *****************************************
[0;32mok: [g1_robot_062][0m

TASK [Record cos_teleop camera journal status] *********************************
[0;32mok: [g1_robot_062][0m

TASK [Run common installation tasks] *******************************************
[0;36mskipping: [g1_robot_062][0m

TASK [Run dex1 module when selected] *******************************************
[0;36mincluded: /home/jeff/coscene/code/codex/G1CI/基础环境检查/tasks/dex1.yml for g1_robot_062[0m

TASK [Set dex1 paths] **********************************************************
[0;32mok: [g1_robot_062][0m

TASK [Check dex1 files] ********************************************************
[0;32mok: [g1_robot_062] => (item={'name': 'dex1 source directory', 'path': '/home/unitree/g1_setup/dex1_1_service'})[0m
[0;32mok: [g1_robot_062] => (item={'name': 'dex1 bin directory', 'path': '/home/unitree/g1_setup/dex1_1_service/bin'})[0m
[0;32mok: [g1_robot_062] => (item={'name': 'dex1 server binary', 'path': '/home/unitree/g1_setup/dex1_1_service/bin/dex1_1_gripper_server'})[0m
[0;32mok: [g1_robot_062] => (item={'name': 'dex1 test binary', 'path': '/home/unitree/g1_setup/dex1_1_service/bin/test_dex1_1_gripper_server'})[0m
[0;32mok: [g1_robot_062] => (item={'name': 'dex1 systemd unit file', 'path': '/etc/systemd/system/dex1_gripper.service'})[0m

TASK [Record dex1 file status] *************************************************
[0;32mok: [g1_robot_062] => (item={'changed': False, 'stat': {'exists': True, 'path': '/home/unitree/g1_setup/dex1_1_service', 'mode': '0700', 'isdir': True, 'ischr': False, 'isblk': False, 'isreg': False, 'isfifo': False, 'islnk': False, 'issock': False, 'uid': 1000, 'gid': 1000, 'size': 4096, 'inode': 10354754, 'dev': 66305, 'nlink': 7, 'atime': 1781668777.2232542, 'mtime': 1781171195.5935717, 'ctime': 1781171195.5935717, 'wusr': True, 'rusr': True, 'xusr': True, 'wgrp': False, 'rgrp': False, 'xgrp': False, 'woth': False, 'roth': False, 'xoth': False, 'isuid': False, 'isgid': False, 'blocks': 8, 'block_size': 4096, 'device_type': 0, 'readable': True, 'writeable': True, 'executable': True, 'pw_name': 'unitree', 'gr_name': 'unitree', 'mimetype': 'inode/directory', 'charset': 'binary', 'version': '3186196708', 'attributes': ['extents'], 'attr_flags': 'e'}, 'invocation': {'module_args': {'path': '/home/unitree/g1_setup/dex1_1_service', 'follow': False, 'get_md5': False, 'get_checksum': True, 'get_mime': True, 'get_attributes': True, 'checksum_algorithm': 'sha1'}}, 'failed': False, 'item': {'name': 'dex1 source directory', 'path': '/home/unitree/g1_setup/dex1_1_service'}, 'ansible_loop_var': 'item'})[0m
[0;32mok: [g1_robot_062] => (item={'changed': False, 'stat': {'exists': True, 'path': '/home/unitree/g1_setup/dex1_1_service/bin', 'mode': '0775', 'isdir': True, 'ischr': False, 'isblk': False, 'isreg': False, 'isfifo': False, 'islnk': False, 'issock': False, 'uid': 1000, 'gid': 1000, 'size': 4096, 'inode': 10486163, 'dev': 66305, 'nlink': 2, 'atime': 1781668777.2232542, 'mtime': 1781171242.9432328, 'ctime': 1781171242.9432328, 'wusr': True, 'rusr': True, 'xusr': True, 'wgrp': True, 'rgrp': True, 'xgrp': True, 'woth': False, 'roth': True, 'xoth': True, 'isuid': False, 'isgid': False, 'blocks': 8, 'block_size': 4096, 'device_type': 0, 'readable': True, 'writeable': True, 'executable': True, 'pw_name': 'unitree', 'gr_name': 'unitree', 'mimetype': 'inode/directory', 'charset': 'binary', 'version': '533132340', 'attributes': ['extents'], 'attr_flags': 'e'}, 'invocation': {'module_args': {'path': '/home/unitree/g1_setup/dex1_1_service/bin', 'follow': False, 'get_md5': False, 'get_checksum': True, 'get_mime': True, 'get_attributes': True, 'checksum_algorithm': 'sha1'}}, 'failed': False, 'item': {'name': 'dex1 bin directory', 'path': '/home/unitree/g1_setup/dex1_1_service/bin'}, 'ansible_loop_var': 'item'})[0m
[0;32mok: [g1_robot_062] => (item={'changed': False, 'stat': {'exists': True, 'path': '/home/unitree/g1_setup/dex1_1_service/bin/dex1_1_gripper_server', 'mode': '0775', 'isdir': False, 'ischr': False, 'isblk': False, 'isreg': True, 'isfifo': False, 'islnk': False, 'issock': False, 'uid': 1000, 'gid': 1000, 'size': 3764792, 'inode': 10486720, 'dev': 66305, 'nlink': 1, 'atime': 1781511724.632041, 'mtime': 1781171243.523253, 'ctime': 1781171243.523253, 'wusr': True, 'rusr': True, 'xusr': True, 'wgrp': True, 'rgrp': True, 'xgrp': True, 'woth': False, 'roth': True, 'xoth': True, 'isuid': False, 'isgid': False, 'blocks': 7360, 'block_size': 4096, 'device_type': 0, 'readable': True, 'writeable': True, 'executable': True, 'pw_name': 'unitree', 'gr_name': 'unitree', 'checksum': 'a046da2fee06ee61c4cf006c38f3de855f5ec471', 'mimetype': 'application/x-sharedlib', 'charset': 'binary', 'version': '2429283069', 'attributes': ['extents'], 'attr_flags': 'e'}, 'invocation': {'module_args': {'path': '/home/unitree/g1_setup/dex1_1_service/bin/dex1_1_gripper_server', 'follow': False, 'get_md5': False, 'get_checksum': True, 'get_mime': True, 'get_attributes': True, 'checksum_algorithm': 'sha1'}}, 'failed': False, 'item': {'name': 'dex1 server binary', 'path': '/home/unitree/g1_setup/dex1_1_service/bin/dex1_1_gripper_server'}, 'ansible_loop_var': 'item'})[0m
[0;32mok: [g1_robot_062] => (item={'changed': False, 'stat': {'exists': True, 'path': '/home/unitree/g1_setup/dex1_1_service/bin/test_dex1_1_gripper_server', 'mode': '0775', 'isdir': False, 'ischr': False, 'isblk': False, 'isreg': True, 'isfifo': False, 'islnk': False, 'issock': False, 'uid': 1000, 'gid': 1000, 'size': 3686232, 'inode': 10486714, 'dev': 66305, 'nlink': 1, 'atime': 1781512634.9795222, 'mtime': 1781171239.0230951, 'ctime': 1781171239.0230951, 'wusr': True, 'rusr': True, 'xusr': True, 'wgrp': True, 'rgrp': True, 'xgrp': True, 'woth': False, 'roth': True, 'xoth': True, 'isuid': False, 'isgid': False, 'blocks': 7200, 'block_size': 4096, 'device_type': 0, 'readable': True, 'writeable': True, 'executable': True, 'pw_name': 'unitree', 'gr_name': 'unitree', 'checksum': '9d87ca1ae8b3ea09cf006a809a499c1a571f875b', 'mimetype': 'application/x-sharedlib', 'charset': 'binary', 'version': '3469395102', 'attributes': ['extents'], 'attr_flags': 'e'}, 'invocation': {'module_args': {'path': '/home/unitree/g1_setup/dex1_1_service/bin/test_dex1_1_gripper_server', 'follow': False, 'get_md5': False, 'get_checksum': True, 'get_mime': True, 'get_attributes': True, 'checksum_algorithm': 'sha1'}}, 'failed': False, 'item': {'name': 'dex1 test binary', 'path': '/home/unitree/g1_setup/dex1_1_service/bin/test_dex1_1_gripper_server'}, 'ansible_loop_var': 'item'})[0m
[0;32mok: [g1_robot_062] => (item={'changed': False, 'stat': {'exists': True, 'path': '/etc/systemd/system/dex1_gripper.service', 'mode': '0644', 'isdir': False, 'ischr': False, 'isblk': False, 'isreg': True, 'isfifo': False, 'islnk': False, 'issock': False, 'uid': 0, 'gid': 0, 'size': 573, 'inode': 920729, 'dev': 66305, 'nlink': 1, 'atime': 1781502206.45093, 'mtime': 1779028258.2785594, 'ctime': 1779028258.2785594, 'wusr': True, 'rusr': True, 'xusr': False, 'wgrp': False, 'rgrp': True, 'xgrp': False, 'woth': False, 'roth': True, 'xoth': False, 'isuid': False, 'isgid': False, 'blocks': 8, 'block_size': 4096, 'device_type': 0, 'readable': True, 'writeable': False, 'executable': False, 'pw_name': 'root', 'gr_name': 'root', 'checksum': 'edae5d792826d7313bd810f4f5c92688f14bc285', 'mimetype': 'text/plain', 'charset': 'us-ascii', 'version': '2037866443', 'attributes': ['extents'], 'attr_flags': 'e'}, 'invocation': {'module_args': {'path': '/etc/systemd/system/dex1_gripper.service', 'follow': False, 'get_md5': False, 'get_checksum': True, 'get_mime': True, 'get_attributes': True, 'checksum_algorithm': 'sha1'}}, 'failed': False, 'item': {'name': 'dex1 systemd unit file', 'path': '/etc/systemd/system/dex1_gripper.service'}, 'ansible_loop_var': 'item'})[0m

TASK [Check dex1 server binary executable bit] *********************************
[0;32mok: [g1_robot_062][0m

TASK [Record dex1 server executable status] ************************************
[0;32mok: [g1_robot_062][0m

TASK [Check dex1 dynamic library dependencies] *********************************
[0;32mok: [g1_robot_062][0m

TASK [Record dex1 dynamic library status] **************************************
[0;32mok: [g1_robot_062][0m

TASK [Check dex1 service enabled state] ****************************************
[0;32mok: [g1_robot_062][0m

TASK [Check dex1 service active state] *****************************************
[0;32mok: [g1_robot_062][0m

TASK [Initialize dex1 service recovery result] *********************************
[0;32mok: [g1_robot_062][0m

TASK [Restart dex1 service until active] ***************************************
[0;36mskipping: [g1_robot_062][0m

TASK [Recheck dex1 service active state after recovery] ************************
[0;36mskipping: [g1_robot_062][0m

TASK [Update dex1 service recovery result] *************************************
[0;36mskipping: [g1_robot_062][0m

TASK [Collect dex1 service status after failed recovery] ***********************
[0;36mskipping: [g1_robot_062][0m

TASK [Collect dex1 service journal after failed recovery] **********************
[0;36mskipping: [g1_robot_062][0m

TASK [Record dex1 service status] **********************************************
[0;32mok: [g1_robot_062][0m

TASK [Collect dex1 recent service journal] *************************************
[0;32mok: [g1_robot_062][0m

TASK [Detect dex1 service health issue] ****************************************
[0;32mok: [g1_robot_062][0m

TASK [Restart dex1 service after health issue] *********************************
[0;33mchanged: [g1_robot_062][0m

TASK [Collect dex1 recent service journal after health restart] ****************
[0;32mok: [g1_robot_062][0m

TASK [Record dex1 motor binding health] ****************************************
[0;32mok: [g1_robot_062][0m

TASK [Record dex1 service recovery install result] *****************************
[0;36mskipping: [g1_robot_062][0m

TASK [Check conflicting brainco service enabled state] *************************
[0;36mskipping: [g1_robot_062][0m

TASK [Check conflicting brainco service active state] **************************
[0;36mskipping: [g1_robot_062][0m

TASK [Record conflicting brainco service status] *******************************
[0;36mskipping: [g1_robot_062][0m

TASK [Record missing dex1 module when selected] ********************************
[0;36mskipping: [g1_robot_062][0m

TASK [Run brainco module when selected] ****************************************
[0;36mskipping: [g1_robot_062][0m

TASK [Record missing brainco module when selected] *****************************
[0;36mskipping: [g1_robot_062][0m

TASK [Stop conflicting brainco service for dex1] *******************************
[0;36mskipping: [g1_robot_062][0m

TASK [Disable conflicting brainco service for dex1] ****************************
[0;36mskipping: [g1_robot_062][0m

TASK [Record conflicting brainco service stop result] **************************
[0;36mskipping: [g1_robot_062][0m

TASK [Stop conflicting dex1 service for brainco] *******************************
[0;36mskipping: [g1_robot_062][0m

TASK [Disable conflicting dex1 service for brainco] ****************************
[0;36mskipping: [g1_robot_062][0m

TASK [Record conflicting dex1 service stop result] *****************************
[0;36mskipping: [g1_robot_062][0m

TASK [Stop dex1 service when no end effector is selected] **********************
[0;36mskipping: [g1_robot_062][0m

TASK [Stop brainco service when no end effector is selected] *******************
[0;36mskipping: [g1_robot_062][0m

TASK [Disable dex1 service when no end effector is selected] *******************
[0;36mskipping: [g1_robot_062][0m

TASK [Disable brainco service when no end effector is selected] ****************
[0;36mskipping: [g1_robot_062][0m

TASK [Record all end effector service stop result] *****************************
[0;36mskipping: [g1_robot_062][0m

TASK [Record skipped end effector checks] **************************************
[0;36mskipping: [g1_robot_062][0m

TASK [Record invalid end effector checks] **************************************
[0;36mskipping: [g1_robot_062][0m

TASK [Check required setup services] *******************************************
[0;32mok: [g1_robot_062] => (item=cos_agent.service)[0m
[0;32mok: [g1_robot_062] => (item=cos_teleop.service)[0m
[0;32mok: [g1_robot_062] => (item=xrobotoolkit-pc-service.service)[0m

TASK [Build canonical setup success gate] **************************************
[0;32mok: [g1_robot_062] => (item={'cmd': 'set +e\nservice="cos_agent.service"\nactive="$(systemctl is-active "$service" 2>&1)"\nactive_rc=$?\nstatus="$(systemctl status "$service" --no-pager -l 2>&1)"\nstatus_rc=$?\nif [ "$active_rc" -eq 0 ]; then active_ok=1; else active_ok=0; fi\nprintf \'__SETUP_SERVICE__ name=%s active=%s active_rc=%s status_rc=%s\\n\' "$service" "$active_ok" "$active_rc" "$status_rc"\nprintf \'%s\\n\' "$active"\nprintf \'%s\\n\' "$status"\nexit 0\n', 'stdout': '__SETUP_SERVICE__ name=cos_agent.service active=1 active_rc=0 status_rc=0\nactive\n● cos_agent.service - coScene agent ROS2 Node\n     Loaded: loaded (/etc/systemd/system/cos_agent.service; enabled; vendor preset: enabled)\n     Active: active (running) since Tue 2026-06-16 11:45:18 CST; 24h ago\n   Main PID: 1022 (ros2)\n      Tasks: 22 (limit: 18143)\n     Memory: 70.2M\n     CGroup: /system.slice/cos_agent.service\n             ├─1022 /usr/bin/python3 /opt/ros/foxy/bin/ros2 launch agent agent.launch.py\n             └─1806 /opt/ros/foxy/lib/agent/agent_node --ros-args -r __node:=agent_node --params-file /tmp/launch_params_0j5shmzr\n\nJun 16 11:45:18 unitree-6812 systemd[1]: Started coScene agent ROS2 Node.\nJun 10 07:35:00 unitree-6812 bash[1022]: [INFO] [launch]: All log files can be found below /home/unitree/.ros/log/1970-06-10-07-35-00-555658-unitree-6812-1022\nJun 10 07:35:00 unitree-6812 bash[1022]: [INFO] [launch]: Default logging verbosity is set to INFO\nJun 10 07:35:00 unitree-6812 bash[1022]: [INFO] [agent_node-1]: process started with pid [1806]\nJun 10 07:35:00 unitree-6812 bash[1022]: [agent_node-1] [INFO] [0013822500.782405856] [agent]: GIT HASH: 3b79b82ad16859b4b425ab438c167e81ba597a76\nJun 10 07:35:00 unitree-6812 bash[1022]: [agent_node-1] ╔═════════════════════════════════════════════════════════════════════════╗\nJun 10 07:35:00 unitree-6812 bash[1022]: [agent_node-1] ║              coScene Agent Started - ROS 2, version: 0.4.10              ║\nJun 10 07:35:00 unitree-6812 bash[1022]: [agent_node-1] ╚═════════════════════════════════════════════════════════════════════════╝\nJun 10 07:35:00 unitree-6812 bash[1022]: [agent_node-1] [INFO] [0013822500.782474752] [agent]: try to connect nats server...\nJun 10 07:35:16 unitree-6812 bash[1022]: [agent_node-1] [INFO] [0013822516.877016960] [agent]: connect nats success!', 'stderr': '', 'rc': 0, 'start': '2026-06-17 12:00:17.346334', 'end': '2026-06-17 12:00:17.406800', 'delta': '0:00:00.060466', 'changed': False, 'invocation': {'module_args': {'executable': '/bin/bash', '_raw_params': 'set +e\nservice="cos_agent.service"\nactive="$(systemctl is-active "$service" 2>&1)"\nactive_rc=$?\nstatus="$(systemctl status "$service" --no-pager -l 2>&1)"\nstatus_rc=$?\nif [ "$active_rc" -eq 0 ]; then active_ok=1; else active_ok=0; fi\nprintf \'__SETUP_SERVICE__ name=%s active=%s active_rc=%s status_rc=%s\\n\' "$service" "$active_ok" "$active_rc" "$status_rc"\nprintf \'%s\\n\' "$active"\nprintf \'%s\\n\' "$status"\nexit 0\n', '_uses_shell': True, 'warn': True, 'stdin_add_newline': True, 'strip_empty_ends': True, 'argv': None, 'chdir': None, 'creates': None, 'removes': None, 'stdin': None}}, 'stdout_lines': ['__SETUP_SERVICE__ name=cos_agent.service active=1 active_rc=0 status_rc=0', 'active', '● cos_agent.service - coScene agent ROS2 Node', '     Loaded: loaded (/etc/systemd/system/cos_agent.service; enabled; vendor preset: enabled)', '     Active: active (running) since Tue 2026-06-16 11:45:18 CST; 24h ago', '   Main PID: 1022 (ros2)', '      Tasks: 22 (limit: 18143)', '     Memory: 70.2M', '     CGroup: /system.slice/cos_agent.service', '             ├─1022 /usr/bin/python3 /opt/ros/foxy/bin/ros2 launch agent agent.launch.py', '             └─1806 /opt/ros/foxy/lib/agent/agent_node --ros-args -r __node:=agent_node --params-file /tmp/launch_params_0j5shmzr', '', 'Jun 16 11:45:18 unitree-6812 systemd[1]: Started coScene agent ROS2 Node.', 'Jun 10 07:35:00 unitree-6812 bash[1022]: [INFO] [launch]: All log files can be found below /home/unitree/.ros/log/1970-06-10-07-35-00-555658-unitree-6812-1022', 'Jun 10 07:35:00 unitree-6812 bash[1022]: [INFO] [launch]: Default logging verbosity is set to INFO', 'Jun 10 07:35:00 unitree-6812 bash[1022]: [INFO] [agent_node-1]: process started with pid [1806]', 'Jun 10 07:35:00 unitree-6812 bash[1022]: [agent_node-1] [INFO] [0013822500.782405856] [agent]: GIT HASH: 3b79b82ad16859b4b425ab438c167e81ba597a76', 'Jun 10 07:35:00 unitree-6812 bash[1022]: [agent_node-1] ╔═════════════════════════════════════════════════════════════════════════╗', 'Jun 10 07:35:00 unitree-6812 bash[1022]: [agent_node-1] ║              coScene Agent Started - ROS 2, version: 0.4.10              ║', 'Jun 10 07:35:00 unitree-6812 bash[1022]: [agent_node-1] ╚═════════════════════════════════════════════════════════════════════════╝', 'Jun 10 07:35:00 unitree-6812 bash[1022]: [agent_node-1] [INFO] [0013822500.782474752] [agent]: try to connect nats server...', 'Jun 10 07:35:16 unitree-6812 bash[1022]: [agent_node-1] [INFO] [0013822516.877016960] [agent]: connect nats success!'], 'stderr_lines': [], 'failed': False, 'failed_when_result': False, 'item': 'cos_agent.service', 'ansible_loop_var': 'item'})[0m
[0;32mok: [g1_robot_062] => (item={'cmd': 'set +e\nservice="cos_teleop.service"\nactive="$(systemctl is-active "$service" 2>&1)"\nactive_rc=$?\nstatus="$(systemctl status "$service" --no-pager -l 2>&1)"\nstatus_rc=$?\nif [ "$active_rc" -eq 0 ]; then active_ok=1; else active_ok=0; fi\nprintf \'__SETUP_SERVICE__ name=%s active=%s active_rc=%s status_rc=%s\\n\' "$service" "$active_ok" "$active_rc" "$status_rc"\nprintf \'%s\\n\' "$active"\nprintf \'%s\\n\' "$status"\nexit 0\n', 'stdout': '__SETUP_SERVICE__ name=cos_teleop.service active=1 active_rc=0 status_rc=0\nactive\n● cos_teleop.service - coScene teleop_server ROS2 Node\n     Loaded: loaded (/etc/systemd/system/cos_teleop.service; enabled; vendor preset: enabled)\n     Active: active (running) since Tue 2026-06-16 11:45:19 CST; 24h ago\n   Main PID: 1261 (ros2)\n      Tasks: 70 (limit: 18143)\n     Memory: 207.4M\n     CGroup: /system.slice/cos_teleop.service\n             ├─1261 /usr/bin/python3 /opt/ros/foxy/bin/ros2 launch teleop_server teleop_server.launch.py urdf_file:=/home/unitree/cos_ws/src/g1_description/g1_29dof_mode_15_with_dex1_1.urdf\n             ├─1801 /home/unitree/cos_ws/install/teleop_server/lib/teleop_server/teleop_server_node /home/unitree/cos_ws/install/teleop_server/share/teleop_server/config/teleop_server.yaml --ros-args\n             └─1805 /opt/ros/foxy/lib/robot_state_publisher/robot_state_publisher /home/unitree/cos_ws/src/g1_description/g1_29dof_mode_15_with_dex1_1.urdf --ros-args\n\nJun 10 07:35:02 unitree-6812 bash[1261]: [teleop_server_node-1] 1970-06-10 07:35:02.027 [ INFO] [joints_publisher.cpp:060] JointsPublisher started, body joints: 29, hand type: dex1, total joints: 31\nJun 10 07:35:02 unitree-6812 bash[1261]: [teleop_server_node-1] 1970-06-10 07:35:02.076 [ INFO] [recording_controller.cpp:031] RecordingController started.\nJun 10 07:35:02 unitree-6812 bash[1261]: [teleop_server_node-1] 1970-06-10 07:35:02.086 [ INFO] [pico_teleop_sender.cpp:329] PicoTeleopSender enabled. packet_topic=/pico/teleop_packet teleop_cmd_topic=/fsm/teleop/cmd sport_request_topic=/api/sport/request teleop=505 locomotion=801 hand_type=dex1\nJun 10 07:35:02 unitree-6812 bash[1261]: [teleop_server_node-1] 1970-06-10 07:35:02.087 [ INFO] [pico_data_receiver.cpp:354] Pico 82D converter enabled. hz=50.0\nJun 10 07:35:02 unitree-6812 bash[1261]: [teleop_server_node-1] 1970-06-10 07:35:02.088 [ INFO] [PXREARobotSDK] initialize sdk,connect to server\nJun 10 07:35:02 unitree-6812 bash[1261]: [teleop_server_node-1] 1970-06-10 07:35:02.098 [ INFO] [pico_data_receiver.cpp:360] PicoDataReceiver started.\nJun 10 07:35:02 unitree-6812 bash[1261]: [teleop_server_node-1] 1970-06-10 07:35:02.614 [ INFO] [PXREARobotSDK] client start server stream\nJun 10 07:35:02 unitree-6812 bash[1261]: [teleop_server_node-1] 1970-06-10 07:35:02.614 [ INFO] [pico_data_receiver.cpp:388] XRoboToolkit server connected\nJun 10 07:35:02 unitree-6812 bash[1261]: [teleop_server_node-1] 1970-06-10 07:35:02.614 [ INFO] [PXREARobotSDK] watch server feedback thread start\nJun 10 07:35:02 unitree-6812 bash[1261]: [teleop_server_node-1] 1970-06-10 07:35:02.614 [ INFO] [PXREARobotSDK] server connect', 'stderr': '', 'rc': 0, 'start': '2026-06-17 12:00:17.625180', 'end': '2026-06-17 12:00:17.654125', 'delta': '0:00:00.028945', 'changed': False, 'invocation': {'module_args': {'executable': '/bin/bash', '_raw_params': 'set +e\nservice="cos_teleop.service"\nactive="$(systemctl is-active "$service" 2>&1)"\nactive_rc=$?\nstatus="$(systemctl status "$service" --no-pager -l 2>&1)"\nstatus_rc=$?\nif [ "$active_rc" -eq 0 ]; then active_ok=1; else active_ok=0; fi\nprintf \'__SETUP_SERVICE__ name=%s active=%s active_rc=%s status_rc=%s\\n\' "$service" "$active_ok" "$active_rc" "$status_rc"\nprintf \'%s\\n\' "$active"\nprintf \'%s\\n\' "$status"\nexit 0\n', '_uses_shell': True, 'warn': True, 'stdin_add_newline': True, 'strip_empty_ends': True, 'argv': None, 'chdir': None, 'creates': None, 'removes': None, 'stdin': None}}, 'stdout_lines': ['__SETUP_SERVICE__ name=cos_teleop.service active=1 active_rc=0 status_rc=0', 'active', '● cos_teleop.service - coScene teleop_server ROS2 Node', '     Loaded: loaded (/etc/systemd/system/cos_teleop.service; enabled; vendor preset: enabled)', '     Active: active (running) since Tue 2026-06-16 11:45:19 CST; 24h ago', '   Main PID: 1261 (ros2)', '      Tasks: 70 (limit: 18143)', '     Memory: 207.4M', '     CGroup: /system.slice/cos_teleop.service', '             ├─1261 /usr/bin/python3 /opt/ros/foxy/bin/ros2 launch teleop_server teleop_server.launch.py urdf_file:=/home/unitree/cos_ws/src/g1_description/g1_29dof_mode_15_with_dex1_1.urdf', '             ├─1801 /home/unitree/cos_ws/install/teleop_server/lib/teleop_server/teleop_server_node /home/unitree/cos_ws/install/teleop_server/share/teleop_server/config/teleop_server.yaml --ros-args', '             └─1805 /opt/ros/foxy/lib/robot_state_publisher/robot_state_publisher /home/unitree/cos_ws/src/g1_description/g1_29dof_mode_15_with_dex1_1.urdf --ros-args', '', 'Jun 10 07:35:02 unitree-6812 bash[1261]: [teleop_server_node-1] 1970-06-10 07:35:02.027 [ INFO] [joints_publisher.cpp:060] JointsPublisher started, body joints: 29, hand type: dex1, total joints: 31', 'Jun 10 07:35:02 unitree-6812 bash[1261]: [teleop_server_node-1] 1970-06-10 07:35:02.076 [ INFO] [recording_controller.cpp:031] RecordingController started.', 'Jun 10 07:35:02 unitree-6812 bash[1261]: [teleop_server_node-1] 1970-06-10 07:35:02.086 [ INFO] [pico_teleop_sender.cpp:329] PicoTeleopSender enabled. packet_topic=/pico/teleop_packet teleop_cmd_topic=/fsm/teleop/cmd sport_request_topic=/api/sport/request teleop=505 locomotion=801 hand_type=dex1', 'Jun 10 07:35:02 unitree-6812 bash[1261]: [teleop_server_node-1] 1970-06-10 07:35:02.087 [ INFO] [pico_data_receiver.cpp:354] Pico 82D converter enabled. hz=50.0', 'Jun 10 07:35:02 unitree-6812 bash[1261]: [teleop_server_node-1] 1970-06-10 07:35:02.088 [ INFO] [PXREARobotSDK] initialize sdk,connect to server', 'Jun 10 07:35:02 unitree-6812 bash[1261]: [teleop_server_node-1] 1970-06-10 07:35:02.098 [ INFO] [pico_data_receiver.cpp:360] PicoDataReceiver started.', 'Jun 10 07:35:02 unitree-6812 bash[1261]: [teleop_server_node-1] 1970-06-10 07:35:02.614 [ INFO] [PXREARobotSDK] client start server stream', 'Jun 10 07:35:02 unitree-6812 bash[1261]: [teleop_server_node-1] 1970-06-10 07:35:02.614 [ INFO] [pico_data_receiver.cpp:388] XRoboToolkit server connected', 'Jun 10 07:35:02 unitree-6812 bash[1261]: [teleop_server_node-1] 1970-06-10 07:35:02.614 [ INFO] [PXREARobotSDK] watch server feedback thread start', 'Jun 10 07:35:02 unitree-6812 bash[1261]: [teleop_server_node-1] 1970-06-10 07:35:02.614 [ INFO] [PXREARobotSDK] server connect'], 'stderr_lines': [], 'failed': False, 'failed_when_result': False, 'item': 'cos_teleop.service', 'ansible_loop_var': 'item'})[0m
[0;32mok: [g1_robot_062] => (item={'cmd': 'set +e\nservice="xrobotoolkit-pc-service.service"\nactive="$(systemctl is-active "$service" 2>&1)"\nactive_rc=$?\nstatus="$(systemctl status "$service" --no-pager -l 2>&1)"\nstatus_rc=$?\nif [ "$active_rc" -eq 0 ]; then active_ok=1; else active_ok=0; fi\nprintf \'__SETUP_SERVICE__ name=%s active=%s active_rc=%s status_rc=%s\\n\' "$service" "$active_ok" "$active_rc" "$status_rc"\nprintf \'%s\\n\' "$active"\nprintf \'%s\\n\' "$status"\nexit 0\n', 'stdout': '__SETUP_SERVICE__ name=xrobotoolkit-pc-service.service active=1 active_rc=0 status_rc=0\nactive\n● xrobotoolkit-pc-service.service - XRoboToolkit PC Service\n     Loaded: loaded (/etc/systemd/system/xrobotoolkit-pc-service.service; enabled; vendor preset: enabled)\n     Active: active (running) since Tue 2026-06-16 11:45:19 CST; 24h ago\n    Process: 1210 ExecStartPre=/usr/bin/test -x /opt/apps/xrobotoolkit-pc-service/runService.sh (code=exited, status=0/SUCCESS)\n   Main PID: 1258 (RoboticsService)\n      Tasks: 23 (limit: 18143)\n     Memory: 29.7M\n     CGroup: /system.slice/xrobotoolkit-pc-service.service\n             └─1258 ./RoboticsServiceProcess\n\nJun 16 11:45:18 unitree-6812 systemd[1]: Starting XRoboToolkit PC Service...\nJun 16 11:45:19 unitree-6812 systemd[1]: Started XRoboToolkit PC Service.\nJun 16 11:45:19 unitree-6812 runService.sh[1258]: release mode', 'stderr': '', 'rc': 0, 'start': '2026-06-17 12:00:18.534187', 'end': '2026-06-17 12:00:18.631786', 'delta': '0:00:00.097599', 'changed': False, 'invocation': {'module_args': {'executable': '/bin/bash', '_raw_params': 'set +e\nservice="xrobotoolkit-pc-service.service"\nactive="$(systemctl is-active "$service" 2>&1)"\nactive_rc=$?\nstatus="$(systemctl status "$service" --no-pager -l 2>&1)"\nstatus_rc=$?\nif [ "$active_rc" -eq 0 ]; then active_ok=1; else active_ok=0; fi\nprintf \'__SETUP_SERVICE__ name=%s active=%s active_rc=%s status_rc=%s\\n\' "$service" "$active_ok" "$active_rc" "$status_rc"\nprintf \'%s\\n\' "$active"\nprintf \'%s\\n\' "$status"\nexit 0\n', '_uses_shell': True, 'warn': True, 'stdin_add_newline': True, 'strip_empty_ends': True, 'argv': None, 'chdir': None, 'creates': None, 'removes': None, 'stdin': None}}, 'stdout_lines': ['__SETUP_SERVICE__ name=xrobotoolkit-pc-service.service active=1 active_rc=0 status_rc=0', 'active', '● xrobotoolkit-pc-service.service - XRoboToolkit PC Service', '     Loaded: loaded (/etc/systemd/system/xrobotoolkit-pc-service.service; enabled; vendor preset: enabled)', '     Active: active (running) since Tue 2026-06-16 11:45:19 CST; 24h ago', '    Process: 1210 ExecStartPre=/usr/bin/test -x /opt/apps/xrobotoolkit-pc-service/runService.sh (code=exited, status=0/SUCCESS)', '   Main PID: 1258 (RoboticsService)', '      Tasks: 23 (limit: 18143)', '     Memory: 29.7M', '     CGroup: /system.slice/xrobotoolkit-pc-service.service', '             └─1258 ./RoboticsServiceProcess', '', 'Jun 16 11:45:18 unitree-6812 systemd[1]: Starting XRoboToolkit PC Service...', 'Jun 16 11:45:19 unitree-6812 systemd[1]: Started XRoboToolkit PC Service.', 'Jun 16 11:45:19 unitree-6812 runService.sh[1258]: release mode'], 'stderr_lines': [], 'failed': False, 'failed_when_result': False, 'item': 'xrobotoolkit-pc-service.service', 'ansible_loop_var': 'item'})[0m

TASK [Record canonical setup service checks] ***********************************
[0;32mok: [g1_robot_062] => (item=cos_agent.service)[0m
[0;32mok: [g1_robot_062] => (item=cos_teleop.service)[0m
[0;32mok: [g1_robot_062] => (item=xrobotoolkit-pc-service.service)[0m

TASK [Set canonical setup_success] *********************************************
[0;32mok: [g1_robot_062][0m

TASK [Build final report] ******************************************************
[0;36mincluded: /home/jeff/coscene/code/codex/G1CI/基础环境检查/tasks/report.yml for g1_robot_062[0m

TASK [Initialize enriched report check results] ********************************
[0;32mok: [g1_robot_062][0m

TASK [Add reason and suggestion to WARN and FAIL results] **********************
[0;32mok: [g1_robot_062] => (item={'name': 'remote_start preflight stop', 'status': 'OK', 'detail': 'remote_start.service not found', 'stdout': '', 'stderr': ''})[0m
[0;32mok: [g1_robot_062] => (item={'name': 'g1_setup directory', 'status': 'OK', 'detail': '/home/unitree/g1_setup'})[0m
[0;32mok: [g1_robot_062] => (item={'name': 'unitree_sdk2 source', 'status': 'OK', 'detail': '/home/unitree/g1_setup/unitree_sdk2'})[0m
[0;32mok: [g1_robot_062] => (item={'name': 'Conda engine', 'status': 'OK', 'detail': '/home/unitree/miniconda3/bin/conda'})[0m
[0;32mok: [g1_robot_062] => (item={'name': 'conda env tv', 'status': 'OK', 'detail': '/home/unitree/miniconda3/envs/tv/bin/python'})[0m
[0;32mok: [g1_robot_062] => (item={'name': 'tv python version', 'status': 'OK', 'detail': 'Python 3.10.20', 'stdout': 'Python 3.10.20', 'stderr': '', 'reason': '', 'suggestion': ''})[0m
[0;32mok: [g1_robot_062] => (item={'name': 'Python cv2', 'status': 'OK', 'detail': 'import cv2', 'stdout': '', 'stderr': ''})[0m
[0;32mok: [g1_robot_062] => (item={'name': 'Python zmq', 'status': 'OK', 'detail': 'import zmq', 'stdout': '', 'stderr': ''})[0m
[0;32mok: [g1_robot_062] => (item={'name': 'Python logging_mp', 'status': 'OK', 'detail': 'import logging_mp', 'stdout': '', 'stderr': ''})[0m
[0;32mok: [g1_robot_062] => (item={'name': 'Python av', 'status': 'OK', 'detail': 'import av', 'stdout': '', 'stderr': ''})[0m
[0;32mok: [g1_robot_062] => (item={'name': 'Python numpy', 'status': 'OK', 'detail': 'import numpy', 'stdout': '', 'stderr': ''})[0m
[0;32mok: [g1_robot_062] => (item={'name': 'unitree_sdk2 library', 'status': 'OK', 'detail': '/usr/local/lib/libunitree_sdk2.a'})[0m
[0;32mok: [g1_robot_062] => (item={'name': 'unitree_sdk2 cmake config', 'status': 'OK', 'detail': '/usr/local/lib/cmake/unitree_sdk2/unitree_sdk2Config.cmake'})[0m
[0;32mok: [g1_robot_062] => (item={'name': 'unitree_sdk2 go2 header', 'status': 'OK', 'detail': '/usr/local/include/unitree/idl/go2/MotorCmds_.hpp'})[0m
[0;32mok: [g1_robot_062] => (item={'name': 'apt build-essential', 'status': 'OK', 'detail': 'build-essential'})[0m
[0;32mok: [g1_robot_062] => (item={'name': 'apt cmake', 'status': 'OK', 'detail': 'cmake'})[0m
[0;32mok: [g1_robot_062] => (item={'name': 'apt make', 'status': 'OK', 'detail': 'make'})[0m
[0;32mok: [g1_robot_062] => (item={'name': 'apt libeigen3-dev', 'status': 'OK', 'detail': 'libeigen3-dev'})[0m
[0;32mok: [g1_robot_062] => (item={'name': 'apt libspdlog-dev', 'status': 'OK', 'detail': 'libspdlog-dev'})[0m
[0;32mok: [g1_robot_062] => (item={'name': 'apt libfmt-dev', 'status': 'OK', 'detail': 'libfmt-dev'})[0m
[0;32mok: [g1_robot_062] => (item={'name': 'apt libboost-all-dev', 'status': 'OK', 'detail': 'libboost-all-dev'})[0m
[0;32mok: [g1_robot_062] => (item={'name': 'apt libyaml-cpp-dev', 'status': 'OK', 'detail': 'libyaml-cpp-dev'})[0m
[0;32mok: [g1_robot_062] => (item={'name': 'remote image binary', 'status': 'OK', 'detail': '/home/unitree/g1_setup/remote'})[0m
[0;32mok: [g1_robot_062] => (item={'name': 'camera udev rules', 'status': 'OK', 'detail': '/etc/udev/rules.d/99-usb-cameras.rules'})[0m
[0;32mok: [g1_robot_062] => (item={'name': '/dev/cam_head', 'status': 'OK', 'detail': '/dev/cam_head'})[0m
[0;32mok: [g1_robot_062] => (item={'name': '/dev/cam_wrist_left', 'status': 'OK', 'detail': '/dev/cam_wrist_left'})[0m
[0;32mok: [g1_robot_062] => (item={'name': '/dev/cam_wrist_right', 'status': 'OK', 'detail': '/dev/cam_wrist_right'})[0m
[0;32mok: [g1_robot_062] => (item={'name': '/cam_head/compressed_image', 'status': 'OK', 'detail': 'average rate: 29.876 Hz', 'stdout': 'average rate: 29.876\n\tmin: 0.030s max: 0.039s std dev: 0.00175s window: 31\naverage rate: 29.917\n\tmin: 0.030s max: 0.039s std dev: 0.00162s window: 61\naverage rate: 29.959\n\tmin: 0.030s max: 0.039s std dev: 0.00151s window: 92', 'stderr': '', 'reason': '', 'suggestion': ''})[0m
[0;32mok: [g1_robot_062] => (item={'name': '/cam_wrist_left/compressed_image', 'status': 'OK', 'detail': 'average rate: 29.822 Hz', 'stdout': 'average rate: 29.822\n\tmin: 0.031s max: 0.036s std dev: 0.00122s window: 31\naverage rate: 29.930\n\tmin: 0.031s max: 0.036s std dev: 0.00112s window: 62\naverage rate: 29.953\n\tmin: 0.030s max: 0.037s std dev: 0.00123s window: 92', 'stderr': '', 'reason': '', 'suggestion': ''})[0m
[0;32mok: [g1_robot_062] => (item={'name': '/cam_wrist_right/compressed_image', 'status': 'OK', 'detail': 'average rate: 29.847 Hz', 'stdout': 'average rate: 29.847\n\tmin: 0.030s max: 0.037s std dev: 0.00143s window: 31\naverage rate: 29.941\n\tmin: 0.030s max: 0.037s std dev: 0.00138s window: 62\naverage rate: 29.955\n\tmin: 0.029s max: 0.037s std dev: 0.00143s window: 92', 'stderr': '', 'reason': '', 'suggestion': ''})[0m
[0;32mok: [g1_robot_062] => (item={'name': 'cos_teleop camera log', 'status': 'WARN', 'detail': '[teleop_server_node-1] \x1b[33m2026-06-16 12:01:41.716 [ WARN] [camera_publisher.cpp:541] RealSense camera[0] frame wait timed out after 1000ms\x1b[0m\n[teleop_server_node-1] \x1b[33m2026-06-16 12:01:43.717 [ WARN] [camera_publisher.cpp:541] RealSense camera[0] frame wait timed out after 1000ms\x1b[0m\n[teleop_server_node-1] \x1b[33m2026-06-16 12:01:45.717 [ WARN] [camera_publisher.cpp:541] RealSense camera[0] frame wait timed out after 1000ms\x1b[0m\n[teleop_server_node-1] \x1b[33m2026-06-16 12:01:47.718 [ WARN] [camera_publisher.cpp:541] RealSense camera[0] frame wait timed out after 1000ms\x1b[0m\n[teleop_server_node-1] \x1b[33m2026-06-16 12:01:49.718 [ WARN] [camera_publisher.cpp:541] RealSense camera[0] frame wait timed out after 1000ms\x1b[0m\n[teleop_server_node-1] \x1b[33m2026-06-16 12:01:51.719 [ WARN] [camera_publisher.cpp:541] RealSense camera[0] frame wait timed out after 1000ms\x1b[0m\n[teleop_server_node-1] \x1b[33m2026-06-16 12:01:53.719 [ WARN] [camera_publisher.cpp:541] RealSense camera[0] frame wait timed out after 1000ms\x1b[0m\n[teleop_server_node-1] \x1b[33m2026-06-16 12:01:55.720 [ WARN] [camera_publisher.cpp:541] RealSense camera[0] frame wait timed out after 1000ms\x1b[0m\n[teleop_server_node-1] \x1b[33m2026-06-16 12:01:57.720 [ WARN] [camera_publisher.cpp:541] RealSense camera[0] frame wait timed out after 1000ms\x1b[0m\n[teleop_server_node-1] \x1b[33m2026-06-16 12:01:59.720 [ WARN] [camera_publisher.cpp:541] RealSense camera[0] frame wait timed out after 1000ms\x1b[0m\n[teleop_server_node-1] \x1b[33m2026-06-16 12:02:01.721 [ WARN] [camera_publisher.cpp:541] RealSense camera[0] frame wait timed out after 1000ms\x1b[0m\n[teleop_server_node-1] \x1b[33m2026-06-16 12:02:03.721 [ WARN] [camera_publisher.cpp:541] RealSense camera[0] frame wait timed out after 1000ms\x1b[0m\n[teleop_server_node-1] \x1b[33m2026-06-16 12:02:05.722 [ WARN] [camera_publisher.cpp:541] RealSense camera[0] frame wait timed out after 1000ms\x1b[0m\n[teleop_server_node-1] \x1b[33m2026-06-16 12:02:07.722 [ WARN] [camera_publisher.cpp:541] RealSense camera[0] frame wait timed out after 1000ms\x1b[0m\n[teleop_server_node-1] \x1b[33m2026-06-16 12:02:09.723 [ WARN] [camera_publisher.cpp:541] RealSense camera[0] frame wait timed out after 1000ms\x1b[0m\n[teleop_server_node-1] \x1b[33m2026-06-16 12:02:11.723 [ WARN] [camera_publisher.cpp:541] RealSense camera[0] frame wait timed out after 1000ms\x1b[0m\n[teleop_server_node-1] \x1b[33m2026-06-16 12:02:13.724 [ WARN] [camera_publisher.cpp:541] RealSense camera[0] frame wait timed out after 1000ms\x1b[0m\n[teleop_server_node-1] \x1b[33m2026-06-16 12:02:15.724 [ WARN] [camera_publisher.cpp:541] RealSense camera[0] frame wait timed out after 1000ms\x1b[0m\n[teleop_server_node-1] \x1b[33m2026-06-16 12:02:17.724 [ WARN] [camera_publisher.cpp:541] RealSense camera[0] frame wait timed out after 1000ms\x1b[0m\n[teleop_server_node-1] \x1b[33m2026-06-16 12:02:19.725 [ WARN] [camera_publisher.cpp:541] RealSense camera[0] frame wait timed out after 1000ms\x1b[0m\n[teleop_server_node-1] \x1b[33m2026-06-16 12:02:21.725 [ WARN] [camera_publisher.cpp:541] RealSense camera[0] frame wait timed out after 1000ms\x1b[0m\n[teleop_server_node-1] \x1b[33m2026-06-16 12:02:23.726 [ WARN] [camera_publisher.cpp:541] RealSense camera[0] frame wait timed out after 1000ms\x1b[0m\n[teleop_server_node-1] \x1b[33m2026-06-16 12:02:25.726 [ WARN] [camera_publisher.cpp:541] RealSense camera[0] frame wait timed out after 1000ms\x1b[0m\n[teleop_server_node-1] \x1b[33m2026-06-16 12:02:27.727 [ WARN] [camera_publisher.cpp:541] RealSense camera[0] frame wait timed out after 1000ms\x1b[0m\n[teleop_server_node-1] \x1b[33m2026-06-16 12:02:29.727 [ WARN] [camera_publisher.cpp:541] RealSense camera[0] frame wait timed out after 1000ms\x1b[0m\n[teleop_server_node-1] \x1b[33m2026-06-16 12:02:31.728 [ WARN] [camera_publisher.cpp:541] RealSense camera[0] frame wait timed out after 1000ms\x1b[0m\n[teleop_server_node-1] \x1b[33m2026-06-16 12:02:33.728 [ WARN] [camera_publisher.cpp:541] RealSense camera[0] frame wait timed out after 1000ms\x1b[0m\n[teleop_server_node-1] \x1b[33m2026-06-16 12:02:35.729 [ WARN] [camera_publisher.cpp:541] RealSense camera[0] frame wait timed out after 1000ms\x1b[0m\n[teleop_server_node-1] \x1b[33m2026-06-16 12:02:37.729 [ WARN] [camera_publisher.cpp:541] RealSense camera[0] frame wait timed out after 1000ms\x1b[0m\n[teleop_server_node-1] \x1b[33m2026-06-16 12:02:39.729 [ WARN] [camera_publisher.cpp:541] RealSense camera[0] frame wait timed out after 1000ms\x1b[0m\n[teleop_server_node-1] \x1b[33m2026-06-16 12:02:41.730 [ WARN] [camera_publisher.cpp:541] RealSense camera[0] frame wait timed out after 1000ms\x1b[0m\n[teleop_server_node-1] \x1b[33m2026-06-16 12:02:43.733 [ WARN] [camera_publisher.cpp:541] RealSense camera[0] frame wait timed out after 1000ms\x1b[0m\n[teleop_server_node-1] \x1b[33m2026-06-16 12:02:45.733 [ WARN] [camera_publisher.cpp:541] RealSense camera[0] frame wait timed out after 1000ms\x1b[0m\n[teleop_server_node-1] \x1b[33m2026-06-16 12:02:47.734 [ WARN] [camera_publisher.cpp:541] RealSense camera[0] frame wait timed out after 1000ms\x1b[0m\n[teleop_server_node-1] \x1b[33m2026-06-16 12:02:49.734 [ WARN] [camera_publisher.cpp:541] RealSense camera[0] frame wait timed out after 1000ms\x1b[0m\n[teleop_server_node-1] \x1b[33m2026-06-16 12:02:51.735 [ WARN] [camera_publisher.cpp:541] RealSense camera[0] frame wait timed out after 1000ms\x1b[0m\n[teleop_server_node-1] \x1b[33m2026-06-16 12:02:53.735 [ WARN] [camera_publisher.cpp:541] RealSense camera[0] frame wait timed out after 1000ms\x1b[0m\n[teleop_server_node-1] \x1b[33m2026-06-16 12:02:55.736 [ WARN] [camera_publisher.cpp:541] RealSense camera[0] frame wait timed out after 1000ms\x1b[0m\n[teleop_server_node-1] \x1b[33m2026-06-16 12:02:57.736 [ WARN] [camera_publisher.cpp:541] RealSense camera[0] frame wait timed out after 1000ms\x1b[0m\n[teleop_server_node-1] \x1b[33m2026-06-16 12:02:59.737 [ WARN] [camera_publisher.cpp:541] RealSense camera[0] frame wait timed out after 1000ms\x1b[0m\n[teleop_server_node-1] \x1b[33m2026-06-16 12:03:01.737 [ WARN] [camera_publisher.cpp:541] RealSense camera[0] frame wait timed out after 1000ms\x1b[0m\n[teleop_server_node-1] \x1b[33m2026-06-16 12:03:03.738 [ WARN] [camera_publisher.cpp:541] RealSense camera[0] frame wait timed out after 1000ms\x1b[0m\n[teleop_server_node-1] \x1b[33m2026-06-16 12:03:05.738 [ WARN] [camera_publisher.cpp:541] RealSense camera[0] frame wait timed out after 1000ms\x1b[0m\n[teleop_server_node-1] \x1b[33m2026-06-16 12:03:07.738 [ WARN] [camera_publisher.cpp:541] RealSense camera[0] frame wait timed out after 1000ms\x1b[0m\n[teleop_server_node-1] \x1b[33m2026-06-16 12:03:09.739 [ WARN] [camera_publisher.cpp:541] RealSense camera[0] frame wait timed out after 1000ms\x1b[0m\n[teleop_server_node-1] \x1b[33m2026-06-16 12:03:11.739 [ WARN] [camera_publisher.cpp:541] RealSense camera[0] frame wait timed out after 1000ms\x1b[0m\n[teleop_server_node-1] \x1b[33m2026-06-16 12:03:13.740 [ WARN] [camera_publisher.cpp:541] RealSense camera[0] frame wait timed out after 1000ms\x1b[0m\n[teleop_server_node-1] \x1b[33m2026-06-16 12:03:15.740 [ WARN] [camera_publisher.cpp:541] RealSense camera[0] frame wait timed out after 1000ms\x1b[0m\n[teleop_server_node-1] \x1b[33m2026-06-16 12:03:17.741 [ WARN] [camera_publisher.cpp:541] RealSense camera[0] frame wait timed out after 1000ms\x1b[0m\n[teleop_server_node-1] \x1b[33m2026-06-16 12:03:19.741 [ WARN] [camera_publisher.cpp:541] RealSense camera[0] frame wait timed out after 1000ms\x1b[0m\n[teleop_server_node-1] \x1b[33m2026-06-16 12:03:21.741 [ WARN] [camera_publisher.cpp:541] RealSense camera[0] frame wait timed out after 1000ms\x1b[0m\n[teleop_server_node-1] \x1b[33m2026-06-16 12:03:23.742 [ WARN] [camera_publisher.cpp:541] RealSense camera[0] frame wait timed out after 1000ms\x1b[0m\n[teleop_server_node-1] \x1b[33m2026-06-16 12:03:25.742 [ WARN] [camera_publisher.cpp:541] RealSense camera[0] frame wait timed out after 1000ms\x1b[0m\n[teleop_server_node-1] \x1b[33m2026-06-16 12:03:27.743 [ WARN] [camera_publisher.cpp:541] RealSense camera[0] frame wait timed out after 1000ms\x1b[0m\n[teleop_server_node-1] \x1b[33m2026-06-16 12:03:29.743 [ WARN] [camera_publisher.cpp:541] RealSense camera[0] frame wait timed out after 1000ms\x1b[0m\n[teleop_server_node-1] \x1b[33m2026-06-16 12:03:31.744 [ WARN] [camera_publisher.cpp:541] RealSense camera[0] frame wait timed out after 1000ms\x1b[0m\n[teleop_server_node-1] \x1b[33m2026-06-16 12:03:33.744 [ WARN] [camera_publisher.cpp:541] RealSense camera[0] frame wait timed out after 1000ms\x1b[0m\n[teleop_server_node-1] \x1b[33m2026-06-16 12:03:35.745 [ WARN] [camera_publisher.cpp:541] RealSense camera[0] frame wait timed out after 1000ms\x1b[0m\n[teleop_server_node-1] \x1b[33m2026-06-16 12:03:37.745 [ WARN] [camera_publisher.cpp:541] RealSense camera[0] frame wait timed out after 1000ms\x1b[0m\n[teleop_server_node-1] \x1b[33m2026-06-16 12:03:39.746 [ WARN] [camera_publisher.cpp:541] RealSense camera[0] frame wait timed out after 1000ms\x1b[0m\n[teleop_server_node-1] \x1b[33m2026-06-16 12:03:41.746 [ WARN] [camera_publisher.cpp:541] RealSense camera[0] frame wait timed out after 1000ms\x1b[0m\n[teleop_server_node-1] \x1b[33m2026-06-16 12:03:43.747 [ WARN] [camera_publisher.cpp:541] RealSense camera[0] frame wait timed out after 1000ms\x1b[0m\n[teleop_server_node-1] \x1b[33m2026-06-16 12:03:45.747 [ WARN] [camera_publisher.cpp:541] RealSense camera[0] frame wait timed out after 1000ms\x1b[0m\n[teleop_server_node-1] \x1b[33m2026-06-16 12:03:47.748 [ WARN] [camera_publisher.cpp:541] RealSense camera[0] frame wait timed out after 1000ms\x1b[0m\n[teleop_server_node-1] \x1b[33m2026-06-16 12:03:49.748 [ WARN] [camera_publisher.cpp:541] RealSense camera[0] frame wait timed out after 1000ms\x1b[0m\n[teleop_server_node-1] \x1b[33m2026-06-16 12:03:51.749 [ WARN] [camera_publisher.cpp:541] RealSense camera[0] frame wait timed out after 1000ms\x1b[0m\n[teleop_server_node-1] \x1b[33m2026-06-16 12:03:53.749 [ WARN] [camera_publisher.cpp:541] RealSense camera[0] frame wait timed out after 1000ms\x1b[0m\n[teleop_server_node-1] \x1b[33m2026-06-16 12:03:55.749 [ WARN] [camera_publisher.cpp:541] RealSense camera[0] frame wait timed out after 1000ms\x1b[0m\n[teleop_server_node-1] \x1b[33m2026-06-16 12:03:57.750 [ WARN] [camera_publisher.cpp:541] RealSense camera[0] frame wait timed out after 1000ms\x1b[0m\n[teleop_server_node-1] \x1b[33m2026-06-16 12:03:59.750 [ WARN] [camera_publisher.cpp:541] RealSense camera[0] frame wait timed out after 1000ms\x1b[0m\n[teleop_server_node-1] \x1b[33m2026-06-16 12:04:01.751 [ WARN] [camera_publisher.cpp:541] RealSense camera[0] frame wait timed out after 1000ms\x1b[0m\n[teleop_server_node-1] \x1b[33m2026-06-16 12:04:03.751 [ WARN] [camera_publisher.cpp:541] RealSense camera[0] frame wait timed out after 1000ms\x1b[0m\n[teleop_server_node-1] \x1b[33m2026-06-16 12:04:05.752 [ WARN] [camera_publisher.cpp:541] RealSense camera[0] frame wait timed out after 1000ms\x1b[0m\n[teleop_server_node-1] \x1b[33m2026-06-16 12:04:07.752 [ WARN] [camera_publisher.cpp:541] RealSense camera[0] frame wait timed out after 1000ms\x1b[0m\n[teleop_server_node-1] \x1b[33m2026-06-16 12:04:09.753 [ WARN] [camera_publisher.cpp:541] RealSense camera[0] frame wait timed out after 1000ms\x1b[0m\n[teleop_server_node-1] \x1b[33m2026-06-16 12:04:11.753 [ WARN] [camera_publisher.cpp:541] RealSense camera[0] frame wait timed out after 1000ms\x1b[0m\n[teleop_server_node-1] \x1b[33m2026-06-16 12:04:13.753 [ WARN] [camera_publisher.cpp:541] RealSense camera[0] frame wait timed out after 1000ms\x1b[0m\n[teleop_server_node-1] \x1b[33m2026-06-16 12:04:15.754 [ WARN] [camera_publisher.cpp:541] RealSense camera[0] frame wait timed out after 1000ms\x1b[0m\n[teleop_server_node-1] \x1b[33m2026-06-16 12:04:17.754 [ WARN] [camera_publisher.cpp:541] RealSense camera[0] frame wait timed out after 1000ms\x1b[0m\n[teleop_server_node-1] \x1b[33m2026-06-16 12:04:19.755 [ WARN] [camera_publisher.cpp:541] RealSense camera[0] frame wait timed out after 1000ms\x1b[0m\n[teleop_server_node-1] \x1b[33m2026-06-16 12:04:21.755 [ WARN] [camera_publisher.cpp:541] RealSense camera[0] frame wait timed out after 1000ms\x1b[0m\n[teleop_server_node-1] \x1b[33m2026-06-16 12:04:23.756 [ WARN] [camera_publisher.cpp:541] RealSense camera[0] frame wait timed out after 1000ms\x1b[0m\n[teleop_server_node-1] \x1b[33m2026-06-16 12:04:25.756 [ WARN] [camera_publisher.cpp:541] RealSense camera[0] frame wait timed out after 1000ms\x1b[0m\n[teleop_server_node-1] \x1b[33m2026-06-16 12:04:27.757 [ WARN] [camera_publisher.cpp:541] RealSense camera[0] frame wait timed out after 1000ms\x1b[0m\n[teleop_server_node-1] \x1b[33m2026-06-16 12:04:29.757 [ WARN] [camera_publisher.cpp:541] RealSense camera[0] frame wait timed out after 1000ms\x1b[0m\n[teleop_server_node-1] \x1b[33m2026-06-16 12:04:31.757 [ WARN] [camera_publisher.cpp:541] RealSense camera[0] frame wait timed out after 1000ms\x1b[0m\n[teleop_server_node-1] \x1b[33m2026-06-16 12:04:33.758 [ WARN] [camera_publisher.cpp:541] RealSense camera[0] frame wait timed out after 1000ms\x1b[0m\n[teleop_server_node-1] \x1b[33m2026-06-16 12:04:35.758 [ WARN] [camera_publisher.cpp:541] RealSense camera[0] frame wait timed out after 1000ms\x1b[0m\n[teleop_server_node-1] \x1b[33m2026-06-16 12:04:37.759 [ WARN] [camera_publisher.cpp:541] RealSense camera[0] frame wait timed out after 1000ms\x1b[0m\n[teleop_server_node-1] \x1b[33m2026-06-16 12:04:39.759 [ WARN] [camera_publisher.cpp:541] RealSense camera[0] frame wait timed out after 1000ms\x1b[0m\n[teleop_server_node-1] \x1b[33m2026-06-16 12:04:41.760 [ WARN] [camera_publisher.cpp:541] RealSense camera[0] frame wait timed out after 1000ms\x1b[0m\n[teleop_server_node-1] \x1b[33m2026-06-16 12:04:43.760 [ WARN] [camera_publisher.cpp:541] RealSense camera[0] frame wait timed out after 1000ms\x1b[0m\n[teleop_server_node-1] \x1b[33m2026-06-16 12:04:45.761 [ WARN] [camera_publisher.cpp:541] RealSense camera[0] frame wait timed out after 1000ms\x1b[0m\n[teleop_server_node-1] \x1b[33m2026-06-16 12:04:47.761 [ WARN] [camera_publisher.cpp:541] RealSense camera[0] frame wait timed out after 1000ms\x1b[0m\n[teleop_server_node-1] \x1b[33m2026-06-16 12:04:49.761 [ WARN] [camera_publisher.cpp:541] RealSense camera[0] frame wait timed out after 1000ms\x1b[0m\n[teleop_server_node-1] \x1b[33m2026-06-16 12:04:51.762 [ WARN] [camera_publisher.cpp:541] RealSense camera[0] frame wait timed out after 1000ms\x1b[0m\n[teleop_server_node-1] \x1b[33m2026-06-16 12:04:53.762 [ WARN] [camera_publisher.cpp:541] RealSense camera[0] frame wait timed out after 1000ms\x1b[0m\n[teleop_server_node-1] \x1b[33m2026-06-16 12:04:55.763 [ WARN] [camera_publisher.cpp:541] RealSense camera[0] frame wait timed out after 1000ms\x1b[0m\n[teleop_server_node-1] \x1b[33m2026-06-16 12:04:57.763 [ WARN] [camera_publisher.cpp:541] RealSense camera[0] frame wait timed out after 1000ms\x1b[0m\n[teleop_server_node-1] \x1b[33m2026-06-16 12:04:59.764 [ WARN] [camera_publisher.cpp:541] RealSense camera[0] frame wait timed out after 1000ms\x1b[0m\n[teleop_server_node-1] \x1b[33m2026-06-16 12:05:01.764 [ WARN] [camera_publisher.cpp:541] RealSense camera[0] frame wait timed out after 1000ms\x1b[0m\n[teleop_server_node-1] \x1b[33m2026-06-16 12:05:03.765 [ WARN] [camera_publisher.cpp:541] RealSense camera[0] frame wait timed out after 1000ms\x1b[0m\n[teleop_server_node-1] \x1b[33m2026-06-16 12:05:05.765 [ WARN] [camera_publisher.cpp:541] RealSense camera[0] frame wait timed out after 1000ms\x1b[0m\n[teleop_server_node-1] \x1b[33m2026-06-16 12:05:07.766 [ WARN] [camera_publisher.cpp:541] RealSense camera[0] frame wait timed out after 1000ms\x1b[0m\n[teleop_server_node-1] \x1b[33m2026-06-16 12:05:09.766 [ WARN] [camera_publisher.cpp:541] RealSense camera[0] frame wait timed out after 1000ms\x1b[0m\n[teleop_server_node-1] \x1b[33m2026-06-16 12:05:11.767 [ WARN] [camera_publisher.cpp:541] RealSense camera[0] frame wait timed out after 1000ms\x1b[0m\n[teleop_server_node-1] \x1b[33m2026-06-16 12:05:13.767 [ WARN] [camera_publisher.cpp:541] RealSense camera[0] frame wait timed out after 1000ms\x1b[0m\n[teleop_server_node-1] \x1b[33m2026-06-16 12:05:15.768 [ WARN] [camera_publisher.cpp:541] RealSense camera[0] frame wait timed out after 1000ms\x1b[0m\n[teleop_server_node-1] \x1b[33m2026-06-16 12:05:17.768 [ WARN] [camera_publisher.cpp:541] RealSense camera[0] frame wait timed out after 1000ms\x1b[0m\n[teleop_server_node-1] \x1b[33m2026-06-16 12:05:19.768 [ WARN] [camera_publisher.cpp:541] RealSense camera[0] frame wait timed out after 1000ms\x1b[0m\n[teleop_server_node-1] \x1b[33m2026-06-16 12:05:21.769 [ WARN] [camera_publisher.cpp:541] RealSense camera[0] frame wait timed out after 1000ms\x1b[0m\n[teleop_server_node-1] \x1b[33m2026-06-16 12:05:23.769 [ WARN] [camera_publisher.cpp:541] RealSense camera[0] frame wait timed out after 1000ms\x1b[0m\n[teleop_server_node-1] \x1b[33m2026-06-16 12:05:25.770 [ WARN] [camera_publisher.cpp:541] RealSense camera[0] frame wait timed out after 1000ms\x1b[0m\n[teleop_server_node-1] \x1b[33m2026-06-16 12:05:27.770 [ WARN] [camera_publisher.cpp:541] RealSense camera[0] frame wait timed out after 1000ms\x1b[0m\n[teleop_server_node-1] \x1b[33m2026-06-16 12:05:29.771 [ WARN] [camera_publisher.cpp:541] RealSense camera[0] frame wait timed out after 1000ms\x1b[0m\n[teleop_server_node-1] \x1b[33m2026-06-16 12:05:31.771 [ WARN] [camera_publisher.cpp:541] RealSense camera[0] frame wait timed out after 1000ms\x1b[0m\n[teleop_server_node-1] \x1b[33m2026-06-16 12:05:33.772 [ WARN] [camera_publisher.cpp:541] RealSense camera[0] frame wait timed out after 1000ms\x1b[0m\n[teleop_server_node-1] \x1b[33m2026-06-16 12:05:35.772 [ WARN] [camera_publisher.cpp:541] RealSense camera[0] frame wait timed out after 1000ms\x1b[0m\n[teleop_server_node-1] \x1b[33m2026-06-16 12:05:37.772 [ WARN] [camera_publisher.cpp:541] RealSense camera[0] frame wait timed out after 1000ms\x1b[0m\n[teleop_server_node-1] \x1b[33m2026-06-16 12:05:39.773 [ WARN] [camera_publisher.cpp:541] RealSense camera[0] frame wait timed out after 1000ms\x1b[0m\n[teleop_server_node-1] \x1b[33m2026-06-16 12:05:41.773 [ WARN] [camera_publisher.cpp:541] RealSense camera[0] frame wait timed out after 1000ms\x1b[0m\n[teleop_server_node-1] \x1b[33m2026-06-16 12:05:43.774 [ WARN] [camera_publisher.cpp:541] RealSense camera[0] frame wait timed out after 1000ms\x1b[0m\n[teleop_server_node-1] \x1b[33m2026-06-16 12:05:45.774 [ WARN] [camera_publisher.cpp:541] RealSense camera[0] frame wait timed out after 1000ms\x1b[0m\n[teleop_server_node-1] \x1b[33m2026-06-16 12:05:47.775 [ WARN] [camera_publisher.cpp:541] RealSense camera[0] frame wait timed out after 1000ms\x1b[0m\n[teleop_server_node-1] \x1b[33m2026-06-16 12:05:49.775 [ WARN] [camera_publisher.cpp:541] RealSense camera[0] frame wait timed out after 1000ms\x1b[0m\n[teleop_server_node-1] \x1b[33m2026-06-16 12:05:51.776 [ WARN] [camera_publisher.cpp:541] RealSense camera[0] frame wait timed out after 1000ms\x1b[0m\n[teleop_server_node-1] \x1b[33m2026-06-16 12:05:53.776 [ WARN] [camera_publisher.cpp:541] RealSense camera[0] frame wait timed out after 1000ms\x1b[0m\n[teleop_server_node-1] \x1b[33m2026-06-16 12:05:55.777 [ WARN] [camera_publisher.cpp:541] RealSense camera[0] frame wait timed out after 1000ms\x1b[0m\n[teleop_server_node-1] \x1b[33m2026-06-16 12:05:57.777 [ WARN] [camera_publisher.cpp:541] RealSense camera[0] frame wait timed out after 1000ms\x1b[0m\n[teleop_server_node-1] \x1b[33m2026-06-16 12:05:59.778 [ WARN] [camera_publisher.cpp:541] RealSense camera[0] frame wait timed out after 1000ms\x1b[0m\n[teleop_server_node-1] \x1b[33m2026-06-16 12:06:01.778 [ WARN] [camera_publisher.cpp:541] RealSense camera[0] frame wait timed out after 1000ms\x1b[0m\n[teleop_server_node-1] \x1b[33m2026-06-16 12:06:03.779 [ WARN] [camera_publisher.cpp:541] RealSense camera[0] frame wait timed out after 1000ms\x1b[0m\n[teleop_server_node-1] \x1b[33m2026-06-16 12:06:05.779 [ WARN] [camera_publisher.cpp:541] RealSense camera[0] frame wait timed out after 1000ms\x1b[0m\n[teleop_server_node-1] \x1b[33m2026-06-16 12:06:07.779 [ WARN] [camera_publisher.cpp:541] RealSense camera[0] frame wait timed out after 1000ms\x1b[0m\n[teleop_server_node-1] \x1b[33m2026-06-16 12:06:09.780 [ WARN] [camera_publisher.cpp:541] RealSense camera[0] frame wait timed out after 1000ms\x1b[0m\n[teleop_server_node-1] \x1b[33m2026-06-16 12:06:11.780 [ WARN] [camera_publisher.cpp:541] RealSense camera[0] frame wait timed out after 1000ms\x1b[0m\n[teleop_server_node-1] \x1b[33m2026-06-16 12:06:13.781 [ WARN] [camera_publisher.cpp:541] RealSense camera[0] frame wait timed out after 1000ms\x1b[0m\n[teleop_server_node-1] \x1b[33m2026-06-16 12:06:15.781 [ WARN] [camera_publisher.cpp:541] RealSense camera[0] frame wait timed out after 1000ms\x1b[0m\n[teleop_server_node-1] \x1b[33m2026-06-16 12:06:17.782 [ WARN] [camera_publisher.cpp:541] RealSense camera[0] frame wait timed out after 1000ms\x1b[0m\n[teleop_server_node-1] \x1b[33m2026-06-16 12:06:19.782 [ WARN] [camera_publisher.cpp:541] RealSense camera[0] frame wait timed out after 1000ms\x1b[0m\n[teleop_server_node-1] \x1b[33m2026-06-16 12:06:21.783 [ WARN] [camera_publisher.cpp:541] RealSense camera[0] frame wait timed out after 1000ms\x1b[0m\n[teleop_server_node-1] \x1b[33m2026-06-16 12:06:23.783 [ WARN] [camera_publisher.cpp:541] RealSense camera[0] frame wait timed out after 1000ms\x1b[0m\n[teleop_server_node-1] \x1b[33m2026-06-16 12:06:25.784 [ WARN] [camera_publisher.cpp:541] RealSense camera[0] frame wait timed out after 1000ms\x1b[0m\n[teleop_server_node-1] \x1b[33m2026-06-16 12:06:27.784 [ WARN] [camera_publisher.cpp:541] RealSense camera[0] frame wait timed out after 1000ms\x1b[0m\n[teleop_server_node-1] \x1b[33m2026-06-16 12:06:29.784 [ WARN] [camera_publisher.cpp:541] RealSense camera[0] frame wait timed out after 1000ms\x1b[0m\n[teleop_server_node-1] \x1b[33m2026-06-16 12:06:31.785 [ WARN] [camera_publisher.cpp:541] RealSense camera[0] frame wait timed out after 1000ms\x1b[0m\n[teleop_server_node-1] \x1b[33m2026-06-16 12:06:33.785 [ WARN] [camera_publisher.cpp:541] RealSense camera[0] frame wait timed out after 1000ms\x1b[0m\n[teleop_server_node-1] \x1b[33m2026-06-16 12:06:35.786 [ WARN] [camera_publisher.cpp:541] RealSense camera[0] frame wait timed out after 1000ms\x1b[0m\n[teleop_server_node-1] \x1b[33m2026-06-16 12:06:37.786 [ WARN] [camera_publisher.cpp:541] RealSense camera[0] frame wait timed out after 1000ms\x1b[0m\n[teleop_server_node-1] \x1b[33m2026-06-16 12:06:39.787 [ WARN] [camera_publisher.cpp:541] RealSense camera[0] frame wait timed out after 1000ms\x1b[0m\n[teleop_server_node-1] \x1b[33m2026-06-16 12:06:41.787 [ WARN] [camera_publisher.cpp:541] RealSense camera[0] frame wait timed out after 1000ms\x1b[0m\n[teleop_server_node-1] \x1b[33m2026-06-16 12:06:43.788 [ WARN] [camera_publisher.cpp:541] RealSense camera[0] frame wait timed out after 1000ms\x1b[0m\n[teleop_server_node-1] \x1b[33m2026-06-16 12:06:45.788 [ WARN] [camera_publisher.cpp:541] RealSense camera[0] frame wait timed out after 1000ms\x1b[0m\n[teleop_server_node-1] \x1b[33m2026-06-16 12:06:47.788 [ WARN] [camera_publisher.cpp:541] RealSense camera[0] frame wait timed out after 1000ms\x1b[0m\n[teleop_server_node-1] \x1b[33m2026-06-16 12:06:49.789 [ WARN] [camera_publisher.cpp:541] RealSense camera[0] frame wait timed out after 1000ms\x1b[0m\n[teleop_server_node-1] \x1b[33m2026-06-16 12:06:51.789 [ WARN] [camera_publisher.cpp:541] RealSense camera[0] frame wait timed out after 1000ms\x1b[0m\n[teleop_server_node-1] \x1b[33m2026-06-16 12:06:53.790 [ WARN] [camera_publisher.cpp:541] RealSense camera[0] frame wait timed out after 1000ms\x1b[0m\n[teleop_server_node-1] \x1b[33m2026-06-16 12:06:55.790 [ WARN] [camera_publisher.cpp:541] RealSense camera[0] frame wait timed out after 1000ms\x1b[0m\n[teleop_server_node-1] \x1b[33m2026-06-16 12:06:57.791 [ WARN] [camera_publisher.cpp:541] RealSense camera[0] frame wait timed out after 1000ms\x1b[0m\n[teleop_server_node-1] \x1b[33m2026-06-16 12:06:59.791 [ WARN] [camera_publisher.cpp:541] RealSense camera[0] frame wait timed out after 1000ms\x1b[0m\n[teleop_server_node-1] \x1b[33m2026-06-16 12:07:01.792 [ WARN] [camera_publisher.cpp:541] RealSense camera[0] frame wait timed out after 1000ms\x1b[0m\n[teleop_server_node-1] \x1b[33m2026-06-16 12:07:03.792 [ WARN] [camera_publisher.cpp:541] RealSense camera[0] frame wait timed out after 1000ms\x1b[0m\n[teleop_server_node-1] \x1b[33m2026-06-16 12:07:05.793 [ WARN] [camera_publisher.cpp:541] RealSense camera[0] frame wait timed out after 1000ms\x1b[0m\n[teleop_server_node-1] \x1b[33m2026-06-16 12:07:07.793 [ WARN] [camera_publisher.cpp:541] RealSense camera[0] frame wait timed out after 1000ms\x1b[0m\n[teleop_server_node-1] \x1b[33m2026-06-16 12:07:09.794 [ WARN] [camera_publisher.cpp:541] RealSense camera[0] frame wait timed out after 1000ms\x1b[0m\n[teleop_server_node-1] \x1b[33m2026-06-16 12:07:11.795 [ WARN] [camera_publisher.cpp:541] RealSense camera[0] frame wait timed out after 1000ms\x1b[0m\n[teleop_server_node-1] \x1b[33m2026-06-16 12:07:13.796 [ WARN] [camera_publisher.cpp:541] RealSense camera[0] frame wait timed out after 1000ms\x1b[0m\n[teleop_server_node-1] \x1b[33m2026-06-16 12:07:15.796 [ WARN] [camera_publisher.cpp:541] RealSense camera[0] frame wait timed out after 1000ms\x1b[0m\n[teleop_server_node-1] \x1b[33m2026-06-16 12:07:17.797 [ WARN] [camera_publisher.cpp:541] RealSense camera[0] frame wait timed out after 1000ms\x1b[0m\n[teleop_server_node-1] \x1b[33m2026-06-16 12:07:19.797 [ WARN] [camera_publisher.cpp:541] RealSense camera[0] frame wait timed out after 1000ms\x1b[0m\n[teleop_server_node-1] \x1b[33m2026-06-16 12:07:21.798 [ WARN] [camera_publisher.cpp:541] RealSense camera[0] frame wait timed out after 1000ms\x1b[0m\n[teleop_server_node-1] \x1b[33m2026-06-16 12:07:23.798 [ WARN] [camera_publisher.cpp:541] RealSense camera[0] frame wait timed out after 1000ms\x1b[0m\n[teleop_server_node-1] \x1b[33m2026-06-16 12:07:25.799 [ WARN] [camera_publisher.cpp:541] RealSense camera[0] frame wait timed out after 1000ms\x1b[0m\n[teleop_server_node-1] \x1b[33m2026-06-16 12:07:27.799 [ WARN] [camera_publisher.cpp:541] RealSense camera[0] frame wait timed out after 1000ms\x1b[0m\n[teleop_server_node-1] \x1b[33m2026-06-16 12:07:29.800 [ WARN] [camera_publisher.cpp:541] RealSense camera[0] frame wait timed out after 1000ms\x1b[0m\n[teleop_server_node-1] \x1b[33m2026-06-16 12:07:31.800 [ WARN] [camera_publisher.cpp:541] RealSense camera[0] frame wait timed out after 1000ms\x1b[0m\n[teleop_server_node-1] \x1b[33m2026-06-16 12:07:33.801 [ WARN] [camera_publisher.cpp:541] RealSense camera[0] frame wait timed out after 1000ms\x1b[0m\n[teleop_server_node-1] \x1b[33m2026-06-16 12:07:35.801 [ WARN] [camera_publisher.cpp:541] RealSense camera[0] frame wait timed out after 1000ms\x1b[0m\n[teleop_server_node-1] \x1b[33m2026-06-16 12:07:37.802 [ WARN] [camera_publisher.cpp:541] RealSense camera[0] frame wait timed out after 1000ms\x1b[0m\n[teleop_server_node-1] \x1b[33m2026-06-16 12:07:39.802 [ WARN] [camera_publisher.cpp:541] RealSense camera[0] frame wait timed out after 1000ms\x1b[0m\n[teleop_server_node-1] \x1b[33m2026-06-16 12:07:41.803 [ WARN] [camera_publisher.cpp:541] RealSense camera[0] frame wait timed out after 1000ms\x1b[0m\n[teleop_server_node-1] \x1b[33m2026-06-16 12:07:43.803 [ WARN] [camera_publisher.cpp:541] RealSense camera[0] frame wait timed out after 1000ms\x1b[0m\n[teleop_server_node-1] \x1b[33m2026-06-16 12:07:45.803 [ WARN] [camera_publisher.cpp:541] RealSense camera[0] frame wait timed out after 1000ms\x1b[0m\n[teleop_server_node-1] \x1b[33m2026-06-16 12:07:47.804 [ WARN] [camera_publisher.cpp:541] RealSense camera[0] frame wait timed out after 1000ms\x1b[0m\n[teleop_server_node-1] \x1b[33m2026-06-16 12:07:49.804 [ WARN] [camera_publisher.cpp:541] RealSense camera[0] frame wait timed out after 1000ms\x1b[0m\n[teleop_server_node-1] \x1b[33m2026-06-16 12:07:51.805 [ WARN] [camera_publisher.cpp:541] RealSense camera[0] frame wait timed out after 1000ms\x1b[0m\n[teleop_server_node-1] \x1b[33m2026-06-16 12:07:53.805 [ WARN] [camera_publisher.cpp:541] RealSense camera[0] frame wait timed out after 1000ms\x1b[0m\n[teleop_server_node-1] \x1b[33m2026-06-16 12:07:55.806 [ WARN] [camera_publisher.cpp:541] RealSense camera[0] frame wait timed out after 1000ms\x1b[0m\n[teleop_server_node-1] \x1b[33m2026-06-16 12:07:57.806 [ WARN] [camera_publisher.cpp:541] RealSense camera[0] frame wait timed out after 1000ms\x1b[0m\n[teleop_server_node-1] \x1b[33m2026-06-16 12:07:59.807 [ WARN] [camera_publisher.cpp:541] RealSense camera[0] frame wait timed out after 1000ms\x1b[0m\n[teleop_server_node-1] \x1b[33m2026-06-16 12:08:01.807 [ WARN] [camera_publisher.cpp:541] RealSense camera[0] frame wait timed out after 1000ms\x1b[0m\n[teleop_server_node-1] \x1b[33m2026-06-16 12:08:03.808 [ WARN] [camera_publisher.cpp:541] RealSense camera[0] frame wait timed out after 1000ms\x1b[0m\n[teleop_server_node-1] \x1b[33m2026-06-16 12:08:05.808 [ WARN] [camera_publisher.cpp:541] RealSense camera[0] frame wait timed out after 1000ms\x1b[0m\n[teleop_server_node-1] \x1b[33m2026-06-16 12:08:07.808 [ WARN] [camera_publisher.cpp:541] RealSense camera[0] frame wait timed out after 1000ms\x1b[0m\n[teleop_server_node-1] \x1b[33m2026-06-16 12:08:09.809 [ WARN] [camera_publisher.cpp:541] RealSense camera[0] frame wait timed out after 1000ms\x1b[0m\n[teleop_server_node-1] \x1b[33m2026-06-16 12:08:11.809 [ WARN] [camera_publisher.cpp:541] RealSense camera[0] frame wait timed out after 1000ms\x1b[0m\n[teleop_server_node-1] \x1b[33m2026-06-16 12:08:13.810 [ WARN] [camera_publisher.cpp:541] RealSense camera[0] frame wait timed out after 1000ms\x1b[0m\n[teleop_server_node-1] \x1b[33m2026-06-16 12:08:15.810 [ WARN] [camera_publisher.cpp:541] RealSense camera[0] frame wait timed out after 1000ms\x1b[0m\n[teleop_server_node-1] \x1b[33m2026-06-16 12:08:17.811 [ WARN] [camera_publisher.cpp:541] RealSense camera[0] frame wait timed out after 1000ms\x1b[0m\n[teleop_server_node-1] \x1b[33m2026-06-16 12:08:19.811 [ WARN] [camera_publisher.cpp:541] RealSense camera[0] frame wait timed out after 1000ms\x1b[0m', 'stdout': '[teleop_server_node-1] \x1b[33m2026-06-16 12:01:41.716 [ WARN] [camera_publisher.cpp:541] RealSense camera[0] frame wait timed out after 1000ms\x1b[0m\n[teleop_server_node-1] \x1b[33m2026-06-16 12:01:43.717 [ WARN] [camera_publisher.cpp:541] RealSense camera[0] frame wait timed out after 1000ms\x1b[0m\n[teleop_server_node-1] \x1b[33m2026-06-16 12:01:45.717 [ WARN] [camera_publisher.cpp:541] RealSense camera[0] frame wait timed out after 1000ms\x1b[0m\n[teleop_server_node-1] \x1b[33m2026-06-16 12:01:47.718 [ WARN] [camera_publisher.cpp:541] RealSense camera[0] frame wait timed out after 1000ms\x1b[0m\n[teleop_server_node-1] \x1b[33m2026-06-16 12:01:49.718 [ WARN] [camera_publisher.cpp:541] RealSense camera[0] frame wait timed out after 1000ms\x1b[0m\n[teleop_server_node-1] \x1b[33m2026-06-16 12:01:51.719 [ WARN] [camera_publisher.cpp:541] RealSense camera[0] frame wait timed out after 1000ms\x1b[0m\n[teleop_server_node-1] \x1b[33m2026-06-16 12:01:53.719 [ WARN] [camera_publisher.cpp:541] RealSense camera[0] frame wait timed out after 1000ms\x1b[0m\n[teleop_server_node-1] \x1b[33m2026-06-16 12:01:55.720 [ WARN] [camera_publisher.cpp:541] RealSense camera[0] frame wait timed out after 1000ms\x1b[0m\n[teleop_server_node-1] \x1b[33m2026-06-16 12:01:57.720 [ WARN] [camera_publisher.cpp:541] RealSense camera[0] frame wait timed out after 1000ms\x1b[0m\n[teleop_server_node-1] \x1b[33m2026-06-16 12:01:59.720 [ WARN] [camera_publisher.cpp:541] RealSense camera[0] frame wait timed out after 1000ms\x1b[0m\n[teleop_server_node-1] \x1b[33m2026-06-16 12:02:01.721 [ WARN] [camera_publisher.cpp:541] RealSense camera[0] frame wait timed out after 1000ms\x1b[0m\n[teleop_server_node-1] \x1b[33m2026-06-16 12:02:03.721 [ WARN] [camera_publisher.cpp:541] RealSense camera[0] frame wait timed out after 1000ms\x1b[0m\n[teleop_server_node-1] \x1b[33m2026-06-16 12:02:05.722 [ WARN] [camera_publisher.cpp:541] RealSense camera[0] frame wait timed out after 1000ms\x1b[0m\n[teleop_server_node-1] \x1b[33m2026-06-16 12:02:07.722 [ WARN] [camera_publisher.cpp:541] RealSense camera[0] frame wait timed out after 1000ms\x1b[0m\n[teleop_server_node-1] \x1b[33m2026-06-16 12:02:09.723 [ WARN] [camera_publisher.cpp:541] RealSense camera[0] frame wait timed out after 1000ms\x1b[0m\n[teleop_server_node-1] \x1b[33m2026-06-16 12:02:11.723 [ WARN] [camera_publisher.cpp:541] RealSense camera[0] frame wait timed out after 1000ms\x1b[0m\n[teleop_server_node-1] \x1b[33m2026-06-16 12:02:13.724 [ WARN] [camera_publisher.cpp:541] RealSense camera[0] frame wait timed out after 1000ms\x1b[0m\n[teleop_server_node-1] \x1b[33m2026-06-16 12:02:15.724 [ WARN] [camera_publisher.cpp:541] RealSense camera[0] frame wait timed out after 1000ms\x1b[0m\n[teleop_server_node-1] \x1b[33m2026-06-16 12:02:17.724 [ WARN] [camera_publisher.cpp:541] RealSense camera[0] frame wait timed out after 1000ms\x1b[0m\n[teleop_server_node-1] \x1b[33m2026-06-16 12:02:19.725 [ WARN] [camera_publisher.cpp:541] RealSense camera[0] frame wait timed out after 1000ms\x1b[0m\n[teleop_server_node-1] \x1b[33m2026-06-16 12:02:21.725 [ WARN] [camera_publisher.cpp:541] RealSense camera[0] frame wait timed out after 1000ms\x1b[0m\n[teleop_server_node-1] \x1b[33m2026-06-16 12:02:23.726 [ WARN] [camera_publisher.cpp:541] RealSense camera[0] frame wait timed out after 1000ms\x1b[0m\n[teleop_server_node-1] \x1b[33m2026-06-16 12:02:25.726 [ WARN] [camera_publisher.cpp:541] RealSense camera[0] frame wait timed out after 1000ms\x1b[0m\n[teleop_server_node-1] \x1b[33m2026-06-16 12:02:27.727 [ WARN] [camera_publisher.cpp:541] RealSense camera[0] frame wait timed out after 1000ms\x1b[0m\n[teleop_server_node-1] \x1b[33m2026-06-16 12:02:29.727 [ WARN] [camera_publisher.cpp:541] RealSense camera[0] frame wait timed out after 1000ms\x1b[0m\n[teleop_server_node-1] \x1b[33m2026-06-16 12:02:31.728 [ WARN] [camera_publisher.cpp:541] RealSense camera[0] frame wait timed out after 1000ms\x1b[0m\n[teleop_server_node-1] \x1b[33m2026-06-16 12:02:33.728 [ WARN] [camera_publisher.cpp:541] RealSense camera[0] frame wait timed out after 1000ms\x1b[0m\n[teleop_server_node-1] \x1b[33m2026-06-16 12:02:35.729 [ WARN] [camera_publisher.cpp:541] RealSense camera[0] frame wait timed out after 1000ms\x1b[0m\n[teleop_server_node-1] \x1b[33m2026-06-16 12:02:37.729 [ WARN] [camera_publisher.cpp:541] RealSense camera[0] frame wait timed out after 1000ms\x1b[0m\n[teleop_server_node-1] \x1b[33m2026-06-16 12:02:39.729 [ WARN] [camera_publisher.cpp:541] RealSense camera[0] frame wait timed out after 1000ms\x1b[0m\n[teleop_server_node-1] \x1b[33m2026-06-16 12:02:41.730 [ WARN] [camera_publisher.cpp:541] RealSense camera[0] frame wait timed out after 1000ms\x1b[0m\n[teleop_server_node-1] \x1b[33m2026-06-16 12:02:43.733 [ WARN] [camera_publisher.cpp:541] RealSense camera[0] frame wait timed out after 1000ms\x1b[0m\n[teleop_server_node-1] \x1b[33m2026-06-16 12:02:45.733 [ WARN] [camera_publisher.cpp:541] RealSense camera[0] frame wait timed out after 1000ms\x1b[0m\n[teleop_server_node-1] \x1b[33m2026-06-16 12:02:47.734 [ WARN] [camera_publisher.cpp:541] RealSense camera[0] frame wait timed out after 1000ms\x1b[0m\n[teleop_server_node-1] \x1b[33m2026-06-16 12:02:49.734 [ WARN] [camera_publisher.cpp:541] RealSense camera[0] frame wait timed out after 1000ms\x1b[0m\n[teleop_server_node-1] \x1b[33m2026-06-16 12:02:51.735 [ WARN] [camera_publisher.cpp:541] RealSense camera[0] frame wait timed out after 1000ms\x1b[0m\n[teleop_server_node-1] \x1b[33m2026-06-16 12:02:53.735 [ WARN] [camera_publisher.cpp:541] RealSense camera[0] frame wait timed out after 1000ms\x1b[0m\n[teleop_server_node-1] \x1b[33m2026-06-16 12:02:55.736 [ WARN] [camera_publisher.cpp:541] RealSense camera[0] frame wait timed out after 1000ms\x1b[0m\n[teleop_server_node-1] \x1b[33m2026-06-16 12:02:57.736 [ WARN] [camera_publisher.cpp:541] RealSense camera[0] frame wait timed out after 1000ms\x1b[0m\n[teleop_server_node-1] \x1b[33m2026-06-16 12:02:59.737 [ WARN] [camera_publisher.cpp:541] RealSense camera[0] frame wait timed out after 1000ms\x1b[0m\n[teleop_server_node-1] \x1b[33m2026-06-16 12:03:01.737 [ WARN] [camera_publisher.cpp:541] RealSense camera[0] frame wait timed out after 1000ms\x1b[0m\n[teleop_server_node-1] \x1b[33m2026-06-16 12:03:03.738 [ WARN] [camera_publisher.cpp:541] RealSense camera[0] frame wait timed out after 1000ms\x1b[0m\n[teleop_server_node-1] \x1b[33m2026-06-16 12:03:05.738 [ WARN] [camera_publisher.cpp:541] RealSense camera[0] frame wait timed out after 1000ms\x1b[0m\n[teleop_server_node-1] \x1b[33m2026-06-16 12:03:07.738 [ WARN] [camera_publisher.cpp:541] RealSense camera[0] frame wait timed out after 1000ms\x1b[0m\n[teleop_server_node-1] \x1b[33m2026-06-16 12:03:09.739 [ WARN] [camera_publisher.cpp:541] RealSense camera[0] frame wait timed out after 1000ms\x1b[0m\n[teleop_server_node-1] \x1b[33m2026-06-16 12:03:11.739 [ WARN] [camera_publisher.cpp:541] RealSense camera[0] frame wait timed out after 1000ms\x1b[0m\n[teleop_server_node-1] \x1b[33m2026-06-16 12:03:13.740 [ WARN] [camera_publisher.cpp:541] RealSense camera[0] frame wait timed out after 1000ms\x1b[0m\n[teleop_server_node-1] \x1b[33m2026-06-16 12:03:15.740 [ WARN] [camera_publisher.cpp:541] RealSense camera[0] frame wait timed out after 1000ms\x1b[0m\n[teleop_server_node-1] \x1b[33m2026-06-16 12:03:17.741 [ WARN] [camera_publisher.cpp:541] RealSense camera[0] frame wait timed out after 1000ms\x1b[0m\n[teleop_server_node-1] \x1b[33m2026-06-16 12:03:19.741 [ WARN] [camera_publisher.cpp:541] RealSense camera[0] frame wait timed out after 1000ms\x1b[0m\n[teleop_server_node-1] \x1b[33m2026-06-16 12:03:21.741 [ WARN] [camera_publisher.cpp:541] RealSense camera[0] frame wait timed out after 1000ms\x1b[0m\n[teleop_server_node-1] \x1b[33m2026-06-16 12:03:23.742 [ WARN] [camera_publisher.cpp:541] RealSense camera[0] frame wait timed out after 1000ms\x1b[0m\n[teleop_server_node-1] \x1b[33m2026-06-16 12:03:25.742 [ WARN] [camera_publisher.cpp:541] RealSense camera[0] frame wait timed out after 1000ms\x1b[0m\n[teleop_server_node-1] \x1b[33m2026-06-16 12:03:27.743 [ WARN] [camera_publisher.cpp:541] RealSense camera[0] frame wait timed out after 1000ms\x1b[0m\n[teleop_server_node-1] \x1b[33m2026-06-16 12:03:29.743 [ WARN] [camera_publisher.cpp:541] RealSense camera[0] frame wait timed out after 1000ms\x1b[0m\n[teleop_server_node-1] \x1b[33m2026-06-16 12:03:31.744 [ WARN] [camera_publisher.cpp:541] RealSense camera[0] frame wait timed out after 1000ms\x1b[0m\n[teleop_server_node-1] \x1b[33m2026-06-16 12:03:33.744 [ WARN] [camera_publisher.cpp:541] RealSense camera[0] frame wait timed out after 1000ms\x1b[0m\n[teleop_server_node-1] \x1b[33m2026-06-16 12:03:35.745 [ WARN] [camera_publisher.cpp:541] RealSense camera[0] frame wait timed out after 1000ms\x1b[0m\n[teleop_server_node-1] \x1b[33m2026-06-16 12:03:37.745 [ WARN] [camera_publisher.cpp:541] RealSense camera[0] frame wait timed out after 1000ms\x1b[0m\n[teleop_server_node-1] \x1b[33m2026-06-16 12:03:39.746 [ WARN] [camera_publisher.cpp:541] RealSense camera[0] frame wait timed out after 1000ms\x1b[0m\n[teleop_server_node-1] \x1b[33m2026-06-16 12:03:41.746 [ WARN] [camera_publisher.cpp:541] RealSense camera[0] frame wait timed out after 1000ms\x1b[0m\n[teleop_server_node-1] \x1b[33m2026-06-16 12:03:43.747 [ WARN] [camera_publisher.cpp:541] RealSense camera[0] frame wait timed out after 1000ms\x1b[0m\n[teleop_server_node-1] \x1b[33m2026-06-16 12:03:45.747 [ WARN] [camera_publisher.cpp:541] RealSense camera[0] frame wait timed out after 1000ms\x1b[0m\n[teleop_server_node-1] \x1b[33m2026-06-16 12:03:47.748 [ WARN] [camera_publisher.cpp:541] RealSense camera[0] frame wait timed out after 1000ms\x1b[0m\n[teleop_server_node-1] \x1b[33m2026-06-16 12:03:49.748 [ WARN] [camera_publisher.cpp:541] RealSense camera[0] frame wait timed out after 1000ms\x1b[0m\n[teleop_server_node-1] \x1b[33m2026-06-16 12:03:51.749 [ WARN] [camera_publisher.cpp:541] RealSense camera[0] frame wait timed out after 1000ms\x1b[0m\n[teleop_server_node-1] \x1b[33m2026-06-16 12:03:53.749 [ WARN] [camera_publisher.cpp:541] RealSense camera[0] frame wait timed out after 1000ms\x1b[0m\n[teleop_server_node-1] \x1b[33m2026-06-16 12:03:55.749 [ WARN] [camera_publisher.cpp:541] RealSense camera[0] frame wait timed out after 1000ms\x1b[0m\n[teleop_server_node-1] \x1b[33m2026-06-16 12:03:57.750 [ WARN] [camera_publisher.cpp:541] RealSense camera[0] frame wait timed out after 1000ms\x1b[0m\n[teleop_server_node-1] \x1b[33m2026-06-16 12:03:59.750 [ WARN] [camera_publisher.cpp:541] RealSense camera[0] frame wait timed out after 1000ms\x1b[0m\n[teleop_server_node-1] \x1b[33m2026-06-16 12:04:01.751 [ WARN] [camera_publisher.cpp:541] RealSense camera[0] frame wait timed out after 1000ms\x1b[0m\n[teleop_server_node-1] \x1b[33m2026-06-16 12:04:03.751 [ WARN] [camera_publisher.cpp:541] RealSense camera[0] frame wait timed out after 1000ms\x1b[0m\n[teleop_server_node-1] \x1b[33m2026-06-16 12:04:05.752 [ WARN] [camera_publisher.cpp:541] RealSense camera[0] frame wait timed out after 1000ms\x1b[0m\n[teleop_server_node-1] \x1b[33m2026-06-16 12:04:07.752 [ WARN] [camera_publisher.cpp:541] RealSense camera[0] frame wait timed out after 1000ms\x1b[0m\n[teleop_server_node-1] \x1b[33m2026-06-16 12:04:09.753 [ WARN] [camera_publisher.cpp:541] RealSense camera[0] frame wait timed out after 1000ms\x1b[0m\n[teleop_server_node-1] \x1b[33m2026-06-16 12:04:11.753 [ WARN] [camera_publisher.cpp:541] RealSense camera[0] frame wait timed out after 1000ms\x1b[0m\n[teleop_server_node-1] \x1b[33m2026-06-16 12:04:13.753 [ WARN] [camera_publisher.cpp:541] RealSense camera[0] frame wait timed out after 1000ms\x1b[0m\n[teleop_server_node-1] \x1b[33m2026-06-16 12:04:15.754 [ WARN] [camera_publisher.cpp:541] RealSense camera[0] frame wait timed out after 1000ms\x1b[0m\n[teleop_server_node-1] \x1b[33m2026-06-16 12:04:17.754 [ WARN] [camera_publisher.cpp:541] RealSense camera[0] frame wait timed out after 1000ms\x1b[0m\n[teleop_server_node-1] \x1b[33m2026-06-16 12:04:19.755 [ WARN] [camera_publisher.cpp:541] RealSense camera[0] frame wait timed out after 1000ms\x1b[0m\n[teleop_server_node-1] \x1b[33m2026-06-16 12:04:21.755 [ WARN] [camera_publisher.cpp:541] RealSense camera[0] frame wait timed out after 1000ms\x1b[0m\n[teleop_server_node-1] \x1b[33m2026-06-16 12:04:23.756 [ WARN] [camera_publisher.cpp:541] RealSense camera[0] frame wait timed out after 1000ms\x1b[0m\n[teleop_server_node-1] \x1b[33m2026-06-16 12:04:25.756 [ WARN] [camera_publisher.cpp:541] RealSense camera[0] frame wait timed out after 1000ms\x1b[0m\n[teleop_server_node-1] \x1b[33m2026-06-16 12:04:27.757 [ WARN] [camera_publisher.cpp:541] RealSense camera[0] frame wait timed out after 1000ms\x1b[0m\n[teleop_server_node-1] \x1b[33m2026-06-16 12:04:29.757 [ WARN] [camera_publisher.cpp:541] RealSense camera[0] frame wait timed out after 1000ms\x1b[0m\n[teleop_server_node-1] \x1b[33m2026-06-16 12:04:31.757 [ WARN] [camera_publisher.cpp:541] RealSense camera[0] frame wait timed out after 1000ms\x1b[0m\n[teleop_server_node-1] \x1b[33m2026-06-16 12:04:33.758 [ WARN] [camera_publisher.cpp:541] RealSense camera[0] frame wait timed out after 1000ms\x1b[0m\n[teleop_server_node-1] \x1b[33m2026-06-16 12:04:35.758 [ WARN] [camera_publisher.cpp:541] RealSense camera[0] frame wait timed out after 1000ms\x1b[0m\n[teleop_server_node-1] \x1b[33m2026-06-16 12:04:37.759 [ WARN] [camera_publisher.cpp:541] RealSense camera[0] frame wait timed out after 1000ms\x1b[0m\n[teleop_server_node-1] \x1b[33m2026-06-16 12:04:39.759 [ WARN] [camera_publisher.cpp:541] RealSense camera[0] frame wait timed out after 1000ms\x1b[0m\n[teleop_server_node-1] \x1b[33m2026-06-16 12:04:41.760 [ WARN] [camera_publisher.cpp:541] RealSense camera[0] frame wait timed out after 1000ms\x1b[0m\n[teleop_server_node-1] \x1b[33m2026-06-16 12:04:43.760 [ WARN] [camera_publisher.cpp:541] RealSense camera[0] frame wait timed out after 1000ms\x1b[0m\n[teleop_server_node-1] \x1b[33m2026-06-16 12:04:45.761 [ WARN] [camera_publisher.cpp:541] RealSense camera[0] frame wait timed out after 1000ms\x1b[0m\n[teleop_server_node-1] \x1b[33m2026-06-16 12:04:47.761 [ WARN] [camera_publisher.cpp:541] RealSense camera[0] frame wait timed out after 1000ms\x1b[0m\n[teleop_server_node-1] \x1b[33m2026-06-16 12:04:49.761 [ WARN] [camera_publisher.cpp:541] RealSense camera[0] frame wait timed out after 1000ms\x1b[0m\n[teleop_server_node-1] \x1b[33m2026-06-16 12:04:51.762 [ WARN] [camera_publisher.cpp:541] RealSense camera[0] frame wait timed out after 1000ms\x1b[0m\n[teleop_server_node-1] \x1b[33m2026-06-16 12:04:53.762 [ WARN] [camera_publisher.cpp:541] RealSense camera[0] frame wait timed out after 1000ms\x1b[0m\n[teleop_server_node-1] \x1b[33m2026-06-16 12:04:55.763 [ WARN] [camera_publisher.cpp:541] RealSense camera[0] frame wait timed out after 1000ms\x1b[0m\n[teleop_server_node-1] \x1b[33m2026-06-16 12:04:57.763 [ WARN] [camera_publisher.cpp:541] RealSense camera[0] frame wait timed out after 1000ms\x1b[0m\n[teleop_server_node-1] \x1b[33m2026-06-16 12:04:59.764 [ WARN] [camera_publisher.cpp:541] RealSense camera[0] frame wait timed out after 1000ms\x1b[0m\n[teleop_server_node-1] \x1b[33m2026-06-16 12:05:01.764 [ WARN] [camera_publisher.cpp:541] RealSense camera[0] frame wait timed out after 1000ms\x1b[0m\n[teleop_server_node-1] \x1b[33m2026-06-16 12:05:03.765 [ WARN] [camera_publisher.cpp:541] RealSense camera[0] frame wait timed out after 1000ms\x1b[0m\n[teleop_server_node-1] \x1b[33m2026-06-16 12:05:05.765 [ WARN] [camera_publisher.cpp:541] RealSense camera[0] frame wait timed out after 1000ms\x1b[0m\n[teleop_server_node-1] \x1b[33m2026-06-16 12:05:07.766 [ WARN] [camera_publisher.cpp:541] RealSense camera[0] frame wait timed out after 1000ms\x1b[0m\n[teleop_server_node-1] \x1b[33m2026-06-16 12:05:09.766 [ WARN] [camera_publisher.cpp:541] RealSense camera[0] frame wait timed out after 1000ms\x1b[0m\n[teleop_server_node-1] \x1b[33m2026-06-16 12:05:11.767 [ WARN] [camera_publisher.cpp:541] RealSense camera[0] frame wait timed out after 1000ms\x1b[0m\n[teleop_server_node-1] \x1b[33m2026-06-16 12:05:13.767 [ WARN] [camera_publisher.cpp:541] RealSense camera[0] frame wait timed out after 1000ms\x1b[0m\n[teleop_server_node-1] \x1b[33m2026-06-16 12:05:15.768 [ WARN] [camera_publisher.cpp:541] RealSense camera[0] frame wait timed out after 1000ms\x1b[0m\n[teleop_server_node-1] \x1b[33m2026-06-16 12:05:17.768 [ WARN] [camera_publisher.cpp:541] RealSense camera[0] frame wait timed out after 1000ms\x1b[0m\n[teleop_server_node-1] \x1b[33m2026-06-16 12:05:19.768 [ WARN] [camera_publisher.cpp:541] RealSense camera[0] frame wait timed out after 1000ms\x1b[0m\n[teleop_server_node-1] \x1b[33m2026-06-16 12:05:21.769 [ WARN] [camera_publisher.cpp:541] RealSense camera[0] frame wait timed out after 1000ms\x1b[0m\n[teleop_server_node-1] \x1b[33m2026-06-16 12:05:23.769 [ WARN] [camera_publisher.cpp:541] RealSense camera[0] frame wait timed out after 1000ms\x1b[0m\n[teleop_server_node-1] \x1b[33m2026-06-16 12:05:25.770 [ WARN] [camera_publisher.cpp:541] RealSense camera[0] frame wait timed out after 1000ms\x1b[0m\n[teleop_server_node-1] \x1b[33m2026-06-16 12:05:27.770 [ WARN] [camera_publisher.cpp:541] RealSense camera[0] frame wait timed out after 1000ms\x1b[0m\n[teleop_server_node-1] \x1b[33m2026-06-16 12:05:29.771 [ WARN] [camera_publisher.cpp:541] RealSense camera[0] frame wait timed out after 1000ms\x1b[0m\n[teleop_server_node-1] \x1b[33m2026-06-16 12:05:31.771 [ WARN] [camera_publisher.cpp:541] RealSense camera[0] frame wait timed out after 1000ms\x1b[0m\n[teleop_server_node-1] \x1b[33m2026-06-16 12:05:33.772 [ WARN] [camera_publisher.cpp:541] RealSense camera[0] frame wait timed out after 1000ms\x1b[0m\n[teleop_server_node-1] \x1b[33m2026-06-16 12:05:35.772 [ WARN] [camera_publisher.cpp:541] RealSense camera[0] frame wait timed out after 1000ms\x1b[0m\n[teleop_server_node-1] \x1b[33m2026-06-16 12:05:37.772 [ WARN] [camera_publisher.cpp:541] RealSense camera[0] frame wait timed out after 1000ms\x1b[0m\n[teleop_server_node-1] \x1b[33m2026-06-16 12:05:39.773 [ WARN] [camera_publisher.cpp:541] RealSense camera[0] frame wait timed out after 1000ms\x1b[0m\n[teleop_server_node-1] \x1b[33m2026-06-16 12:05:41.773 [ WARN] [camera_publisher.cpp:541] RealSense camera[0] frame wait timed out after 1000ms\x1b[0m\n[teleop_server_node-1] \x1b[33m2026-06-16 12:05:43.774 [ WARN] [camera_publisher.cpp:541] RealSense camera[0] frame wait timed out after 1000ms\x1b[0m\n[teleop_server_node-1] \x1b[33m2026-06-16 12:05:45.774 [ WARN] [camera_publisher.cpp:541] RealSense camera[0] frame wait timed out after 1000ms\x1b[0m\n[teleop_server_node-1] \x1b[33m2026-06-16 12:05:47.775 [ WARN] [camera_publisher.cpp:541] RealSense camera[0] frame wait timed out after 1000ms\x1b[0m\n[teleop_server_node-1] \x1b[33m2026-06-16 12:05:49.775 [ WARN] [camera_publisher.cpp:541] RealSense camera[0] frame wait timed out after 1000ms\x1b[0m\n[teleop_server_node-1] \x1b[33m2026-06-16 12:05:51.776 [ WARN] [camera_publisher.cpp:541] RealSense camera[0] frame wait timed out after 1000ms\x1b[0m\n[teleop_server_node-1] \x1b[33m2026-06-16 12:05:53.776 [ WARN] [camera_publisher.cpp:541] RealSense camera[0] frame wait timed out after 1000ms\x1b[0m\n[teleop_server_node-1] \x1b[33m2026-06-16 12:05:55.777 [ WARN] [camera_publisher.cpp:541] RealSense camera[0] frame wait timed out after 1000ms\x1b[0m\n[teleop_server_node-1] \x1b[33m2026-06-16 12:05:57.777 [ WARN] [camera_publisher.cpp:541] RealSense camera[0] frame wait timed out after 1000ms\x1b[0m\n[teleop_server_node-1] \x1b[33m2026-06-16 12:05:59.778 [ WARN] [camera_publisher.cpp:541] RealSense camera[0] frame wait timed out after 1000ms\x1b[0m\n[teleop_server_node-1] \x1b[33m2026-06-16 12:06:01.778 [ WARN] [camera_publisher.cpp:541] RealSense camera[0] frame wait timed out after 1000ms\x1b[0m\n[teleop_server_node-1] \x1b[33m2026-06-16 12:06:03.779 [ WARN] [camera_publisher.cpp:541] RealSense camera[0] frame wait timed out after 1000ms\x1b[0m\n[teleop_server_node-1] \x1b[33m2026-06-16 12:06:05.779 [ WARN] [camera_publisher.cpp:541] RealSense camera[0] frame wait timed out after 1000ms\x1b[0m\n[teleop_server_node-1] \x1b[33m2026-06-16 12:06:07.779 [ WARN] [camera_publisher.cpp:541] RealSense camera[0] frame wait timed out after 1000ms\x1b[0m\n[teleop_server_node-1] \x1b[33m2026-06-16 12:06:09.780 [ WARN] [camera_publisher.cpp:541] RealSense camera[0] frame wait timed out after 1000ms\x1b[0m\n[teleop_server_node-1] \x1b[33m2026-06-16 12:06:11.780 [ WARN] [camera_publisher.cpp:541] RealSense camera[0] frame wait timed out after 1000ms\x1b[0m\n[teleop_server_node-1] \x1b[33m2026-06-16 12:06:13.781 [ WARN] [camera_publisher.cpp:541] RealSense camera[0] frame wait timed out after 1000ms\x1b[0m\n[teleop_server_node-1] \x1b[33m2026-06-16 12:06:15.781 [ WARN] [camera_publisher.cpp:541] RealSense camera[0] frame wait timed out after 1000ms\x1b[0m\n[teleop_server_node-1] \x1b[33m2026-06-16 12:06:17.782 [ WARN] [camera_publisher.cpp:541] RealSense camera[0] frame wait timed out after 1000ms\x1b[0m\n[teleop_server_node-1] \x1b[33m2026-06-16 12:06:19.782 [ WARN] [camera_publisher.cpp:541] RealSense camera[0] frame wait timed out after 1000ms\x1b[0m\n[teleop_server_node-1] \x1b[33m2026-06-16 12:06:21.783 [ WARN] [camera_publisher.cpp:541] RealSense camera[0] frame wait timed out after 1000ms\x1b[0m\n[teleop_server_node-1] \x1b[33m2026-06-16 12:06:23.783 [ WARN] [camera_publisher.cpp:541] RealSense camera[0] frame wait timed out after 1000ms\x1b[0m\n[teleop_server_node-1] \x1b[33m2026-06-16 12:06:25.784 [ WARN] [camera_publisher.cpp:541] RealSense camera[0] frame wait timed out after 1000ms\x1b[0m\n[teleop_server_node-1] \x1b[33m2026-06-16 12:06:27.784 [ WARN] [camera_publisher.cpp:541] RealSense camera[0] frame wait timed out after 1000ms\x1b[0m\n[teleop_server_node-1] \x1b[33m2026-06-16 12:06:29.784 [ WARN] [camera_publisher.cpp:541] RealSense camera[0] frame wait timed out after 1000ms\x1b[0m\n[teleop_server_node-1] \x1b[33m2026-06-16 12:06:31.785 [ WARN] [camera_publisher.cpp:541] RealSense camera[0] frame wait timed out after 1000ms\x1b[0m\n[teleop_server_node-1] \x1b[33m2026-06-16 12:06:33.785 [ WARN] [camera_publisher.cpp:541] RealSense camera[0] frame wait timed out after 1000ms\x1b[0m\n[teleop_server_node-1] \x1b[33m2026-06-16 12:06:35.786 [ WARN] [camera_publisher.cpp:541] RealSense camera[0] frame wait timed out after 1000ms\x1b[0m\n[teleop_server_node-1] \x1b[33m2026-06-16 12:06:37.786 [ WARN] [camera_publisher.cpp:541] RealSense camera[0] frame wait timed out after 1000ms\x1b[0m\n[teleop_server_node-1] \x1b[33m2026-06-16 12:06:39.787 [ WARN] [camera_publisher.cpp:541] RealSense camera[0] frame wait timed out after 1000ms\x1b[0m\n[teleop_server_node-1] \x1b[33m2026-06-16 12:06:41.787 [ WARN] [camera_publisher.cpp:541] RealSense camera[0] frame wait timed out after 1000ms\x1b[0m\n[teleop_server_node-1] \x1b[33m2026-06-16 12:06:43.788 [ WARN] [camera_publisher.cpp:541] RealSense camera[0] frame wait timed out after 1000ms\x1b[0m\n[teleop_server_node-1] \x1b[33m2026-06-16 12:06:45.788 [ WARN] [camera_publisher.cpp:541] RealSense camera[0] frame wait timed out after 1000ms\x1b[0m\n[teleop_server_node-1] \x1b[33m2026-06-16 12:06:47.788 [ WARN] [camera_publisher.cpp:541] RealSense camera[0] frame wait timed out after 1000ms\x1b[0m\n[teleop_server_node-1] \x1b[33m2026-06-16 12:06:49.789 [ WARN] [camera_publisher.cpp:541] RealSense camera[0] frame wait timed out after 1000ms\x1b[0m\n[teleop_server_node-1] \x1b[33m2026-06-16 12:06:51.789 [ WARN] [camera_publisher.cpp:541] RealSense camera[0] frame wait timed out after 1000ms\x1b[0m\n[teleop_server_node-1] \x1b[33m2026-06-16 12:06:53.790 [ WARN] [camera_publisher.cpp:541] RealSense camera[0] frame wait timed out after 1000ms\x1b[0m\n[teleop_server_node-1] \x1b[33m2026-06-16 12:06:55.790 [ WARN] [camera_publisher.cpp:541] RealSense camera[0] frame wait timed out after 1000ms\x1b[0m\n[teleop_server_node-1] \x1b[33m2026-06-16 12:06:57.791 [ WARN] [camera_publisher.cpp:541] RealSense camera[0] frame wait timed out after 1000ms\x1b[0m\n[teleop_server_node-1] \x1b[33m2026-06-16 12:06:59.791 [ WARN] [camera_publisher.cpp:541] RealSense camera[0] frame wait timed out after 1000ms\x1b[0m\n[teleop_server_node-1] \x1b[33m2026-06-16 12:07:01.792 [ WARN] [camera_publisher.cpp:541] RealSense camera[0] frame wait timed out after 1000ms\x1b[0m\n[teleop_server_node-1] \x1b[33m2026-06-16 12:07:03.792 [ WARN] [camera_publisher.cpp:541] RealSense camera[0] frame wait timed out after 1000ms\x1b[0m\n[teleop_server_node-1] \x1b[33m2026-06-16 12:07:05.793 [ WARN] [camera_publisher.cpp:541] RealSense camera[0] frame wait timed out after 1000ms\x1b[0m\n[teleop_server_node-1] \x1b[33m2026-06-16 12:07:07.793 [ WARN] [camera_publisher.cpp:541] RealSense camera[0] frame wait timed out after 1000ms\x1b[0m\n[teleop_server_node-1] \x1b[33m2026-06-16 12:07:09.794 [ WARN] [camera_publisher.cpp:541] RealSense camera[0] frame wait timed out after 1000ms\x1b[0m\n[teleop_server_node-1] \x1b[33m2026-06-16 12:07:11.795 [ WARN] [camera_publisher.cpp:541] RealSense camera[0] frame wait timed out after 1000ms\x1b[0m\n[teleop_server_node-1] \x1b[33m2026-06-16 12:07:13.796 [ WARN] [camera_publisher.cpp:541] RealSense camera[0] frame wait timed out after 1000ms\x1b[0m\n[teleop_server_node-1] \x1b[33m2026-06-16 12:07:15.796 [ WARN] [camera_publisher.cpp:541] RealSense camera[0] frame wait timed out after 1000ms\x1b[0m\n[teleop_server_node-1] \x1b[33m2026-06-16 12:07:17.797 [ WARN] [camera_publisher.cpp:541] RealSense camera[0] frame wait timed out after 1000ms\x1b[0m\n[teleop_server_node-1] \x1b[33m2026-06-16 12:07:19.797 [ WARN] [camera_publisher.cpp:541] RealSense camera[0] frame wait timed out after 1000ms\x1b[0m\n[teleop_server_node-1] \x1b[33m2026-06-16 12:07:21.798 [ WARN] [camera_publisher.cpp:541] RealSense camera[0] frame wait timed out after 1000ms\x1b[0m\n[teleop_server_node-1] \x1b[33m2026-06-16 12:07:23.798 [ WARN] [camera_publisher.cpp:541] RealSense camera[0] frame wait timed out after 1000ms\x1b[0m\n[teleop_server_node-1] \x1b[33m2026-06-16 12:07:25.799 [ WARN] [camera_publisher.cpp:541] RealSense camera[0] frame wait timed out after 1000ms\x1b[0m\n[teleop_server_node-1] \x1b[33m2026-06-16 12:07:27.799 [ WARN] [camera_publisher.cpp:541] RealSense camera[0] frame wait timed out after 1000ms\x1b[0m\n[teleop_server_node-1] \x1b[33m2026-06-16 12:07:29.800 [ WARN] [camera_publisher.cpp:541] RealSense camera[0] frame wait timed out after 1000ms\x1b[0m\n[teleop_server_node-1] \x1b[33m2026-06-16 12:07:31.800 [ WARN] [camera_publisher.cpp:541] RealSense camera[0] frame wait timed out after 1000ms\x1b[0m\n[teleop_server_node-1] \x1b[33m2026-06-16 12:07:33.801 [ WARN] [camera_publisher.cpp:541] RealSense camera[0] frame wait timed out after 1000ms\x1b[0m\n[teleop_server_node-1] \x1b[33m2026-06-16 12:07:35.801 [ WARN] [camera_publisher.cpp:541] RealSense camera[0] frame wait timed out after 1000ms\x1b[0m\n[teleop_server_node-1] \x1b[33m2026-06-16 12:07:37.802 [ WARN] [camera_publisher.cpp:541] RealSense camera[0] frame wait timed out after 1000ms\x1b[0m\n[teleop_server_node-1] \x1b[33m2026-06-16 12:07:39.802 [ WARN] [camera_publisher.cpp:541] RealSense camera[0] frame wait timed out after 1000ms\x1b[0m\n[teleop_server_node-1] \x1b[33m2026-06-16 12:07:41.803 [ WARN] [camera_publisher.cpp:541] RealSense camera[0] frame wait timed out after 1000ms\x1b[0m\n[teleop_server_node-1] \x1b[33m2026-06-16 12:07:43.803 [ WARN] [camera_publisher.cpp:541] RealSense camera[0] frame wait timed out after 1000ms\x1b[0m\n[teleop_server_node-1] \x1b[33m2026-06-16 12:07:45.803 [ WARN] [camera_publisher.cpp:541] RealSense camera[0] frame wait timed out after 1000ms\x1b[0m\n[teleop_server_node-1] \x1b[33m2026-06-16 12:07:47.804 [ WARN] [camera_publisher.cpp:541] RealSense camera[0] frame wait timed out after 1000ms\x1b[0m\n[teleop_server_node-1] \x1b[33m2026-06-16 12:07:49.804 [ WARN] [camera_publisher.cpp:541] RealSense camera[0] frame wait timed out after 1000ms\x1b[0m\n[teleop_server_node-1] \x1b[33m2026-06-16 12:07:51.805 [ WARN] [camera_publisher.cpp:541] RealSense camera[0] frame wait timed out after 1000ms\x1b[0m\n[teleop_server_node-1] \x1b[33m2026-06-16 12:07:53.805 [ WARN] [camera_publisher.cpp:541] RealSense camera[0] frame wait timed out after 1000ms\x1b[0m\n[teleop_server_node-1] \x1b[33m2026-06-16 12:07:55.806 [ WARN] [camera_publisher.cpp:541] RealSense camera[0] frame wait timed out after 1000ms\x1b[0m\n[teleop_server_node-1] \x1b[33m2026-06-16 12:07:57.806 [ WARN] [camera_publisher.cpp:541] RealSense camera[0] frame wait timed out after 1000ms\x1b[0m\n[teleop_server_node-1] \x1b[33m2026-06-16 12:07:59.807 [ WARN] [camera_publisher.cpp:541] RealSense camera[0] frame wait timed out after 1000ms\x1b[0m\n[teleop_server_node-1] \x1b[33m2026-06-16 12:08:01.807 [ WARN] [camera_publisher.cpp:541] RealSense camera[0] frame wait timed out after 1000ms\x1b[0m\n[teleop_server_node-1] \x1b[33m2026-06-16 12:08:03.808 [ WARN] [camera_publisher.cpp:541] RealSense camera[0] frame wait timed out after 1000ms\x1b[0m\n[teleop_server_node-1] \x1b[33m2026-06-16 12:08:05.808 [ WARN] [camera_publisher.cpp:541] RealSense camera[0] frame wait timed out after 1000ms\x1b[0m\n[teleop_server_node-1] \x1b[33m2026-06-16 12:08:07.808 [ WARN] [camera_publisher.cpp:541] RealSense camera[0] frame wait timed out after 1000ms\x1b[0m\n[teleop_server_node-1] \x1b[33m2026-06-16 12:08:09.809 [ WARN] [camera_publisher.cpp:541] RealSense camera[0] frame wait timed out after 1000ms\x1b[0m\n[teleop_server_node-1] \x1b[33m2026-06-16 12:08:11.809 [ WARN] [camera_publisher.cpp:541] RealSense camera[0] frame wait timed out after 1000ms\x1b[0m\n[teleop_server_node-1] \x1b[33m2026-06-16 12:08:13.810 [ WARN] [camera_publisher.cpp:541] RealSense camera[0] frame wait timed out after 1000ms\x1b[0m\n[teleop_server_node-1] \x1b[33m2026-06-16 12:08:15.810 [ WARN] [camera_publisher.cpp:541] RealSense camera[0] frame wait timed out after 1000ms\x1b[0m\n[teleop_server_node-1] \x1b[33m2026-06-16 12:08:17.811 [ WARN] [camera_publisher.cpp:541] RealSense camera[0] frame wait timed out after 1000ms\x1b[0m\n[teleop_server_node-1] \x1b[33m2026-06-16 12:08:19.811 [ WARN] [camera_publisher.cpp:541] RealSense camera[0] frame wait timed out after 1000ms\x1b[0m', 'stderr': '', 'reason': 'cos_teleop 服务正在运行，但日志中存在相机读取或初始化异常。', 'suggestion': '请尝试重启 cos_teleop.service；如果仍异常，请检查相机 Type-C 连接、udev 映射、相机设备状态或相机是否被占用。'})[0m
[0;32mok: [g1_robot_062] => (item={'name': 'dex1 source directory', 'status': 'OK', 'detail': '/home/unitree/g1_setup/dex1_1_service'})[0m
[0;32mok: [g1_robot_062] => (item={'name': 'dex1 bin directory', 'status': 'OK', 'detail': '/home/unitree/g1_setup/dex1_1_service/bin'})[0m
[0;32mok: [g1_robot_062] => (item={'name': 'dex1 server binary', 'status': 'OK', 'detail': '/home/unitree/g1_setup/dex1_1_service/bin/dex1_1_gripper_server'})[0m
[0;32mok: [g1_robot_062] => (item={'name': 'dex1 test binary', 'status': 'OK', 'detail': '/home/unitree/g1_setup/dex1_1_service/bin/test_dex1_1_gripper_server'})[0m
[0;32mok: [g1_robot_062] => (item={'name': 'dex1 systemd unit file', 'status': 'OK', 'detail': '/etc/systemd/system/dex1_gripper.service'})[0m
[0;32mok: [g1_robot_062] => (item={'name': 'dex1 server executable', 'status': 'OK', 'detail': '/home/unitree/g1_setup/dex1_1_service/bin/dex1_1_gripper_server'})[0m
[0;32mok: [g1_robot_062] => (item={'name': 'dex1 shared libraries', 'status': 'OK', 'detail': 'ldd rc=0'})[0m
[0;32mok: [g1_robot_062] => (item={'name': 'dex1 service enabled', 'status': 'OK', 'detail': 'enabled'})[0m
[0;32mok: [g1_robot_062] => (item={'name': 'dex1 service active', 'status': 'OK', 'detail': 'active', 'stdout': '\n--- systemctl status ---\n\n--- journalctl -u dex1_gripper.service -n 50 ---\n', 'stderr': '\n--- systemctl status stderr ---\n\n--- journalctl stderr ---\n'})[0m
[0;32mok: [g1_robot_062] => (item={'name': 'dex1 motor binding', 'status': 'WARN', 'detail': '[2026-06-15 18:03:16.821] [info] No DDS command received on rt/dex1/left/cmd. Keeping motor 1 in brake mode and publishing state.\n[2026-06-15 18:04:46.933] [info] No DDS command received on rt/dex1/left/cmd. Keeping motor 1 in brake mode and publishing state.\n[2026-06-15 18:04:46.934] [info] No DDS command received on rt/dex1/right/cmd. Keeping motor 0 in brake mode and publishing state.\n[2026-06-15 18:06:17.033] [info] No DDS command received on rt/dex1/left/cmd. Keeping motor 1 in brake mode and publishing state.\n[2026-06-15 18:06:17.045] [info] No DDS command received on rt/dex1/right/cmd. Keeping motor 0 in brake mode and publishing state.\n[2026-06-16 09:50:57.680] [info] No DDS command received on rt/dex1/left/cmd. Keeping motor 1 in brake mode and publishing state.\n[2026-06-16 09:50:57.681] [info] No DDS command received on rt/dex1/right/cmd. Keeping motor 0 in brake mode and publishing state.\n[2026-06-16 09:51:10.590] [info] No DDS command received on rt/dex1/right/cmd. Keeping motor 0 in brake mode and publishing state.\n[2026-06-16 09:51:10.592] [info] No DDS command received on rt/dex1/left/cmd. Keeping motor 1 in brake mode and publishing state.\nStopping Dex1-1 Service Start...\ndex1_gripper.service: Succeeded.\nStopped Dex1-1 Service Start.\nStarted Dex1-1 Service Start.\n[2026-06-16 09:53:11.335] [info] Available Serial Ports: /dev/ttyUSB0, /dev/ttyUSB1, /dev/ttyUSB2, /dev/ttyUSB3\n[2026-06-16 09:53:11.506] [info] Detected motors:\n[2026-06-16 09:53:11.506] [info]   - Motor ID: 0 \t Side: right \t Port: /dev/ttyUSB1 \t cmdTopic: rt/dex1/right/cmd \t stateTopic: rt/dex1/right/state\n[2026-06-16 09:53:11.506] [info]   - Motor ID: 1 \t Side: left \t Port: /dev/ttyUSB2 \t cmdTopic: rt/dex1/left/cmd \t stateTopic: rt/dex1/left/state\n[2026-06-16 09:53:11.608] [info] No DDS command received on rt/dex1/right/cmd. Keeping motor 0 in brake mode and publishing state.\n[2026-06-16 09:53:11.710] [info] Dex1-1 Gripper Server (coscene version) started.\n[2026-06-16 09:53:11.710] [info] No DDS command received on rt/dex1/left/cmd. Keeping motor 1 in brake mode and publishing state.\nStopping Dex1-1 Service Start...\ndex1_gripper.service: Succeeded.\nStopped Dex1-1 Service Start.\nStarted Dex1-1 Service Start.\n[2026-06-16 09:53:24.535] [info] Available Serial Ports: /dev/ttyUSB0, /dev/ttyUSB1, /dev/ttyUSB2, /dev/ttyUSB3\n[2026-06-16 09:53:24.702] [info] Detected motors:\n[2026-06-16 09:53:24.703] [info]   - Motor ID: 0 \t Side: right \t Port: /dev/ttyUSB1 \t cmdTopic: rt/dex1/right/cmd \t stateTopic: rt/dex1/right/state\n[2026-06-16 09:53:24.703] [info]   - Motor ID: 1 \t Side: left \t Port: /dev/ttyUSB2 \t cmdTopic: rt/dex1/left/cmd \t stateTopic: rt/dex1/left/state\n[2026-06-16 09:53:24.806] [info] No DDS command received on rt/dex1/right/cmd. Keeping motor 0 in brake mode and publishing state.\n[2026-06-16 09:53:24.907] [info] Dex1-1 Gripper Server (coscene version) started.\n[2026-06-16 09:53:24.907] [info] No DDS command received on rt/dex1/left/cmd. Keeping motor 1 in brake mode and publishing state.\n[2026-06-16 09:53:56.311] [info] No DDS command received on rt/dex1/left/cmd. Keeping motor 1 in brake mode and publishing state.\n[2026-06-16 09:54:01.728] [info] No DDS command received on rt/dex1/right/cmd. Keeping motor 0 in brake mode and publishing state.\n[2026-06-16 09:55:00.869] [info] No DDS command received on rt/dex1/left/cmd. Keeping motor 1 in brake mode and publishing state.\n[2026-06-16 09:55:00.871] [info] No DDS command received on rt/dex1/right/cmd. Keeping motor 0 in brake mode and publishing state.\n[2026-06-16 10:02:55.113] [info] No DDS command received on rt/dex1/left/cmd. Keeping motor 1 in brake mode and publishing state.\n[2026-06-16 10:02:55.114] [info] No DDS command received on rt/dex1/right/cmd. Keeping motor 0 in brake mode and publishing state.\n[2026-06-16 10:05:43.681] [info] No DDS command received on rt/dex1/right/cmd. Keeping motor 0 in brake mode and publishing state.\n[2026-06-16 10:05:43.682] [info] No DDS command received on rt/dex1/left/cmd. Keeping motor 1 in brake mode and publishing state.\n[2026-06-16 10:06:39.941] [info] No DDS command received on rt/dex1/right/cmd. Keeping motor 0 in brake mode and publishing state.\n[2026-06-16 10:06:39.941] [info] No DDS command received on rt/dex1/left/cmd. Keeping motor 1 in brake mode and publishing state.\n[2026-06-16 10:08:42.712] [info] No DDS command received on rt/dex1/right/cmd. Keeping motor 0 in brake mode and publishing state.\n[2026-06-16 10:08:42.713] [info] No DDS command received on rt/dex1/left/cmd. Keeping motor 1 in brake mode and publishing state.\n[2026-06-16 10:11:54.535] [info] No DDS command received on rt/dex1/left/cmd. Keeping motor 1 in brake mode and publishing state.\n[2026-06-16 10:11:54.537] [info] No DDS command received on rt/dex1/right/cmd. Keeping motor 0 in brake mode and publishing state.\n[2026-06-16 10:13:07.485] [info] No DDS command received on rt/dex1/right/cmd. Keeping motor 0 in brake mode and publishing state.\n[2026-06-16 10:13:07.486] [info] No DDS command received on rt/dex1/left/cmd. Keeping motor 1 in brake mode and publishing state.\n[2026-06-16 10:16:39.525] [info] No DDS command received on rt/dex1/left/cmd. Keeping motor 1 in brake mode and publishing state.\n[2026-06-16 10:16:39.526] [info] No DDS command received on rt/dex1/right/cmd. Keeping motor 0 in brake mode and publishing state.\n[2026-06-16 10:18:25.163] [info] No DDS command received on rt/dex1/left/cmd. Keeping motor 1 in brake mode and publishing state.\n[2026-06-16 10:18:25.164] [info] No DDS command received on rt/dex1/right/cmd. Keeping motor 0 in brake mode and publishing state.\n[2026-06-16 10:21:39.582] [info] No DDS command received on rt/dex1/right/cmd. Keeping motor 0 in brake mode and publishing state.\n[2026-06-16 10:21:39.584] [info] No DDS command received on rt/dex1/left/cmd. Keeping motor 1 in brake mode and publishing state.\nStopping Dex1-1 Service Start...\ndex1_gripper.service: Succeeded.\nStopped Dex1-1 Service Start.\nStarted Dex1-1 Service Start.\n[2026-06-16 10:23:54.473] [info] Available Serial Ports: /dev/ttyUSB0, /dev/ttyUSB1, /dev/ttyUSB2, /dev/ttyUSB3\n[2026-06-16 10:23:54.640] [info] Detected motors:\n[2026-06-16 10:23:54.640] [info]   - Motor ID: 0 \t Side: right \t Port: /dev/ttyUSB1 \t cmdTopic: rt/dex1/right/cmd \t stateTopic: rt/dex1/right/state\n[2026-06-16 10:23:54.640] [info]   - Motor ID: 1 \t Side: left \t Port: /dev/ttyUSB2 \t cmdTopic: rt/dex1/left/cmd \t stateTopic: rt/dex1/left/state\n[2026-06-16 10:23:54.742] [info] No DDS command received on rt/dex1/right/cmd. Keeping motor 0 in brake mode and publishing state.\n[2026-06-16 10:23:54.845] [info] Dex1-1 Gripper Server (coscene version) started.\n[2026-06-16 10:23:54.845] [info] No DDS command received on rt/dex1/left/cmd. Keeping motor 1 in brake mode and publishing state.\nStopping Dex1-1 Service Start...\ndex1_gripper.service: Succeeded.\nStopped Dex1-1 Service Start.\nStarted Dex1-1 Service Start.\n[2026-06-16 10:25:01.505] [info] Available Serial Ports: /dev/ttyUSB0, /dev/ttyUSB1, /dev/ttyUSB2, /dev/ttyUSB3\n[2026-06-16 10:25:01.671] [info] Detected motors:\n[2026-06-16 10:25:01.671] [info]   - Motor ID: 0 \t Side: right \t Port: /dev/ttyUSB1 \t cmdTopic: rt/dex1/right/cmd \t stateTopic: rt/dex1/right/state\n[2026-06-16 10:25:01.671] [info]   - Motor ID: 1 \t Side: left \t Port: /dev/ttyUSB2 \t cmdTopic: rt/dex1/left/cmd \t stateTopic: rt/dex1/left/state\n[2026-06-16 10:25:01.775] [info] No DDS command received on rt/dex1/right/cmd. Keeping motor 0 in brake mode and publishing state.\n[2026-06-16 10:25:01.876] [info] Dex1-1 Gripper Server (coscene version) started.\n[2026-06-16 10:25:01.876] [info] No DDS command received on rt/dex1/left/cmd. Keeping motor 1 in brake mode and publishing state.\n[2026-06-16 10:26:52.943] [info] No DDS command received on rt/dex1/right/cmd. Keeping motor 0 in brake mode and publishing state.\n[2026-06-16 10:26:52.944] [info] No DDS command received on rt/dex1/left/cmd. Keeping motor 1 in brake mode and publishing state.\n[2026-06-16 10:30:13.380] [info] No DDS command received on rt/dex1/left/cmd. Keeping motor 1 in brake mode and publishing state.\n[2026-06-16 10:30:13.381] [info] No DDS command received on rt/dex1/right/cmd. Keeping motor 0 in brake mode and publishing state.\n[2026-06-16 10:31:36.349] [info] No DDS command received on rt/dex1/right/cmd. Keeping motor 0 in brake mode and publishing state.\n[2026-06-16 10:31:36.350] [info] No DDS command received on rt/dex1/left/cmd. Keeping motor 1 in brake mode and publishing state.\n[2026-06-16 10:33:12.777] [info] No DDS command received on rt/dex1/right/cmd. Keeping motor 0 in brake mode and publishing state.\n[2026-06-16 10:33:12.778] [info] No DDS command received on rt/dex1/left/cmd. Keeping motor 1 in brake mode and publishing state.\n[2026-06-16 10:35:59.972] [info] No DDS command received on rt/dex1/left/cmd. Keeping motor 1 in brake mode and publishing state.\n[2026-06-16 10:35:59.973] [info] No DDS command received on rt/dex1/right/cmd. Keeping motor 0 in brake mode and publishing state.\n[2026-06-16 10:37:18.898] [info] No DDS command received on rt/dex1/left/cmd. Keeping motor 1 in brake mode and publishing state.\n[2026-06-16 10:37:18.900] [info] No DDS command received on rt/dex1/right/cmd. Keeping motor 0 in brake mode and publishing state.\n[2026-06-16 10:45:34.033] [info] No DDS command received on rt/dex1/left/cmd. Keeping motor 1 in brake mode and publishing state.\n[2026-06-16 10:45:34.035] [info] No DDS command received on rt/dex1/right/cmd. Keeping motor 0 in brake mode and publishing state.\n[2026-06-16 10:48:34.562] [info] No DDS command received on rt/dex1/right/cmd. Keeping motor 0 in brake mode and publishing state.\n[2026-06-16 10:48:34.563] [info] No DDS command received on rt/dex1/left/cmd. Keeping motor 1 in brake mode and publishing state.\n[2026-06-16 10:50:01.081] [info] No DDS command received on rt/dex1/left/cmd. Keeping motor 1 in brake mode and publishing state.\n[2026-06-16 10:50:01.082] [info] No DDS command received on rt/dex1/right/cmd. Keeping motor 0 in brake mode and publishing state.\n[2026-06-16 10:53:13.109] [info] No DDS command received on rt/dex1/left/cmd. Keeping motor 1 in brake mode and publishing state.\n[2026-06-16 10:53:13.110] [info] No DDS command received on rt/dex1/right/cmd. Keeping motor 0 in brake mode and publishing state.\n[2026-06-16 10:59:17.431] [info] No DDS command received on rt/dex1/left/cmd. Keeping motor 1 in brake mode and publishing state.\n[2026-06-16 10:59:17.432] [info] No DDS command received on rt/dex1/right/cmd. Keeping motor 0 in brake mode and publishing state.\n[2026-06-16 11:00:48.555] [info] No DDS command received on rt/dex1/right/cmd. Keeping motor 0 in brake mode and publishing state.\n[2026-06-16 11:00:48.556] [info] No DDS command received on rt/dex1/left/cmd. Keeping motor 1 in brake mode and publishing state.\n[2026-06-16 11:04:03.047] [info] No DDS command received on rt/dex1/right/cmd. Keeping motor 0 in brake mode and publishing state.\n[2026-06-16 11:04:03.048] [info] No DDS command received on rt/dex1/left/cmd. Keeping motor 1 in brake mode and publishing state.\n[2026-06-16 11:08:36.160] [info] No DDS command received on rt/dex1/right/cmd. Keeping motor 0 in brake mode and publishing state.\n[2026-06-16 11:08:36.161] [info] No DDS command received on rt/dex1/left/cmd. Keeping motor 1 in brake mode and publishing state.\n[2026-06-16 11:17:35.017] [info] No DDS command received on rt/dex1/right/cmd. Keeping motor 0 in brake mode and publishing state.\n[2026-06-16 11:17:35.019] [info] No DDS command received on rt/dex1/left/cmd. Keeping motor 1 in brake mode and publishing state.\n[2026-06-16 11:26:01.481] [info] No DDS command received on rt/dex1/left/cmd. Keeping motor 1 in brake mode and publishing state.\n[2026-06-16 11:26:01.482] [info] No DDS command received on rt/dex1/right/cmd. Keeping motor 0 in brake mode and publishing state.\n[2026-06-16 11:27:17.674] [info] No DDS command received on rt/dex1/right/cmd. Keeping motor 0 in brake mode and publishing state.\n[2026-06-16 11:27:17.675] [info] No DDS command received on rt/dex1/left/cmd. Keeping motor 1 in brake mode and publishing state.\nStopping Dex1-1 Service Start...\ndex1_gripper.service: Succeeded.\nStopped Dex1-1 Service Start.\nStarted Dex1-1 Service Start.\n[2026-06-17 12:00:11.386] [info] Available Serial Ports: /dev/ttyUSB0, /dev/ttyUSB1, /dev/ttyUSB2, /dev/ttyUSB3\n[2026-06-17 12:00:11.552] [info] Detected motors:\n[2026-06-17 12:00:11.552] [info]   - Motor ID: 0 \t Side: right \t Port: /dev/ttyUSB1 \t cmdTopic: rt/dex1/right/cmd \t stateTopic: rt/dex1/right/state\n[2026-06-17 12:00:11.552] [info]   - Motor ID: 1 \t Side: left \t Port: /dev/ttyUSB2 \t cmdTopic: rt/dex1/left/cmd \t stateTopic: rt/dex1/left/state\n[2026-06-17 12:00:11.655] [info] No DDS command received on rt/dex1/right/cmd. Keeping motor 0 in brake mode and publishing state.\n[2026-06-17 12:00:11.756] [info] Dex1-1 Gripper Server (coscene version) started.\n[2026-06-17 12:00:11.756] [info] No DDS command received on rt/dex1/left/cmd. Keeping motor 1 in brake mode and publishing state.', 'stdout': '[2026-06-15 18:03:16.821] [info] No DDS command received on rt/dex1/left/cmd. Keeping motor 1 in brake mode and publishing state.\n[2026-06-15 18:04:46.933] [info] No DDS command received on rt/dex1/left/cmd. Keeping motor 1 in brake mode and publishing state.\n[2026-06-15 18:04:46.934] [info] No DDS command received on rt/dex1/right/cmd. Keeping motor 0 in brake mode and publishing state.\n[2026-06-15 18:06:17.033] [info] No DDS command received on rt/dex1/left/cmd. Keeping motor 1 in brake mode and publishing state.\n[2026-06-15 18:06:17.045] [info] No DDS command received on rt/dex1/right/cmd. Keeping motor 0 in brake mode and publishing state.\n[2026-06-16 09:50:57.680] [info] No DDS command received on rt/dex1/left/cmd. Keeping motor 1 in brake mode and publishing state.\n[2026-06-16 09:50:57.681] [info] No DDS command received on rt/dex1/right/cmd. Keeping motor 0 in brake mode and publishing state.\n[2026-06-16 09:51:10.590] [info] No DDS command received on rt/dex1/right/cmd. Keeping motor 0 in brake mode and publishing state.\n[2026-06-16 09:51:10.592] [info] No DDS command received on rt/dex1/left/cmd. Keeping motor 1 in brake mode and publishing state.\nStopping Dex1-1 Service Start...\ndex1_gripper.service: Succeeded.\nStopped Dex1-1 Service Start.\nStarted Dex1-1 Service Start.\n[2026-06-16 09:53:11.335] [info] Available Serial Ports: /dev/ttyUSB0, /dev/ttyUSB1, /dev/ttyUSB2, /dev/ttyUSB3\n[2026-06-16 09:53:11.506] [info] Detected motors:\n[2026-06-16 09:53:11.506] [info]   - Motor ID: 0 \t Side: right \t Port: /dev/ttyUSB1 \t cmdTopic: rt/dex1/right/cmd \t stateTopic: rt/dex1/right/state\n[2026-06-16 09:53:11.506] [info]   - Motor ID: 1 \t Side: left \t Port: /dev/ttyUSB2 \t cmdTopic: rt/dex1/left/cmd \t stateTopic: rt/dex1/left/state\n[2026-06-16 09:53:11.608] [info] No DDS command received on rt/dex1/right/cmd. Keeping motor 0 in brake mode and publishing state.\n[2026-06-16 09:53:11.710] [info] Dex1-1 Gripper Server (coscene version) started.\n[2026-06-16 09:53:11.710] [info] No DDS command received on rt/dex1/left/cmd. Keeping motor 1 in brake mode and publishing state.\nStopping Dex1-1 Service Start...\ndex1_gripper.service: Succeeded.\nStopped Dex1-1 Service Start.\nStarted Dex1-1 Service Start.\n[2026-06-16 09:53:24.535] [info] Available Serial Ports: /dev/ttyUSB0, /dev/ttyUSB1, /dev/ttyUSB2, /dev/ttyUSB3\n[2026-06-16 09:53:24.702] [info] Detected motors:\n[2026-06-16 09:53:24.703] [info]   - Motor ID: 0 \t Side: right \t Port: /dev/ttyUSB1 \t cmdTopic: rt/dex1/right/cmd \t stateTopic: rt/dex1/right/state\n[2026-06-16 09:53:24.703] [info]   - Motor ID: 1 \t Side: left \t Port: /dev/ttyUSB2 \t cmdTopic: rt/dex1/left/cmd \t stateTopic: rt/dex1/left/state\n[2026-06-16 09:53:24.806] [info] No DDS command received on rt/dex1/right/cmd. Keeping motor 0 in brake mode and publishing state.\n[2026-06-16 09:53:24.907] [info] Dex1-1 Gripper Server (coscene version) started.\n[2026-06-16 09:53:24.907] [info] No DDS command received on rt/dex1/left/cmd. Keeping motor 1 in brake mode and publishing state.\n[2026-06-16 09:53:56.311] [info] No DDS command received on rt/dex1/left/cmd. Keeping motor 1 in brake mode and publishing state.\n[2026-06-16 09:54:01.728] [info] No DDS command received on rt/dex1/right/cmd. Keeping motor 0 in brake mode and publishing state.\n[2026-06-16 09:55:00.869] [info] No DDS command received on rt/dex1/left/cmd. Keeping motor 1 in brake mode and publishing state.\n[2026-06-16 09:55:00.871] [info] No DDS command received on rt/dex1/right/cmd. Keeping motor 0 in brake mode and publishing state.\n[2026-06-16 10:02:55.113] [info] No DDS command received on rt/dex1/left/cmd. Keeping motor 1 in brake mode and publishing state.\n[2026-06-16 10:02:55.114] [info] No DDS command received on rt/dex1/right/cmd. Keeping motor 0 in brake mode and publishing state.\n[2026-06-16 10:05:43.681] [info] No DDS command received on rt/dex1/right/cmd. Keeping motor 0 in brake mode and publishing state.\n[2026-06-16 10:05:43.682] [info] No DDS command received on rt/dex1/left/cmd. Keeping motor 1 in brake mode and publishing state.\n[2026-06-16 10:06:39.941] [info] No DDS command received on rt/dex1/right/cmd. Keeping motor 0 in brake mode and publishing state.\n[2026-06-16 10:06:39.941] [info] No DDS command received on rt/dex1/left/cmd. Keeping motor 1 in brake mode and publishing state.\n[2026-06-16 10:08:42.712] [info] No DDS command received on rt/dex1/right/cmd. Keeping motor 0 in brake mode and publishing state.\n[2026-06-16 10:08:42.713] [info] No DDS command received on rt/dex1/left/cmd. Keeping motor 1 in brake mode and publishing state.\n[2026-06-16 10:11:54.535] [info] No DDS command received on rt/dex1/left/cmd. Keeping motor 1 in brake mode and publishing state.\n[2026-06-16 10:11:54.537] [info] No DDS command received on rt/dex1/right/cmd. Keeping motor 0 in brake mode and publishing state.\n[2026-06-16 10:13:07.485] [info] No DDS command received on rt/dex1/right/cmd. Keeping motor 0 in brake mode and publishing state.\n[2026-06-16 10:13:07.486] [info] No DDS command received on rt/dex1/left/cmd. Keeping motor 1 in brake mode and publishing state.\n[2026-06-16 10:16:39.525] [info] No DDS command received on rt/dex1/left/cmd. Keeping motor 1 in brake mode and publishing state.\n[2026-06-16 10:16:39.526] [info] No DDS command received on rt/dex1/right/cmd. Keeping motor 0 in brake mode and publishing state.\n[2026-06-16 10:18:25.163] [info] No DDS command received on rt/dex1/left/cmd. Keeping motor 1 in brake mode and publishing state.\n[2026-06-16 10:18:25.164] [info] No DDS command received on rt/dex1/right/cmd. Keeping motor 0 in brake mode and publishing state.\n[2026-06-16 10:21:39.582] [info] No DDS command received on rt/dex1/right/cmd. Keeping motor 0 in brake mode and publishing state.\n[2026-06-16 10:21:39.584] [info] No DDS command received on rt/dex1/left/cmd. Keeping motor 1 in brake mode and publishing state.\nStopping Dex1-1 Service Start...\ndex1_gripper.service: Succeeded.\nStopped Dex1-1 Service Start.\nStarted Dex1-1 Service Start.\n[2026-06-16 10:23:54.473] [info] Available Serial Ports: /dev/ttyUSB0, /dev/ttyUSB1, /dev/ttyUSB2, /dev/ttyUSB3\n[2026-06-16 10:23:54.640] [info] Detected motors:\n[2026-06-16 10:23:54.640] [info]   - Motor ID: 0 \t Side: right \t Port: /dev/ttyUSB1 \t cmdTopic: rt/dex1/right/cmd \t stateTopic: rt/dex1/right/state\n[2026-06-16 10:23:54.640] [info]   - Motor ID: 1 \t Side: left \t Port: /dev/ttyUSB2 \t cmdTopic: rt/dex1/left/cmd \t stateTopic: rt/dex1/left/state\n[2026-06-16 10:23:54.742] [info] No DDS command received on rt/dex1/right/cmd. Keeping motor 0 in brake mode and publishing state.\n[2026-06-16 10:23:54.845] [info] Dex1-1 Gripper Server (coscene version) started.\n[2026-06-16 10:23:54.845] [info] No DDS command received on rt/dex1/left/cmd. Keeping motor 1 in brake mode and publishing state.\nStopping Dex1-1 Service Start...\ndex1_gripper.service: Succeeded.\nStopped Dex1-1 Service Start.\nStarted Dex1-1 Service Start.\n[2026-06-16 10:25:01.505] [info] Available Serial Ports: /dev/ttyUSB0, /dev/ttyUSB1, /dev/ttyUSB2, /dev/ttyUSB3\n[2026-06-16 10:25:01.671] [info] Detected motors:\n[2026-06-16 10:25:01.671] [info]   - Motor ID: 0 \t Side: right \t Port: /dev/ttyUSB1 \t cmdTopic: rt/dex1/right/cmd \t stateTopic: rt/dex1/right/state\n[2026-06-16 10:25:01.671] [info]   - Motor ID: 1 \t Side: left \t Port: /dev/ttyUSB2 \t cmdTopic: rt/dex1/left/cmd \t stateTopic: rt/dex1/left/state\n[2026-06-16 10:25:01.775] [info] No DDS command received on rt/dex1/right/cmd. Keeping motor 0 in brake mode and publishing state.\n[2026-06-16 10:25:01.876] [info] Dex1-1 Gripper Server (coscene version) started.\n[2026-06-16 10:25:01.876] [info] No DDS command received on rt/dex1/left/cmd. Keeping motor 1 in brake mode and publishing state.\n[2026-06-16 10:26:52.943] [info] No DDS command received on rt/dex1/right/cmd. Keeping motor 0 in brake mode and publishing state.\n[2026-06-16 10:26:52.944] [info] No DDS command received on rt/dex1/left/cmd. Keeping motor 1 in brake mode and publishing state.\n[2026-06-16 10:30:13.380] [info] No DDS command received on rt/dex1/left/cmd. Keeping motor 1 in brake mode and publishing state.\n[2026-06-16 10:30:13.381] [info] No DDS command received on rt/dex1/right/cmd. Keeping motor 0 in brake mode and publishing state.\n[2026-06-16 10:31:36.349] [info] No DDS command received on rt/dex1/right/cmd. Keeping motor 0 in brake mode and publishing state.\n[2026-06-16 10:31:36.350] [info] No DDS command received on rt/dex1/left/cmd. Keeping motor 1 in brake mode and publishing state.\n[2026-06-16 10:33:12.777] [info] No DDS command received on rt/dex1/right/cmd. Keeping motor 0 in brake mode and publishing state.\n[2026-06-16 10:33:12.778] [info] No DDS command received on rt/dex1/left/cmd. Keeping motor 1 in brake mode and publishing state.\n[2026-06-16 10:35:59.972] [info] No DDS command received on rt/dex1/left/cmd. Keeping motor 1 in brake mode and publishing state.\n[2026-06-16 10:35:59.973] [info] No DDS command received on rt/dex1/right/cmd. Keeping motor 0 in brake mode and publishing state.\n[2026-06-16 10:37:18.898] [info] No DDS command received on rt/dex1/left/cmd. Keeping motor 1 in brake mode and publishing state.\n[2026-06-16 10:37:18.900] [info] No DDS command received on rt/dex1/right/cmd. Keeping motor 0 in brake mode and publishing state.\n[2026-06-16 10:45:34.033] [info] No DDS command received on rt/dex1/left/cmd. Keeping motor 1 in brake mode and publishing state.\n[2026-06-16 10:45:34.035] [info] No DDS command received on rt/dex1/right/cmd. Keeping motor 0 in brake mode and publishing state.\n[2026-06-16 10:48:34.562] [info] No DDS command received on rt/dex1/right/cmd. Keeping motor 0 in brake mode and publishing state.\n[2026-06-16 10:48:34.563] [info] No DDS command received on rt/dex1/left/cmd. Keeping motor 1 in brake mode and publishing state.\n[2026-06-16 10:50:01.081] [info] No DDS command received on rt/dex1/left/cmd. Keeping motor 1 in brake mode and publishing state.\n[2026-06-16 10:50:01.082] [info] No DDS command received on rt/dex1/right/cmd. Keeping motor 0 in brake mode and publishing state.\n[2026-06-16 10:53:13.109] [info] No DDS command received on rt/dex1/left/cmd. Keeping motor 1 in brake mode and publishing state.\n[2026-06-16 10:53:13.110] [info] No DDS command received on rt/dex1/right/cmd. Keeping motor 0 in brake mode and publishing state.\n[2026-06-16 10:59:17.431] [info] No DDS command received on rt/dex1/left/cmd. Keeping motor 1 in brake mode and publishing state.\n[2026-06-16 10:59:17.432] [info] No DDS command received on rt/dex1/right/cmd. Keeping motor 0 in brake mode and publishing state.\n[2026-06-16 11:00:48.555] [info] No DDS command received on rt/dex1/right/cmd. Keeping motor 0 in brake mode and publishing state.\n[2026-06-16 11:00:48.556] [info] No DDS command received on rt/dex1/left/cmd. Keeping motor 1 in brake mode and publishing state.\n[2026-06-16 11:04:03.047] [info] No DDS command received on rt/dex1/right/cmd. Keeping motor 0 in brake mode and publishing state.\n[2026-06-16 11:04:03.048] [info] No DDS command received on rt/dex1/left/cmd. Keeping motor 1 in brake mode and publishing state.\n[2026-06-16 11:08:36.160] [info] No DDS command received on rt/dex1/right/cmd. Keeping motor 0 in brake mode and publishing state.\n[2026-06-16 11:08:36.161] [info] No DDS command received on rt/dex1/left/cmd. Keeping motor 1 in brake mode and publishing state.\n[2026-06-16 11:17:35.017] [info] No DDS command received on rt/dex1/right/cmd. Keeping motor 0 in brake mode and publishing state.\n[2026-06-16 11:17:35.019] [info] No DDS command received on rt/dex1/left/cmd. Keeping motor 1 in brake mode and publishing state.\n[2026-06-16 11:26:01.481] [info] No DDS command received on rt/dex1/left/cmd. Keeping motor 1 in brake mode and publishing state.\n[2026-06-16 11:26:01.482] [info] No DDS command received on rt/dex1/right/cmd. Keeping motor 0 in brake mode and publishing state.\n[2026-06-16 11:27:17.674] [info] No DDS command received on rt/dex1/right/cmd. Keeping motor 0 in brake mode and publishing state.\n[2026-06-16 11:27:17.675] [info] No DDS command received on rt/dex1/left/cmd. Keeping motor 1 in brake mode and publishing state.\nStopping Dex1-1 Service Start...\ndex1_gripper.service: Succeeded.\nStopped Dex1-1 Service Start.\nStarted Dex1-1 Service Start.\n[2026-06-17 12:00:11.386] [info] Available Serial Ports: /dev/ttyUSB0, /dev/ttyUSB1, /dev/ttyUSB2, /dev/ttyUSB3\n[2026-06-17 12:00:11.552] [info] Detected motors:\n[2026-06-17 12:00:11.552] [info]   - Motor ID: 0 \t Side: right \t Port: /dev/ttyUSB1 \t cmdTopic: rt/dex1/right/cmd \t stateTopic: rt/dex1/right/state\n[2026-06-17 12:00:11.552] [info]   - Motor ID: 1 \t Side: left \t Port: /dev/ttyUSB2 \t cmdTopic: rt/dex1/left/cmd \t stateTopic: rt/dex1/left/state\n[2026-06-17 12:00:11.655] [info] No DDS command received on rt/dex1/right/cmd. Keeping motor 0 in brake mode and publishing state.\n[2026-06-17 12:00:11.756] [info] Dex1-1 Gripper Server (coscene version) started.\n[2026-06-17 12:00:11.756] [info] No DDS command received on rt/dex1/left/cmd. Keeping motor 1 in brake mode and publishing state.', 'stderr': '', 'reason': 'Dex1 服务已启动，但未确认左右手电机绑定成功。', 'suggestion': '请尝试重启 dex1_gripper.service；如果仍异常，请检查 Dex1 有线连接、串口识别和硬件状态。'})[0m
[0;32mok: [g1_robot_062] => (item={'name': 'cos_agent active', 'status': 'OK', 'detail': 'active', 'stdout': '__SETUP_SERVICE__ name=cos_agent.service active=1 active_rc=0 status_rc=0\nactive\n● cos_agent.service - coScene agent ROS2 Node\n     Loaded: loaded (/etc/systemd/system/cos_agent.service; enabled; vendor preset: enabled)\n     Active: active (running) since Tue 2026-06-16 11:45:18 CST; 24h ago\n   Main PID: 1022 (ros2)\n      Tasks: 22 (limit: 18143)\n     Memory: 70.2M\n     CGroup: /system.slice/cos_agent.service\n             ├─1022 /usr/bin/python3 /opt/ros/foxy/bin/ros2 launch agent agent.launch.py\n             └─1806 /opt/ros/foxy/lib/agent/agent_node --ros-args -r __node:=agent_node --params-file /tmp/launch_params_0j5shmzr\n\nJun 16 11:45:18 unitree-6812 systemd[1]: Started coScene agent ROS2 Node.\nJun 10 07:35:00 unitree-6812 bash[1022]: [INFO] [launch]: All log files can be found below /home/unitree/.ros/log/1970-06-10-07-35-00-555658-unitree-6812-1022\nJun 10 07:35:00 unitree-6812 bash[1022]: [INFO] [launch]: Default logging verbosity is set to INFO\nJun 10 07:35:00 unitree-6812 bash[1022]: [INFO] [agent_node-1]: process started with pid [1806]\nJun 10 07:35:00 unitree-6812 bash[1022]: [agent_node-1] [INFO] [0013822500.782405856] [agent]: GIT HASH: 3b79b82ad16859b4b425ab438c167e81ba597a76\nJun 10 07:35:00 unitree-6812 bash[1022]: [agent_node-1] ╔═════════════════════════════════════════════════════════════════════════╗\nJun 10 07:35:00 unitree-6812 bash[1022]: [agent_node-1] ║              coScene Agent Started - ROS 2, version: 0.4.10              ║\nJun 10 07:35:00 unitree-6812 bash[1022]: [agent_node-1] ╚═════════════════════════════════════════════════════════════════════════╝\nJun 10 07:35:00 unitree-6812 bash[1022]: [agent_node-1] [INFO] [0013822500.782474752] [agent]: try to connect nats server...\nJun 10 07:35:16 unitree-6812 bash[1022]: [agent_node-1] [INFO] [0013822516.877016960] [agent]: connect nats success!', 'stderr': ''})[0m
[0;32mok: [g1_robot_062] => (item={'name': 'cos_teleop active', 'status': 'OK', 'detail': 'active', 'stdout': '__SETUP_SERVICE__ name=cos_teleop.service active=1 active_rc=0 status_rc=0\nactive\n● cos_teleop.service - coScene teleop_server ROS2 Node\n     Loaded: loaded (/etc/systemd/system/cos_teleop.service; enabled; vendor preset: enabled)\n     Active: active (running) since Tue 2026-06-16 11:45:19 CST; 24h ago\n   Main PID: 1261 (ros2)\n      Tasks: 70 (limit: 18143)\n     Memory: 207.4M\n     CGroup: /system.slice/cos_teleop.service\n             ├─1261 /usr/bin/python3 /opt/ros/foxy/bin/ros2 launch teleop_server teleop_server.launch.py urdf_file:=/home/unitree/cos_ws/src/g1_description/g1_29dof_mode_15_with_dex1_1.urdf\n             ├─1801 /home/unitree/cos_ws/install/teleop_server/lib/teleop_server/teleop_server_node /home/unitree/cos_ws/install/teleop_server/share/teleop_server/config/teleop_server.yaml --ros-args\n             └─1805 /opt/ros/foxy/lib/robot_state_publisher/robot_state_publisher /home/unitree/cos_ws/src/g1_description/g1_29dof_mode_15_with_dex1_1.urdf --ros-args\n\nJun 10 07:35:02 unitree-6812 bash[1261]: [teleop_server_node-1] 1970-06-10 07:35:02.027 [ INFO] [joints_publisher.cpp:060] JointsPublisher started, body joints: 29, hand type: dex1, total joints: 31\nJun 10 07:35:02 unitree-6812 bash[1261]: [teleop_server_node-1] 1970-06-10 07:35:02.076 [ INFO] [recording_controller.cpp:031] RecordingController started.\nJun 10 07:35:02 unitree-6812 bash[1261]: [teleop_server_node-1] 1970-06-10 07:35:02.086 [ INFO] [pico_teleop_sender.cpp:329] PicoTeleopSender enabled. packet_topic=/pico/teleop_packet teleop_cmd_topic=/fsm/teleop/cmd sport_request_topic=/api/sport/request teleop=505 locomotion=801 hand_type=dex1\nJun 10 07:35:02 unitree-6812 bash[1261]: [teleop_server_node-1] 1970-06-10 07:35:02.087 [ INFO] [pico_data_receiver.cpp:354] Pico 82D converter enabled. hz=50.0\nJun 10 07:35:02 unitree-6812 bash[1261]: [teleop_server_node-1] 1970-06-10 07:35:02.088 [ INFO] [PXREARobotSDK] initialize sdk,connect to server\nJun 10 07:35:02 unitree-6812 bash[1261]: [teleop_server_node-1] 1970-06-10 07:35:02.098 [ INFO] [pico_data_receiver.cpp:360] PicoDataReceiver started.\nJun 10 07:35:02 unitree-6812 bash[1261]: [teleop_server_node-1] 1970-06-10 07:35:02.614 [ INFO] [PXREARobotSDK] client start server stream\nJun 10 07:35:02 unitree-6812 bash[1261]: [teleop_server_node-1] 1970-06-10 07:35:02.614 [ INFO] [pico_data_receiver.cpp:388] XRoboToolkit server connected\nJun 10 07:35:02 unitree-6812 bash[1261]: [teleop_server_node-1] 1970-06-10 07:35:02.614 [ INFO] [PXREARobotSDK] watch server feedback thread start\nJun 10 07:35:02 unitree-6812 bash[1261]: [teleop_server_node-1] 1970-06-10 07:35:02.614 [ INFO] [PXREARobotSDK] server connect', 'stderr': ''})[0m
[0;32mok: [g1_robot_062] => (item={'name': 'xrobotoolkit-pc-service active', 'status': 'OK', 'detail': 'active', 'stdout': '__SETUP_SERVICE__ name=xrobotoolkit-pc-service.service active=1 active_rc=0 status_rc=0\nactive\n● xrobotoolkit-pc-service.service - XRoboToolkit PC Service\n     Loaded: loaded (/etc/systemd/system/xrobotoolkit-pc-service.service; enabled; vendor preset: enabled)\n     Active: active (running) since Tue 2026-06-16 11:45:19 CST; 24h ago\n    Process: 1210 ExecStartPre=/usr/bin/test -x /opt/apps/xrobotoolkit-pc-service/runService.sh (code=exited, status=0/SUCCESS)\n   Main PID: 1258 (RoboticsService)\n      Tasks: 23 (limit: 18143)\n     Memory: 29.7M\n     CGroup: /system.slice/xrobotoolkit-pc-service.service\n             └─1258 ./RoboticsServiceProcess\n\nJun 16 11:45:18 unitree-6812 systemd[1]: Starting XRoboToolkit PC Service...\nJun 16 11:45:19 unitree-6812 systemd[1]: Started XRoboToolkit PC Service.\nJun 16 11:45:19 unitree-6812 runService.sh[1258]: release mode', 'stderr': ''})[0m

TASK [Use enriched check results for report] ***********************************
[0;32mok: [g1_robot_062][0m

TASK [Calculate check counters] ************************************************
[0;32mok: [g1_robot_062][0m

TASK [Calculate overall status] ************************************************
[0;32mok: [g1_robot_062][0m

TASK [Initialize report card issues] *******************************************
[0;32mok: [g1_robot_062][0m

TASK [Add check issues to report card] *****************************************
[0;32mok: [g1_robot_062] => (item={'name': 'cos_teleop camera log', 'status': 'WARN', 'detail': '[teleop_server_node-1] \x1b[33m2026-06-16 12:01:41.716 [ WARN] [camera_publisher.cpp:541] RealSense camera[0] frame wait timed out after 1000ms\x1b[0m\n[teleop_server_node-1] \x1b[33m2026-06-16 12:01:43.717 [ WARN] [camera_publisher.cpp:541] RealSense camera[0] frame wait timed out after 1000ms\x1b[0m\n[teleop_server_node-1] \x1b[33m2026-06-16 12:01:45.717 [ WARN] [camera_publisher.cpp:541] RealSense camera[0] frame wait timed out after 1000ms\x1b[0m\n[teleop_server_node-1] \x1b[33m2026-06-16 12:01:47.718 [ WARN] [camera_publisher.cpp:541] RealSense camera[0] frame wait timed out after 1000ms\x1b[0m\n[teleop_server_node-1] \x1b[33m2026-06-16 12:01:49.718 [ WARN] [camera_publisher.cpp:541] RealSense camera[0] frame wait timed out after 1000ms\x1b[0m\n[teleop_server_node-1] \x1b[33m2026-06-16 12:01:51.719 [ WARN] [camera_publisher.cpp:541] RealSense camera[0] frame wait timed out after 1000ms\x1b[0m\n[teleop_server_node-1] \x1b[33m2026-06-16 12:01:53.719 [ WARN] [camera_publisher.cpp:541] RealSense camera[0] frame wait timed out after 1000ms\x1b[0m\n[teleop_server_node-1] \x1b[33m2026-06-16 12:01:55.720 [ WARN] [camera_publisher.cpp:541] RealSense camera[0] frame wait timed out after 1000ms\x1b[0m\n[teleop_server_node-1] \x1b[33m2026-06-16 12:01:57.720 [ WARN] [camera_publisher.cpp:541] RealSense camera[0] frame wait timed out after 1000ms\x1b[0m\n[teleop_server_node-1] \x1b[33m2026-06-16 12:01:59.720 [ WARN] [camera_publisher.cpp:541] RealSense camera[0] frame wait timed out after 1000ms\x1b[0m\n[teleop_server_node-1] \x1b[33m2026-06-16 12:02:01.721 [ WARN] [camera_publisher.cpp:541] RealSense camera[0] frame wait timed out after 1000ms\x1b[0m\n[teleop_server_node-1] \x1b[33m2026-06-16 12:02:03.721 [ WARN] [camera_publisher.cpp:541] RealSense camera[0] frame wait timed out after 1000ms\x1b[0m\n[teleop_server_node-1] \x1b[33m2026-06-16 12:02:05.722 [ WARN] [camera_publisher.cpp:541] RealSense camera[0] frame wait timed out after 1000ms\x1b[0m\n[teleop_server_node-1] \x1b[33m2026-06-16 12:02:07.722 [ WARN] [camera_publisher.cpp:541] RealSense camera[0] frame wait timed out after 1000ms\x1b[0m\n[teleop_server_node-1] \x1b[33m2026-06-16 12:02:09.723 [ WARN] [camera_publisher.cpp:541] RealSense camera[0] frame wait timed out after 1000ms\x1b[0m\n[teleop_server_node-1] \x1b[33m2026-06-16 12:02:11.723 [ WARN] [camera_publisher.cpp:541] RealSense camera[0] frame wait timed out after 1000ms\x1b[0m\n[teleop_server_node-1] \x1b[33m2026-06-16 12:02:13.724 [ WARN] [camera_publisher.cpp:541] RealSense camera[0] frame wait timed out after 1000ms\x1b[0m\n[teleop_server_node-1] \x1b[33m2026-06-16 12:02:15.724 [ WARN] [camera_publisher.cpp:541] RealSense camera[0] frame wait timed out after 1000ms\x1b[0m\n[teleop_server_node-1] \x1b[33m2026-06-16 12:02:17.724 [ WARN] [camera_publisher.cpp:541] RealSense camera[0] frame wait timed out after 1000ms\x1b[0m\n[teleop_server_node-1] \x1b[33m2026-06-16 12:02:19.725 [ WARN] [camera_publisher.cpp:541] RealSense camera[0] frame wait timed out after 1000ms\x1b[0m\n[teleop_server_node-1] \x1b[33m2026-06-16 12:02:21.725 [ WARN] [camera_publisher.cpp:541] RealSense camera[0] frame wait timed out after 1000ms\x1b[0m\n[teleop_server_node-1] \x1b[33m2026-06-16 12:02:23.726 [ WARN] [camera_publisher.cpp:541] RealSense camera[0] frame wait timed out after 1000ms\x1b[0m\n[teleop_server_node-1] \x1b[33m2026-06-16 12:02:25.726 [ WARN] [camera_publisher.cpp:541] RealSense camera[0] frame wait timed out after 1000ms\x1b[0m\n[teleop_server_node-1] \x1b[33m2026-06-16 12:02:27.727 [ WARN] [camera_publisher.cpp:541] RealSense camera[0] frame wait timed out after 1000ms\x1b[0m\n[teleop_server_node-1] \x1b[33m2026-06-16 12:02:29.727 [ WARN] [camera_publisher.cpp:541] RealSense camera[0] frame wait timed out after 1000ms\x1b[0m\n[teleop_server_node-1] \x1b[33m2026-06-16 12:02:31.728 [ WARN] [camera_publisher.cpp:541] RealSense camera[0] frame wait timed out after 1000ms\x1b[0m\n[teleop_server_node-1] \x1b[33m2026-06-16 12:02:33.728 [ WARN] [camera_publisher.cpp:541] RealSense camera[0] frame wait timed out after 1000ms\x1b[0m\n[teleop_server_node-1] \x1b[33m2026-06-16 12:02:35.729 [ WARN] [camera_publisher.cpp:541] RealSense camera[0] frame wait timed out after 1000ms\x1b[0m\n[teleop_server_node-1] \x1b[33m2026-06-16 12:02:37.729 [ WARN] [camera_publisher.cpp:541] RealSense camera[0] frame wait timed out after 1000ms\x1b[0m\n[teleop_server_node-1] \x1b[33m2026-06-16 12:02:39.729 [ WARN] [camera_publisher.cpp:541] RealSense camera[0] frame wait timed out after 1000ms\x1b[0m\n[teleop_server_node-1] \x1b[33m2026-06-16 12:02:41.730 [ WARN] [camera_publisher.cpp:541] RealSense camera[0] frame wait timed out after 1000ms\x1b[0m\n[teleop_server_node-1] \x1b[33m2026-06-16 12:02:43.733 [ WARN] [camera_publisher.cpp:541] RealSense camera[0] frame wait timed out after 1000ms\x1b[0m\n[teleop_server_node-1] \x1b[33m2026-06-16 12:02:45.733 [ WARN] [camera_publisher.cpp:541] RealSense camera[0] frame wait timed out after 1000ms\x1b[0m\n[teleop_server_node-1] \x1b[33m2026-06-16 12:02:47.734 [ WARN] [camera_publisher.cpp:541] RealSense camera[0] frame wait timed out after 1000ms\x1b[0m\n[teleop_server_node-1] \x1b[33m2026-06-16 12:02:49.734 [ WARN] [camera_publisher.cpp:541] RealSense camera[0] frame wait timed out after 1000ms\x1b[0m\n[teleop_server_node-1] \x1b[33m2026-06-16 12:02:51.735 [ WARN] [camera_publisher.cpp:541] RealSense camera[0] frame wait timed out after 1000ms\x1b[0m\n[teleop_server_node-1] \x1b[33m2026-06-16 12:02:53.735 [ WARN] [camera_publisher.cpp:541] RealSense camera[0] frame wait timed out after 1000ms\x1b[0m\n[teleop_server_node-1] \x1b[33m2026-06-16 12:02:55.736 [ WARN] [camera_publisher.cpp:541] RealSense camera[0] frame wait timed out after 1000ms\x1b[0m\n[teleop_server_node-1] \x1b[33m2026-06-16 12:02:57.736 [ WARN] [camera_publisher.cpp:541] RealSense camera[0] frame wait timed out after 1000ms\x1b[0m\n[teleop_server_node-1] \x1b[33m2026-06-16 12:02:59.737 [ WARN] [camera_publisher.cpp:541] RealSense camera[0] frame wait timed out after 1000ms\x1b[0m\n[teleop_server_node-1] \x1b[33m2026-06-16 12:03:01.737 [ WARN] [camera_publisher.cpp:541] RealSense camera[0] frame wait timed out after 1000ms\x1b[0m\n[teleop_server_node-1] \x1b[33m2026-06-16 12:03:03.738 [ WARN] [camera_publisher.cpp:541] RealSense camera[0] frame wait timed out after 1000ms\x1b[0m\n[teleop_server_node-1] \x1b[33m2026-06-16 12:03:05.738 [ WARN] [camera_publisher.cpp:541] RealSense camera[0] frame wait timed out after 1000ms\x1b[0m\n[teleop_server_node-1] \x1b[33m2026-06-16 12:03:07.738 [ WARN] [camera_publisher.cpp:541] RealSense camera[0] frame wait timed out after 1000ms\x1b[0m\n[teleop_server_node-1] \x1b[33m2026-06-16 12:03:09.739 [ WARN] [camera_publisher.cpp:541] RealSense camera[0] frame wait timed out after 1000ms\x1b[0m\n[teleop_server_node-1] \x1b[33m2026-06-16 12:03:11.739 [ WARN] [camera_publisher.cpp:541] RealSense camera[0] frame wait timed out after 1000ms\x1b[0m\n[teleop_server_node-1] \x1b[33m2026-06-16 12:03:13.740 [ WARN] [camera_publisher.cpp:541] RealSense camera[0] frame wait timed out after 1000ms\x1b[0m\n[teleop_server_node-1] \x1b[33m2026-06-16 12:03:15.740 [ WARN] [camera_publisher.cpp:541] RealSense camera[0] frame wait timed out after 1000ms\x1b[0m\n[teleop_server_node-1] \x1b[33m2026-06-16 12:03:17.741 [ WARN] [camera_publisher.cpp:541] RealSense camera[0] frame wait timed out after 1000ms\x1b[0m\n[teleop_server_node-1] \x1b[33m2026-06-16 12:03:19.741 [ WARN] [camera_publisher.cpp:541] RealSense camera[0] frame wait timed out after 1000ms\x1b[0m\n[teleop_server_node-1] \x1b[33m2026-06-16 12:03:21.741 [ WARN] [camera_publisher.cpp:541] RealSense camera[0] frame wait timed out after 1000ms\x1b[0m\n[teleop_server_node-1] \x1b[33m2026-06-16 12:03:23.742 [ WARN] [camera_publisher.cpp:541] RealSense camera[0] frame wait timed out after 1000ms\x1b[0m\n[teleop_server_node-1] \x1b[33m2026-06-16 12:03:25.742 [ WARN] [camera_publisher.cpp:541] RealSense camera[0] frame wait timed out after 1000ms\x1b[0m\n[teleop_server_node-1] \x1b[33m2026-06-16 12:03:27.743 [ WARN] [camera_publisher.cpp:541] RealSense camera[0] frame wait timed out after 1000ms\x1b[0m\n[teleop_server_node-1] \x1b[33m2026-06-16 12:03:29.743 [ WARN] [camera_publisher.cpp:541] RealSense camera[0] frame wait timed out after 1000ms\x1b[0m\n[teleop_server_node-1] \x1b[33m2026-06-16 12:03:31.744 [ WARN] [camera_publisher.cpp:541] RealSense camera[0] frame wait timed out after 1000ms\x1b[0m\n[teleop_server_node-1] \x1b[33m2026-06-16 12:03:33.744 [ WARN] [camera_publisher.cpp:541] RealSense camera[0] frame wait timed out after 1000ms\x1b[0m\n[teleop_server_node-1] \x1b[33m2026-06-16 12:03:35.745 [ WARN] [camera_publisher.cpp:541] RealSense camera[0] frame wait timed out after 1000ms\x1b[0m\n[teleop_server_node-1] \x1b[33m2026-06-16 12:03:37.745 [ WARN] [camera_publisher.cpp:541] RealSense camera[0] frame wait timed out after 1000ms\x1b[0m\n[teleop_server_node-1] \x1b[33m2026-06-16 12:03:39.746 [ WARN] [camera_publisher.cpp:541] RealSense camera[0] frame wait timed out after 1000ms\x1b[0m\n[teleop_server_node-1] \x1b[33m2026-06-16 12:03:41.746 [ WARN] [camera_publisher.cpp:541] RealSense camera[0] frame wait timed out after 1000ms\x1b[0m\n[teleop_server_node-1] \x1b[33m2026-06-16 12:03:43.747 [ WARN] [camera_publisher.cpp:541] RealSense camera[0] frame wait timed out after 1000ms\x1b[0m\n[teleop_server_node-1] \x1b[33m2026-06-16 12:03:45.747 [ WARN] [camera_publisher.cpp:541] RealSense camera[0] frame wait timed out after 1000ms\x1b[0m\n[teleop_server_node-1] \x1b[33m2026-06-16 12:03:47.748 [ WARN] [camera_publisher.cpp:541] RealSense camera[0] frame wait timed out after 1000ms\x1b[0m\n[teleop_server_node-1] \x1b[33m2026-06-16 12:03:49.748 [ WARN] [camera_publisher.cpp:541] RealSense camera[0] frame wait timed out after 1000ms\x1b[0m\n[teleop_server_node-1] \x1b[33m2026-06-16 12:03:51.749 [ WARN] [camera_publisher.cpp:541] RealSense camera[0] frame wait timed out after 1000ms\x1b[0m\n[teleop_server_node-1] \x1b[33m2026-06-16 12:03:53.749 [ WARN] [camera_publisher.cpp:541] RealSense camera[0] frame wait timed out after 1000ms\x1b[0m\n[teleop_server_node-1] \x1b[33m2026-06-16 12:03:55.749 [ WARN] [camera_publisher.cpp:541] RealSense camera[0] frame wait timed out after 1000ms\x1b[0m\n[teleop_server_node-1] \x1b[33m2026-06-16 12:03:57.750 [ WARN] [camera_publisher.cpp:541] RealSense camera[0] frame wait timed out after 1000ms\x1b[0m\n[teleop_server_node-1] \x1b[33m2026-06-16 12:03:59.750 [ WARN] [camera_publisher.cpp:541] RealSense camera[0] frame wait timed out after 1000ms\x1b[0m\n[teleop_server_node-1] \x1b[33m2026-06-16 12:04:01.751 [ WARN] [camera_publisher.cpp:541] RealSense camera[0] frame wait timed out after 1000ms\x1b[0m\n[teleop_server_node-1] \x1b[33m2026-06-16 12:04:03.751 [ WARN] [camera_publisher.cpp:541] RealSense camera[0] frame wait timed out after 1000ms\x1b[0m\n[teleop_server_node-1] \x1b[33m2026-06-16 12:04:05.752 [ WARN] [camera_publisher.cpp:541] RealSense camera[0] frame wait timed out after 1000ms\x1b[0m\n[teleop_server_node-1] \x1b[33m2026-06-16 12:04:07.752 [ WARN] [camera_publisher.cpp:541] RealSense camera[0] frame wait timed out after 1000ms\x1b[0m\n[teleop_server_node-1] \x1b[33m2026-06-16 12:04:09.753 [ WARN] [camera_publisher.cpp:541] RealSense camera[0] frame wait timed out after 1000ms\x1b[0m\n[teleop_server_node-1] \x1b[33m2026-06-16 12:04:11.753 [ WARN] [camera_publisher.cpp:541] RealSense camera[0] frame wait timed out after 1000ms\x1b[0m\n[teleop_server_node-1] \x1b[33m2026-06-16 12:04:13.753 [ WARN] [camera_publisher.cpp:541] RealSense camera[0] frame wait timed out after 1000ms\x1b[0m\n[teleop_server_node-1] \x1b[33m2026-06-16 12:04:15.754 [ WARN] [camera_publisher.cpp:541] RealSense camera[0] frame wait timed out after 1000ms\x1b[0m\n[teleop_server_node-1] \x1b[33m2026-06-16 12:04:17.754 [ WARN] [camera_publisher.cpp:541] RealSense camera[0] frame wait timed out after 1000ms\x1b[0m\n[teleop_server_node-1] \x1b[33m2026-06-16 12:04:19.755 [ WARN] [camera_publisher.cpp:541] RealSense camera[0] frame wait timed out after 1000ms\x1b[0m\n[teleop_server_node-1] \x1b[33m2026-06-16 12:04:21.755 [ WARN] [camera_publisher.cpp:541] RealSense camera[0] frame wait timed out after 1000ms\x1b[0m\n[teleop_server_node-1] \x1b[33m2026-06-16 12:04:23.756 [ WARN] [camera_publisher.cpp:541] RealSense camera[0] frame wait timed out after 1000ms\x1b[0m\n[teleop_server_node-1] \x1b[33m2026-06-16 12:04:25.756 [ WARN] [camera_publisher.cpp:541] RealSense camera[0] frame wait timed out after 1000ms\x1b[0m\n[teleop_server_node-1] \x1b[33m2026-06-16 12:04:27.757 [ WARN] [camera_publisher.cpp:541] RealSense camera[0] frame wait timed out after 1000ms\x1b[0m\n[teleop_server_node-1] \x1b[33m2026-06-16 12:04:29.757 [ WARN] [camera_publisher.cpp:541] RealSense camera[0] frame wait timed out after 1000ms\x1b[0m\n[teleop_server_node-1] \x1b[33m2026-06-16 12:04:31.757 [ WARN] [camera_publisher.cpp:541] RealSense camera[0] frame wait timed out after 1000ms\x1b[0m\n[teleop_server_node-1] \x1b[33m2026-06-16 12:04:33.758 [ WARN] [camera_publisher.cpp:541] RealSense camera[0] frame wait timed out after 1000ms\x1b[0m\n[teleop_server_node-1] \x1b[33m2026-06-16 12:04:35.758 [ WARN] [camera_publisher.cpp:541] RealSense camera[0] frame wait timed out after 1000ms\x1b[0m\n[teleop_server_node-1] \x1b[33m2026-06-16 12:04:37.759 [ WARN] [camera_publisher.cpp:541] RealSense camera[0] frame wait timed out after 1000ms\x1b[0m\n[teleop_server_node-1] \x1b[33m2026-06-16 12:04:39.759 [ WARN] [camera_publisher.cpp:541] RealSense camera[0] frame wait timed out after 1000ms\x1b[0m\n[teleop_server_node-1] \x1b[33m2026-06-16 12:04:41.760 [ WARN] [camera_publisher.cpp:541] RealSense camera[0] frame wait timed out after 1000ms\x1b[0m\n[teleop_server_node-1] \x1b[33m2026-06-16 12:04:43.760 [ WARN] [camera_publisher.cpp:541] RealSense camera[0] frame wait timed out after 1000ms\x1b[0m\n[teleop_server_node-1] \x1b[33m2026-06-16 12:04:45.761 [ WARN] [camera_publisher.cpp:541] RealSense camera[0] frame wait timed out after 1000ms\x1b[0m\n[teleop_server_node-1] \x1b[33m2026-06-16 12:04:47.761 [ WARN] [camera_publisher.cpp:541] RealSense camera[0] frame wait timed out after 1000ms\x1b[0m\n[teleop_server_node-1] \x1b[33m2026-06-16 12:04:49.761 [ WARN] [camera_publisher.cpp:541] RealSense camera[0] frame wait timed out after 1000ms\x1b[0m\n[teleop_server_node-1] \x1b[33m2026-06-16 12:04:51.762 [ WARN] [camera_publisher.cpp:541] RealSense camera[0] frame wait timed out after 1000ms\x1b[0m\n[teleop_server_node-1] \x1b[33m2026-06-16 12:04:53.762 [ WARN] [camera_publisher.cpp:541] RealSense camera[0] frame wait timed out after 1000ms\x1b[0m\n[teleop_server_node-1] \x1b[33m2026-06-16 12:04:55.763 [ WARN] [camera_publisher.cpp:541] RealSense camera[0] frame wait timed out after 1000ms\x1b[0m\n[teleop_server_node-1] \x1b[33m2026-06-16 12:04:57.763 [ WARN] [camera_publisher.cpp:541] RealSense camera[0] frame wait timed out after 1000ms\x1b[0m\n[teleop_server_node-1] \x1b[33m2026-06-16 12:04:59.764 [ WARN] [camera_publisher.cpp:541] RealSense camera[0] frame wait timed out after 1000ms\x1b[0m\n[teleop_server_node-1] \x1b[33m2026-06-16 12:05:01.764 [ WARN] [camera_publisher.cpp:541] RealSense camera[0] frame wait timed out after 1000ms\x1b[0m\n[teleop_server_node-1] \x1b[33m2026-06-16 12:05:03.765 [ WARN] [camera_publisher.cpp:541] RealSense camera[0] frame wait timed out after 1000ms\x1b[0m\n[teleop_server_node-1] \x1b[33m2026-06-16 12:05:05.765 [ WARN] [camera_publisher.cpp:541] RealSense camera[0] frame wait timed out after 1000ms\x1b[0m\n[teleop_server_node-1] \x1b[33m2026-06-16 12:05:07.766 [ WARN] [camera_publisher.cpp:541] RealSense camera[0] frame wait timed out after 1000ms\x1b[0m\n[teleop_server_node-1] \x1b[33m2026-06-16 12:05:09.766 [ WARN] [camera_publisher.cpp:541] RealSense camera[0] frame wait timed out after 1000ms\x1b[0m\n[teleop_server_node-1] \x1b[33m2026-06-16 12:05:11.767 [ WARN] [camera_publisher.cpp:541] RealSense camera[0] frame wait timed out after 1000ms\x1b[0m\n[teleop_server_node-1] \x1b[33m2026-06-16 12:05:13.767 [ WARN] [camera_publisher.cpp:541] RealSense camera[0] frame wait timed out after 1000ms\x1b[0m\n[teleop_server_node-1] \x1b[33m2026-06-16 12:05:15.768 [ WARN] [camera_publisher.cpp:541] RealSense camera[0] frame wait timed out after 1000ms\x1b[0m\n[teleop_server_node-1] \x1b[33m2026-06-16 12:05:17.768 [ WARN] [camera_publisher.cpp:541] RealSense camera[0] frame wait timed out after 1000ms\x1b[0m\n[teleop_server_node-1] \x1b[33m2026-06-16 12:05:19.768 [ WARN] [camera_publisher.cpp:541] RealSense camera[0] frame wait timed out after 1000ms\x1b[0m\n[teleop_server_node-1] \x1b[33m2026-06-16 12:05:21.769 [ WARN] [camera_publisher.cpp:541] RealSense camera[0] frame wait timed out after 1000ms\x1b[0m\n[teleop_server_node-1] \x1b[33m2026-06-16 12:05:23.769 [ WARN] [camera_publisher.cpp:541] RealSense camera[0] frame wait timed out after 1000ms\x1b[0m\n[teleop_server_node-1] \x1b[33m2026-06-16 12:05:25.770 [ WARN] [camera_publisher.cpp:541] RealSense camera[0] frame wait timed out after 1000ms\x1b[0m\n[teleop_server_node-1] \x1b[33m2026-06-16 12:05:27.770 [ WARN] [camera_publisher.cpp:541] RealSense camera[0] frame wait timed out after 1000ms\x1b[0m\n[teleop_server_node-1] \x1b[33m2026-06-16 12:05:29.771 [ WARN] [camera_publisher.cpp:541] RealSense camera[0] frame wait timed out after 1000ms\x1b[0m\n[teleop_server_node-1] \x1b[33m2026-06-16 12:05:31.771 [ WARN] [camera_publisher.cpp:541] RealSense camera[0] frame wait timed out after 1000ms\x1b[0m\n[teleop_server_node-1] \x1b[33m2026-06-16 12:05:33.772 [ WARN] [camera_publisher.cpp:541] RealSense camera[0] frame wait timed out after 1000ms\x1b[0m\n[teleop_server_node-1] \x1b[33m2026-06-16 12:05:35.772 [ WARN] [camera_publisher.cpp:541] RealSense camera[0] frame wait timed out after 1000ms\x1b[0m\n[teleop_server_node-1] \x1b[33m2026-06-16 12:05:37.772 [ WARN] [camera_publisher.cpp:541] RealSense camera[0] frame wait timed out after 1000ms\x1b[0m\n[teleop_server_node-1] \x1b[33m2026-06-16 12:05:39.773 [ WARN] [camera_publisher.cpp:541] RealSense camera[0] frame wait timed out after 1000ms\x1b[0m\n[teleop_server_node-1] \x1b[33m2026-06-16 12:05:41.773 [ WARN] [camera_publisher.cpp:541] RealSense camera[0] frame wait timed out after 1000ms\x1b[0m\n[teleop_server_node-1] \x1b[33m2026-06-16 12:05:43.774 [ WARN] [camera_publisher.cpp:541] RealSense camera[0] frame wait timed out after 1000ms\x1b[0m\n[teleop_server_node-1] \x1b[33m2026-06-16 12:05:45.774 [ WARN] [camera_publisher.cpp:541] RealSense camera[0] frame wait timed out after 1000ms\x1b[0m\n[teleop_server_node-1] \x1b[33m2026-06-16 12:05:47.775 [ WARN] [camera_publisher.cpp:541] RealSense camera[0] frame wait timed out after 1000ms\x1b[0m\n[teleop_server_node-1] \x1b[33m2026-06-16 12:05:49.775 [ WARN] [camera_publisher.cpp:541] RealSense camera[0] frame wait timed out after 1000ms\x1b[0m\n[teleop_server_node-1] \x1b[33m2026-06-16 12:05:51.776 [ WARN] [camera_publisher.cpp:541] RealSense camera[0] frame wait timed out after 1000ms\x1b[0m\n[teleop_server_node-1] \x1b[33m2026-06-16 12:05:53.776 [ WARN] [camera_publisher.cpp:541] RealSense camera[0] frame wait timed out after 1000ms\x1b[0m\n[teleop_server_node-1] \x1b[33m2026-06-16 12:05:55.777 [ WARN] [camera_publisher.cpp:541] RealSense camera[0] frame wait timed out after 1000ms\x1b[0m\n[teleop_server_node-1] \x1b[33m2026-06-16 12:05:57.777 [ WARN] [camera_publisher.cpp:541] RealSense camera[0] frame wait timed out after 1000ms\x1b[0m\n[teleop_server_node-1] \x1b[33m2026-06-16 12:05:59.778 [ WARN] [camera_publisher.cpp:541] RealSense camera[0] frame wait timed out after 1000ms\x1b[0m\n[teleop_server_node-1] \x1b[33m2026-06-16 12:06:01.778 [ WARN] [camera_publisher.cpp:541] RealSense camera[0] frame wait timed out after 1000ms\x1b[0m\n[teleop_server_node-1] \x1b[33m2026-06-16 12:06:03.779 [ WARN] [camera_publisher.cpp:541] RealSense camera[0] frame wait timed out after 1000ms\x1b[0m\n[teleop_server_node-1] \x1b[33m2026-06-16 12:06:05.779 [ WARN] [camera_publisher.cpp:541] RealSense camera[0] frame wait timed out after 1000ms\x1b[0m\n[teleop_server_node-1] \x1b[33m2026-06-16 12:06:07.779 [ WARN] [camera_publisher.cpp:541] RealSense camera[0] frame wait timed out after 1000ms\x1b[0m\n[teleop_server_node-1] \x1b[33m2026-06-16 12:06:09.780 [ WARN] [camera_publisher.cpp:541] RealSense camera[0] frame wait timed out after 1000ms\x1b[0m\n[teleop_server_node-1] \x1b[33m2026-06-16 12:06:11.780 [ WARN] [camera_publisher.cpp:541] RealSense camera[0] frame wait timed out after 1000ms\x1b[0m\n[teleop_server_node-1] \x1b[33m2026-06-16 12:06:13.781 [ WARN] [camera_publisher.cpp:541] RealSense camera[0] frame wait timed out after 1000ms\x1b[0m\n[teleop_server_node-1] \x1b[33m2026-06-16 12:06:15.781 [ WARN] [camera_publisher.cpp:541] RealSense camera[0] frame wait timed out after 1000ms\x1b[0m\n[teleop_server_node-1] \x1b[33m2026-06-16 12:06:17.782 [ WARN] [camera_publisher.cpp:541] RealSense camera[0] frame wait timed out after 1000ms\x1b[0m\n[teleop_server_node-1] \x1b[33m2026-06-16 12:06:19.782 [ WARN] [camera_publisher.cpp:541] RealSense camera[0] frame wait timed out after 1000ms\x1b[0m\n[teleop_server_node-1] \x1b[33m2026-06-16 12:06:21.783 [ WARN] [camera_publisher.cpp:541] RealSense camera[0] frame wait timed out after 1000ms\x1b[0m\n[teleop_server_node-1] \x1b[33m2026-06-16 12:06:23.783 [ WARN] [camera_publisher.cpp:541] RealSense camera[0] frame wait timed out after 1000ms\x1b[0m\n[teleop_server_node-1] \x1b[33m2026-06-16 12:06:25.784 [ WARN] [camera_publisher.cpp:541] RealSense camera[0] frame wait timed out after 1000ms\x1b[0m\n[teleop_server_node-1] \x1b[33m2026-06-16 12:06:27.784 [ WARN] [camera_publisher.cpp:541] RealSense camera[0] frame wait timed out after 1000ms\x1b[0m\n[teleop_server_node-1] \x1b[33m2026-06-16 12:06:29.784 [ WARN] [camera_publisher.cpp:541] RealSense camera[0] frame wait timed out after 1000ms\x1b[0m\n[teleop_server_node-1] \x1b[33m2026-06-16 12:06:31.785 [ WARN] [camera_publisher.cpp:541] RealSense camera[0] frame wait timed out after 1000ms\x1b[0m\n[teleop_server_node-1] \x1b[33m2026-06-16 12:06:33.785 [ WARN] [camera_publisher.cpp:541] RealSense camera[0] frame wait timed out after 1000ms\x1b[0m\n[teleop_server_node-1] \x1b[33m2026-06-16 12:06:35.786 [ WARN] [camera_publisher.cpp:541] RealSense camera[0] frame wait timed out after 1000ms\x1b[0m\n[teleop_server_node-1] \x1b[33m2026-06-16 12:06:37.786 [ WARN] [camera_publisher.cpp:541] RealSense camera[0] frame wait timed out after 1000ms\x1b[0m\n[teleop_server_node-1] \x1b[33m2026-06-16 12:06:39.787 [ WARN] [camera_publisher.cpp:541] RealSense camera[0] frame wait timed out after 1000ms\x1b[0m\n[teleop_server_node-1] \x1b[33m2026-06-16 12:06:41.787 [ WARN] [camera_publisher.cpp:541] RealSense camera[0] frame wait timed out after 1000ms\x1b[0m\n[teleop_server_node-1] \x1b[33m2026-06-16 12:06:43.788 [ WARN] [camera_publisher.cpp:541] RealSense camera[0] frame wait timed out after 1000ms\x1b[0m\n[teleop_server_node-1] \x1b[33m2026-06-16 12:06:45.788 [ WARN] [camera_publisher.cpp:541] RealSense camera[0] frame wait timed out after 1000ms\x1b[0m\n[teleop_server_node-1] \x1b[33m2026-06-16 12:06:47.788 [ WARN] [camera_publisher.cpp:541] RealSense camera[0] frame wait timed out after 1000ms\x1b[0m\n[teleop_server_node-1] \x1b[33m2026-06-16 12:06:49.789 [ WARN] [camera_publisher.cpp:541] RealSense camera[0] frame wait timed out after 1000ms\x1b[0m\n[teleop_server_node-1] \x1b[33m2026-06-16 12:06:51.789 [ WARN] [camera_publisher.cpp:541] RealSense camera[0] frame wait timed out after 1000ms\x1b[0m\n[teleop_server_node-1] \x1b[33m2026-06-16 12:06:53.790 [ WARN] [camera_publisher.cpp:541] RealSense camera[0] frame wait timed out after 1000ms\x1b[0m\n[teleop_server_node-1] \x1b[33m2026-06-16 12:06:55.790 [ WARN] [camera_publisher.cpp:541] RealSense camera[0] frame wait timed out after 1000ms\x1b[0m\n[teleop_server_node-1] \x1b[33m2026-06-16 12:06:57.791 [ WARN] [camera_publisher.cpp:541] RealSense camera[0] frame wait timed out after 1000ms\x1b[0m\n[teleop_server_node-1] \x1b[33m2026-06-16 12:06:59.791 [ WARN] [camera_publisher.cpp:541] RealSense camera[0] frame wait timed out after 1000ms\x1b[0m\n[teleop_server_node-1] \x1b[33m2026-06-16 12:07:01.792 [ WARN] [camera_publisher.cpp:541] RealSense camera[0] frame wait timed out after 1000ms\x1b[0m\n[teleop_server_node-1] \x1b[33m2026-06-16 12:07:03.792 [ WARN] [camera_publisher.cpp:541] RealSense camera[0] frame wait timed out after 1000ms\x1b[0m\n[teleop_server_node-1] \x1b[33m2026-06-16 12:07:05.793 [ WARN] [camera_publisher.cpp:541] RealSense camera[0] frame wait timed out after 1000ms\x1b[0m\n[teleop_server_node-1] \x1b[33m2026-06-16 12:07:07.793 [ WARN] [camera_publisher.cpp:541] RealSense camera[0] frame wait timed out after 1000ms\x1b[0m\n[teleop_server_node-1] \x1b[33m2026-06-16 12:07:09.794 [ WARN] [camera_publisher.cpp:541] RealSense camera[0] frame wait timed out after 1000ms\x1b[0m\n[teleop_server_node-1] \x1b[33m2026-06-16 12:07:11.795 [ WARN] [camera_publisher.cpp:541] RealSense camera[0] frame wait timed out after 1000ms\x1b[0m\n[teleop_server_node-1] \x1b[33m2026-06-16 12:07:13.796 [ WARN] [camera_publisher.cpp:541] RealSense camera[0] frame wait timed out after 1000ms\x1b[0m\n[teleop_server_node-1] \x1b[33m2026-06-16 12:07:15.796 [ WARN] [camera_publisher.cpp:541] RealSense camera[0] frame wait timed out after 1000ms\x1b[0m\n[teleop_server_node-1] \x1b[33m2026-06-16 12:07:17.797 [ WARN] [camera_publisher.cpp:541] RealSense camera[0] frame wait timed out after 1000ms\x1b[0m\n[teleop_server_node-1] \x1b[33m2026-06-16 12:07:19.797 [ WARN] [camera_publisher.cpp:541] RealSense camera[0] frame wait timed out after 1000ms\x1b[0m\n[teleop_server_node-1] \x1b[33m2026-06-16 12:07:21.798 [ WARN] [camera_publisher.cpp:541] RealSense camera[0] frame wait timed out after 1000ms\x1b[0m\n[teleop_server_node-1] \x1b[33m2026-06-16 12:07:23.798 [ WARN] [camera_publisher.cpp:541] RealSense camera[0] frame wait timed out after 1000ms\x1b[0m\n[teleop_server_node-1] \x1b[33m2026-06-16 12:07:25.799 [ WARN] [camera_publisher.cpp:541] RealSense camera[0] frame wait timed out after 1000ms\x1b[0m\n[teleop_server_node-1] \x1b[33m2026-06-16 12:07:27.799 [ WARN] [camera_publisher.cpp:541] RealSense camera[0] frame wait timed out after 1000ms\x1b[0m\n[teleop_server_node-1] \x1b[33m2026-06-16 12:07:29.800 [ WARN] [camera_publisher.cpp:541] RealSense camera[0] frame wait timed out after 1000ms\x1b[0m\n[teleop_server_node-1] \x1b[33m2026-06-16 12:07:31.800 [ WARN] [camera_publisher.cpp:541] RealSense camera[0] frame wait timed out after 1000ms\x1b[0m\n[teleop_server_node-1] \x1b[33m2026-06-16 12:07:33.801 [ WARN] [camera_publisher.cpp:541] RealSense camera[0] frame wait timed out after 1000ms\x1b[0m\n[teleop_server_node-1] \x1b[33m2026-06-16 12:07:35.801 [ WARN] [camera_publisher.cpp:541] RealSense camera[0] frame wait timed out after 1000ms\x1b[0m\n[teleop_server_node-1] \x1b[33m2026-06-16 12:07:37.802 [ WARN] [camera_publisher.cpp:541] RealSense camera[0] frame wait timed out after 1000ms\x1b[0m\n[teleop_server_node-1] \x1b[33m2026-06-16 12:07:39.802 [ WARN] [camera_publisher.cpp:541] RealSense camera[0] frame wait timed out after 1000ms\x1b[0m\n[teleop_server_node-1] \x1b[33m2026-06-16 12:07:41.803 [ WARN] [camera_publisher.cpp:541] RealSense camera[0] frame wait timed out after 1000ms\x1b[0m\n[teleop_server_node-1] \x1b[33m2026-06-16 12:07:43.803 [ WARN] [camera_publisher.cpp:541] RealSense camera[0] frame wait timed out after 1000ms\x1b[0m\n[teleop_server_node-1] \x1b[33m2026-06-16 12:07:45.803 [ WARN] [camera_publisher.cpp:541] RealSense camera[0] frame wait timed out after 1000ms\x1b[0m\n[teleop_server_node-1] \x1b[33m2026-06-16 12:07:47.804 [ WARN] [camera_publisher.cpp:541] RealSense camera[0] frame wait timed out after 1000ms\x1b[0m\n[teleop_server_node-1] \x1b[33m2026-06-16 12:07:49.804 [ WARN] [camera_publisher.cpp:541] RealSense camera[0] frame wait timed out after 1000ms\x1b[0m\n[teleop_server_node-1] \x1b[33m2026-06-16 12:07:51.805 [ WARN] [camera_publisher.cpp:541] RealSense camera[0] frame wait timed out after 1000ms\x1b[0m\n[teleop_server_node-1] \x1b[33m2026-06-16 12:07:53.805 [ WARN] [camera_publisher.cpp:541] RealSense camera[0] frame wait timed out after 1000ms\x1b[0m\n[teleop_server_node-1] \x1b[33m2026-06-16 12:07:55.806 [ WARN] [camera_publisher.cpp:541] RealSense camera[0] frame wait timed out after 1000ms\x1b[0m\n[teleop_server_node-1] \x1b[33m2026-06-16 12:07:57.806 [ WARN] [camera_publisher.cpp:541] RealSense camera[0] frame wait timed out after 1000ms\x1b[0m\n[teleop_server_node-1] \x1b[33m2026-06-16 12:07:59.807 [ WARN] [camera_publisher.cpp:541] RealSense camera[0] frame wait timed out after 1000ms\x1b[0m\n[teleop_server_node-1] \x1b[33m2026-06-16 12:08:01.807 [ WARN] [camera_publisher.cpp:541] RealSense camera[0] frame wait timed out after 1000ms\x1b[0m\n[teleop_server_node-1] \x1b[33m2026-06-16 12:08:03.808 [ WARN] [camera_publisher.cpp:541] RealSense camera[0] frame wait timed out after 1000ms\x1b[0m\n[teleop_server_node-1] \x1b[33m2026-06-16 12:08:05.808 [ WARN] [camera_publisher.cpp:541] RealSense camera[0] frame wait timed out after 1000ms\x1b[0m\n[teleop_server_node-1] \x1b[33m2026-06-16 12:08:07.808 [ WARN] [camera_publisher.cpp:541] RealSense camera[0] frame wait timed out after 1000ms\x1b[0m\n[teleop_server_node-1] \x1b[33m2026-06-16 12:08:09.809 [ WARN] [camera_publisher.cpp:541] RealSense camera[0] frame wait timed out after 1000ms\x1b[0m\n[teleop_server_node-1] \x1b[33m2026-06-16 12:08:11.809 [ WARN] [camera_publisher.cpp:541] RealSense camera[0] frame wait timed out after 1000ms\x1b[0m\n[teleop_server_node-1] \x1b[33m2026-06-16 12:08:13.810 [ WARN] [camera_publisher.cpp:541] RealSense camera[0] frame wait timed out after 1000ms\x1b[0m\n[teleop_server_node-1] \x1b[33m2026-06-16 12:08:15.810 [ WARN] [camera_publisher.cpp:541] RealSense camera[0] frame wait timed out after 1000ms\x1b[0m\n[teleop_server_node-1] \x1b[33m2026-06-16 12:08:17.811 [ WARN] [camera_publisher.cpp:541] RealSense camera[0] frame wait timed out after 1000ms\x1b[0m\n[teleop_server_node-1] \x1b[33m2026-06-16 12:08:19.811 [ WARN] [camera_publisher.cpp:541] RealSense camera[0] frame wait timed out after 1000ms\x1b[0m', 'stdout': '[teleop_server_node-1] \x1b[33m2026-06-16 12:01:41.716 [ WARN] [camera_publisher.cpp:541] RealSense camera[0] frame wait timed out after 1000ms\x1b[0m\n[teleop_server_node-1] \x1b[33m2026-06-16 12:01:43.717 [ WARN] [camera_publisher.cpp:541] RealSense camera[0] frame wait timed out after 1000ms\x1b[0m\n[teleop_server_node-1] \x1b[33m2026-06-16 12:01:45.717 [ WARN] [camera_publisher.cpp:541] RealSense camera[0] frame wait timed out after 1000ms\x1b[0m\n[teleop_server_node-1] \x1b[33m2026-06-16 12:01:47.718 [ WARN] [camera_publisher.cpp:541] RealSense camera[0] frame wait timed out after 1000ms\x1b[0m\n[teleop_server_node-1] \x1b[33m2026-06-16 12:01:49.718 [ WARN] [camera_publisher.cpp:541] RealSense camera[0] frame wait timed out after 1000ms\x1b[0m\n[teleop_server_node-1] \x1b[33m2026-06-16 12:01:51.719 [ WARN] [camera_publisher.cpp:541] RealSense camera[0] frame wait timed out after 1000ms\x1b[0m\n[teleop_server_node-1] \x1b[33m2026-06-16 12:01:53.719 [ WARN] [camera_publisher.cpp:541] RealSense camera[0] frame wait timed out after 1000ms\x1b[0m\n[teleop_server_node-1] \x1b[33m2026-06-16 12:01:55.720 [ WARN] [camera_publisher.cpp:541] RealSense camera[0] frame wait timed out after 1000ms\x1b[0m\n[teleop_server_node-1] \x1b[33m2026-06-16 12:01:57.720 [ WARN] [camera_publisher.cpp:541] RealSense camera[0] frame wait timed out after 1000ms\x1b[0m\n[teleop_server_node-1] \x1b[33m2026-06-16 12:01:59.720 [ WARN] [camera_publisher.cpp:541] RealSense camera[0] frame wait timed out after 1000ms\x1b[0m\n[teleop_server_node-1] \x1b[33m2026-06-16 12:02:01.721 [ WARN] [camera_publisher.cpp:541] RealSense camera[0] frame wait timed out after 1000ms\x1b[0m\n[teleop_server_node-1] \x1b[33m2026-06-16 12:02:03.721 [ WARN] [camera_publisher.cpp:541] RealSense camera[0] frame wait timed out after 1000ms\x1b[0m\n[teleop_server_node-1] \x1b[33m2026-06-16 12:02:05.722 [ WARN] [camera_publisher.cpp:541] RealSense camera[0] frame wait timed out after 1000ms\x1b[0m\n[teleop_server_node-1] \x1b[33m2026-06-16 12:02:07.722 [ WARN] [camera_publisher.cpp:541] RealSense camera[0] frame wait timed out after 1000ms\x1b[0m\n[teleop_server_node-1] \x1b[33m2026-06-16 12:02:09.723 [ WARN] [camera_publisher.cpp:541] RealSense camera[0] frame wait timed out after 1000ms\x1b[0m\n[teleop_server_node-1] \x1b[33m2026-06-16 12:02:11.723 [ WARN] [camera_publisher.cpp:541] RealSense camera[0] frame wait timed out after 1000ms\x1b[0m\n[teleop_server_node-1] \x1b[33m2026-06-16 12:02:13.724 [ WARN] [camera_publisher.cpp:541] RealSense camera[0] frame wait timed out after 1000ms\x1b[0m\n[teleop_server_node-1] \x1b[33m2026-06-16 12:02:15.724 [ WARN] [camera_publisher.cpp:541] RealSense camera[0] frame wait timed out after 1000ms\x1b[0m\n[teleop_server_node-1] \x1b[33m2026-06-16 12:02:17.724 [ WARN] [camera_publisher.cpp:541] RealSense camera[0] frame wait timed out after 1000ms\x1b[0m\n[teleop_server_node-1] \x1b[33m2026-06-16 12:02:19.725 [ WARN] [camera_publisher.cpp:541] RealSense camera[0] frame wait timed out after 1000ms\x1b[0m\n[teleop_server_node-1] \x1b[33m2026-06-16 12:02:21.725 [ WARN] [camera_publisher.cpp:541] RealSense camera[0] frame wait timed out after 1000ms\x1b[0m\n[teleop_server_node-1] \x1b[33m2026-06-16 12:02:23.726 [ WARN] [camera_publisher.cpp:541] RealSense camera[0] frame wait timed out after 1000ms\x1b[0m\n[teleop_server_node-1] \x1b[33m2026-06-16 12:02:25.726 [ WARN] [camera_publisher.cpp:541] RealSense camera[0] frame wait timed out after 1000ms\x1b[0m\n[teleop_server_node-1] \x1b[33m2026-06-16 12:02:27.727 [ WARN] [camera_publisher.cpp:541] RealSense camera[0] frame wait timed out after 1000ms\x1b[0m\n[teleop_server_node-1] \x1b[33m2026-06-16 12:02:29.727 [ WARN] [camera_publisher.cpp:541] RealSense camera[0] frame wait timed out after 1000ms\x1b[0m\n[teleop_server_node-1] \x1b[33m2026-06-16 12:02:31.728 [ WARN] [camera_publisher.cpp:541] RealSense camera[0] frame wait timed out after 1000ms\x1b[0m\n[teleop_server_node-1] \x1b[33m2026-06-16 12:02:33.728 [ WARN] [camera_publisher.cpp:541] RealSense camera[0] frame wait timed out after 1000ms\x1b[0m\n[teleop_server_node-1] \x1b[33m2026-06-16 12:02:35.729 [ WARN] [camera_publisher.cpp:541] RealSense camera[0] frame wait timed out after 1000ms\x1b[0m\n[teleop_server_node-1] \x1b[33m2026-06-16 12:02:37.729 [ WARN] [camera_publisher.cpp:541] RealSense camera[0] frame wait timed out after 1000ms\x1b[0m\n[teleop_server_node-1] \x1b[33m2026-06-16 12:02:39.729 [ WARN] [camera_publisher.cpp:541] RealSense camera[0] frame wait timed out after 1000ms\x1b[0m\n[teleop_server_node-1] \x1b[33m2026-06-16 12:02:41.730 [ WARN] [camera_publisher.cpp:541] RealSense camera[0] frame wait timed out after 1000ms\x1b[0m\n[teleop_server_node-1] \x1b[33m2026-06-16 12:02:43.733 [ WARN] [camera_publisher.cpp:541] RealSense camera[0] frame wait timed out after 1000ms\x1b[0m\n[teleop_server_node-1] \x1b[33m2026-06-16 12:02:45.733 [ WARN] [camera_publisher.cpp:541] RealSense camera[0] frame wait timed out after 1000ms\x1b[0m\n[teleop_server_node-1] \x1b[33m2026-06-16 12:02:47.734 [ WARN] [camera_publisher.cpp:541] RealSense camera[0] frame wait timed out after 1000ms\x1b[0m\n[teleop_server_node-1] \x1b[33m2026-06-16 12:02:49.734 [ WARN] [camera_publisher.cpp:541] RealSense camera[0] frame wait timed out after 1000ms\x1b[0m\n[teleop_server_node-1] \x1b[33m2026-06-16 12:02:51.735 [ WARN] [camera_publisher.cpp:541] RealSense camera[0] frame wait timed out after 1000ms\x1b[0m\n[teleop_server_node-1] \x1b[33m2026-06-16 12:02:53.735 [ WARN] [camera_publisher.cpp:541] RealSense camera[0] frame wait timed out after 1000ms\x1b[0m\n[teleop_server_node-1] \x1b[33m2026-06-16 12:02:55.736 [ WARN] [camera_publisher.cpp:541] RealSense camera[0] frame wait timed out after 1000ms\x1b[0m\n[teleop_server_node-1] \x1b[33m2026-06-16 12:02:57.736 [ WARN] [camera_publisher.cpp:541] RealSense camera[0] frame wait timed out after 1000ms\x1b[0m\n[teleop_server_node-1] \x1b[33m2026-06-16 12:02:59.737 [ WARN] [camera_publisher.cpp:541] RealSense camera[0] frame wait timed out after 1000ms\x1b[0m\n[teleop_server_node-1] \x1b[33m2026-06-16 12:03:01.737 [ WARN] [camera_publisher.cpp:541] RealSense camera[0] frame wait timed out after 1000ms\x1b[0m\n[teleop_server_node-1] \x1b[33m2026-06-16 12:03:03.738 [ WARN] [camera_publisher.cpp:541] RealSense camera[0] frame wait timed out after 1000ms\x1b[0m\n[teleop_server_node-1] \x1b[33m2026-06-16 12:03:05.738 [ WARN] [camera_publisher.cpp:541] RealSense camera[0] frame wait timed out after 1000ms\x1b[0m\n[teleop_server_node-1] \x1b[33m2026-06-16 12:03:07.738 [ WARN] [camera_publisher.cpp:541] RealSense camera[0] frame wait timed out after 1000ms\x1b[0m\n[teleop_server_node-1] \x1b[33m2026-06-16 12:03:09.739 [ WARN] [camera_publisher.cpp:541] RealSense camera[0] frame wait timed out after 1000ms\x1b[0m\n[teleop_server_node-1] \x1b[33m2026-06-16 12:03:11.739 [ WARN] [camera_publisher.cpp:541] RealSense camera[0] frame wait timed out after 1000ms\x1b[0m\n[teleop_server_node-1] \x1b[33m2026-06-16 12:03:13.740 [ WARN] [camera_publisher.cpp:541] RealSense camera[0] frame wait timed out after 1000ms\x1b[0m\n[teleop_server_node-1] \x1b[33m2026-06-16 12:03:15.740 [ WARN] [camera_publisher.cpp:541] RealSense camera[0] frame wait timed out after 1000ms\x1b[0m\n[teleop_server_node-1] \x1b[33m2026-06-16 12:03:17.741 [ WARN] [camera_publisher.cpp:541] RealSense camera[0] frame wait timed out after 1000ms\x1b[0m\n[teleop_server_node-1] \x1b[33m2026-06-16 12:03:19.741 [ WARN] [camera_publisher.cpp:541] RealSense camera[0] frame wait timed out after 1000ms\x1b[0m\n[teleop_server_node-1] \x1b[33m2026-06-16 12:03:21.741 [ WARN] [camera_publisher.cpp:541] RealSense camera[0] frame wait timed out after 1000ms\x1b[0m\n[teleop_server_node-1] \x1b[33m2026-06-16 12:03:23.742 [ WARN] [camera_publisher.cpp:541] RealSense camera[0] frame wait timed out after 1000ms\x1b[0m\n[teleop_server_node-1] \x1b[33m2026-06-16 12:03:25.742 [ WARN] [camera_publisher.cpp:541] RealSense camera[0] frame wait timed out after 1000ms\x1b[0m\n[teleop_server_node-1] \x1b[33m2026-06-16 12:03:27.743 [ WARN] [camera_publisher.cpp:541] RealSense camera[0] frame wait timed out after 1000ms\x1b[0m\n[teleop_server_node-1] \x1b[33m2026-06-16 12:03:29.743 [ WARN] [camera_publisher.cpp:541] RealSense camera[0] frame wait timed out after 1000ms\x1b[0m\n[teleop_server_node-1] \x1b[33m2026-06-16 12:03:31.744 [ WARN] [camera_publisher.cpp:541] RealSense camera[0] frame wait timed out after 1000ms\x1b[0m\n[teleop_server_node-1] \x1b[33m2026-06-16 12:03:33.744 [ WARN] [camera_publisher.cpp:541] RealSense camera[0] frame wait timed out after 1000ms\x1b[0m\n[teleop_server_node-1] \x1b[33m2026-06-16 12:03:35.745 [ WARN] [camera_publisher.cpp:541] RealSense camera[0] frame wait timed out after 1000ms\x1b[0m\n[teleop_server_node-1] \x1b[33m2026-06-16 12:03:37.745 [ WARN] [camera_publisher.cpp:541] RealSense camera[0] frame wait timed out after 1000ms\x1b[0m\n[teleop_server_node-1] \x1b[33m2026-06-16 12:03:39.746 [ WARN] [camera_publisher.cpp:541] RealSense camera[0] frame wait timed out after 1000ms\x1b[0m\n[teleop_server_node-1] \x1b[33m2026-06-16 12:03:41.746 [ WARN] [camera_publisher.cpp:541] RealSense camera[0] frame wait timed out after 1000ms\x1b[0m\n[teleop_server_node-1] \x1b[33m2026-06-16 12:03:43.747 [ WARN] [camera_publisher.cpp:541] RealSense camera[0] frame wait timed out after 1000ms\x1b[0m\n[teleop_server_node-1] \x1b[33m2026-06-16 12:03:45.747 [ WARN] [camera_publisher.cpp:541] RealSense camera[0] frame wait timed out after 1000ms\x1b[0m\n[teleop_server_node-1] \x1b[33m2026-06-16 12:03:47.748 [ WARN] [camera_publisher.cpp:541] RealSense camera[0] frame wait timed out after 1000ms\x1b[0m\n[teleop_server_node-1] \x1b[33m2026-06-16 12:03:49.748 [ WARN] [camera_publisher.cpp:541] RealSense camera[0] frame wait timed out after 1000ms\x1b[0m\n[teleop_server_node-1] \x1b[33m2026-06-16 12:03:51.749 [ WARN] [camera_publisher.cpp:541] RealSense camera[0] frame wait timed out after 1000ms\x1b[0m\n[teleop_server_node-1] \x1b[33m2026-06-16 12:03:53.749 [ WARN] [camera_publisher.cpp:541] RealSense camera[0] frame wait timed out after 1000ms\x1b[0m\n[teleop_server_node-1] \x1b[33m2026-06-16 12:03:55.749 [ WARN] [camera_publisher.cpp:541] RealSense camera[0] frame wait timed out after 1000ms\x1b[0m\n[teleop_server_node-1] \x1b[33m2026-06-16 12:03:57.750 [ WARN] [camera_publisher.cpp:541] RealSense camera[0] frame wait timed out after 1000ms\x1b[0m\n[teleop_server_node-1] \x1b[33m2026-06-16 12:03:59.750 [ WARN] [camera_publisher.cpp:541] RealSense camera[0] frame wait timed out after 1000ms\x1b[0m\n[teleop_server_node-1] \x1b[33m2026-06-16 12:04:01.751 [ WARN] [camera_publisher.cpp:541] RealSense camera[0] frame wait timed out after 1000ms\x1b[0m\n[teleop_server_node-1] \x1b[33m2026-06-16 12:04:03.751 [ WARN] [camera_publisher.cpp:541] RealSense camera[0] frame wait timed out after 1000ms\x1b[0m\n[teleop_server_node-1] \x1b[33m2026-06-16 12:04:05.752 [ WARN] [camera_publisher.cpp:541] RealSense camera[0] frame wait timed out after 1000ms\x1b[0m\n[teleop_server_node-1] \x1b[33m2026-06-16 12:04:07.752 [ WARN] [camera_publisher.cpp:541] RealSense camera[0] frame wait timed out after 1000ms\x1b[0m\n[teleop_server_node-1] \x1b[33m2026-06-16 12:04:09.753 [ WARN] [camera_publisher.cpp:541] RealSense camera[0] frame wait timed out after 1000ms\x1b[0m\n[teleop_server_node-1] \x1b[33m2026-06-16 12:04:11.753 [ WARN] [camera_publisher.cpp:541] RealSense camera[0] frame wait timed out after 1000ms\x1b[0m\n[teleop_server_node-1] \x1b[33m2026-06-16 12:04:13.753 [ WARN] [camera_publisher.cpp:541] RealSense camera[0] frame wait timed out after 1000ms\x1b[0m\n[teleop_server_node-1] \x1b[33m2026-06-16 12:04:15.754 [ WARN] [camera_publisher.cpp:541] RealSense camera[0] frame wait timed out after 1000ms\x1b[0m\n[teleop_server_node-1] \x1b[33m2026-06-16 12:04:17.754 [ WARN] [camera_publisher.cpp:541] RealSense camera[0] frame wait timed out after 1000ms\x1b[0m\n[teleop_server_node-1] \x1b[33m2026-06-16 12:04:19.755 [ WARN] [camera_publisher.cpp:541] RealSense camera[0] frame wait timed out after 1000ms\x1b[0m\n[teleop_server_node-1] \x1b[33m2026-06-16 12:04:21.755 [ WARN] [camera_publisher.cpp:541] RealSense camera[0] frame wait timed out after 1000ms\x1b[0m\n[teleop_server_node-1] \x1b[33m2026-06-16 12:04:23.756 [ WARN] [camera_publisher.cpp:541] RealSense camera[0] frame wait timed out after 1000ms\x1b[0m\n[teleop_server_node-1] \x1b[33m2026-06-16 12:04:25.756 [ WARN] [camera_publisher.cpp:541] RealSense camera[0] frame wait timed out after 1000ms\x1b[0m\n[teleop_server_node-1] \x1b[33m2026-06-16 12:04:27.757 [ WARN] [camera_publisher.cpp:541] RealSense camera[0] frame wait timed out after 1000ms\x1b[0m\n[teleop_server_node-1] \x1b[33m2026-06-16 12:04:29.757 [ WARN] [camera_publisher.cpp:541] RealSense camera[0] frame wait timed out after 1000ms\x1b[0m\n[teleop_server_node-1] \x1b[33m2026-06-16 12:04:31.757 [ WARN] [camera_publisher.cpp:541] RealSense camera[0] frame wait timed out after 1000ms\x1b[0m\n[teleop_server_node-1] \x1b[33m2026-06-16 12:04:33.758 [ WARN] [camera_publisher.cpp:541] RealSense camera[0] frame wait timed out after 1000ms\x1b[0m\n[teleop_server_node-1] \x1b[33m2026-06-16 12:04:35.758 [ WARN] [camera_publisher.cpp:541] RealSense camera[0] frame wait timed out after 1000ms\x1b[0m\n[teleop_server_node-1] \x1b[33m2026-06-16 12:04:37.759 [ WARN] [camera_publisher.cpp:541] RealSense camera[0] frame wait timed out after 1000ms\x1b[0m\n[teleop_server_node-1] \x1b[33m2026-06-16 12:04:39.759 [ WARN] [camera_publisher.cpp:541] RealSense camera[0] frame wait timed out after 1000ms\x1b[0m\n[teleop_server_node-1] \x1b[33m2026-06-16 12:04:41.760 [ WARN] [camera_publisher.cpp:541] RealSense camera[0] frame wait timed out after 1000ms\x1b[0m\n[teleop_server_node-1] \x1b[33m2026-06-16 12:04:43.760 [ WARN] [camera_publisher.cpp:541] RealSense camera[0] frame wait timed out after 1000ms\x1b[0m\n[teleop_server_node-1] \x1b[33m2026-06-16 12:04:45.761 [ WARN] [camera_publisher.cpp:541] RealSense camera[0] frame wait timed out after 1000ms\x1b[0m\n[teleop_server_node-1] \x1b[33m2026-06-16 12:04:47.761 [ WARN] [camera_publisher.cpp:541] RealSense camera[0] frame wait timed out after 1000ms\x1b[0m\n[teleop_server_node-1] \x1b[33m2026-06-16 12:04:49.761 [ WARN] [camera_publisher.cpp:541] RealSense camera[0] frame wait timed out after 1000ms\x1b[0m\n[teleop_server_node-1] \x1b[33m2026-06-16 12:04:51.762 [ WARN] [camera_publisher.cpp:541] RealSense camera[0] frame wait timed out after 1000ms\x1b[0m\n[teleop_server_node-1] \x1b[33m2026-06-16 12:04:53.762 [ WARN] [camera_publisher.cpp:541] RealSense camera[0] frame wait timed out after 1000ms\x1b[0m\n[teleop_server_node-1] \x1b[33m2026-06-16 12:04:55.763 [ WARN] [camera_publisher.cpp:541] RealSense camera[0] frame wait timed out after 1000ms\x1b[0m\n[teleop_server_node-1] \x1b[33m2026-06-16 12:04:57.763 [ WARN] [camera_publisher.cpp:541] RealSense camera[0] frame wait timed out after 1000ms\x1b[0m\n[teleop_server_node-1] \x1b[33m2026-06-16 12:04:59.764 [ WARN] [camera_publisher.cpp:541] RealSense camera[0] frame wait timed out after 1000ms\x1b[0m\n[teleop_server_node-1] \x1b[33m2026-06-16 12:05:01.764 [ WARN] [camera_publisher.cpp:541] RealSense camera[0] frame wait timed out after 1000ms\x1b[0m\n[teleop_server_node-1] \x1b[33m2026-06-16 12:05:03.765 [ WARN] [camera_publisher.cpp:541] RealSense camera[0] frame wait timed out after 1000ms\x1b[0m\n[teleop_server_node-1] \x1b[33m2026-06-16 12:05:05.765 [ WARN] [camera_publisher.cpp:541] RealSense camera[0] frame wait timed out after 1000ms\x1b[0m\n[teleop_server_node-1] \x1b[33m2026-06-16 12:05:07.766 [ WARN] [camera_publisher.cpp:541] RealSense camera[0] frame wait timed out after 1000ms\x1b[0m\n[teleop_server_node-1] \x1b[33m2026-06-16 12:05:09.766 [ WARN] [camera_publisher.cpp:541] RealSense camera[0] frame wait timed out after 1000ms\x1b[0m\n[teleop_server_node-1] \x1b[33m2026-06-16 12:05:11.767 [ WARN] [camera_publisher.cpp:541] RealSense camera[0] frame wait timed out after 1000ms\x1b[0m\n[teleop_server_node-1] \x1b[33m2026-06-16 12:05:13.767 [ WARN] [camera_publisher.cpp:541] RealSense camera[0] frame wait timed out after 1000ms\x1b[0m\n[teleop_server_node-1] \x1b[33m2026-06-16 12:05:15.768 [ WARN] [camera_publisher.cpp:541] RealSense camera[0] frame wait timed out after 1000ms\x1b[0m\n[teleop_server_node-1] \x1b[33m2026-06-16 12:05:17.768 [ WARN] [camera_publisher.cpp:541] RealSense camera[0] frame wait timed out after 1000ms\x1b[0m\n[teleop_server_node-1] \x1b[33m2026-06-16 12:05:19.768 [ WARN] [camera_publisher.cpp:541] RealSense camera[0] frame wait timed out after 1000ms\x1b[0m\n[teleop_server_node-1] \x1b[33m2026-06-16 12:05:21.769 [ WARN] [camera_publisher.cpp:541] RealSense camera[0] frame wait timed out after 1000ms\x1b[0m\n[teleop_server_node-1] \x1b[33m2026-06-16 12:05:23.769 [ WARN] [camera_publisher.cpp:541] RealSense camera[0] frame wait timed out after 1000ms\x1b[0m\n[teleop_server_node-1] \x1b[33m2026-06-16 12:05:25.770 [ WARN] [camera_publisher.cpp:541] RealSense camera[0] frame wait timed out after 1000ms\x1b[0m\n[teleop_server_node-1] \x1b[33m2026-06-16 12:05:27.770 [ WARN] [camera_publisher.cpp:541] RealSense camera[0] frame wait timed out after 1000ms\x1b[0m\n[teleop_server_node-1] \x1b[33m2026-06-16 12:05:29.771 [ WARN] [camera_publisher.cpp:541] RealSense camera[0] frame wait timed out after 1000ms\x1b[0m\n[teleop_server_node-1] \x1b[33m2026-06-16 12:05:31.771 [ WARN] [camera_publisher.cpp:541] RealSense camera[0] frame wait timed out after 1000ms\x1b[0m\n[teleop_server_node-1] \x1b[33m2026-06-16 12:05:33.772 [ WARN] [camera_publisher.cpp:541] RealSense camera[0] frame wait timed out after 1000ms\x1b[0m\n[teleop_server_node-1] \x1b[33m2026-06-16 12:05:35.772 [ WARN] [camera_publisher.cpp:541] RealSense camera[0] frame wait timed out after 1000ms\x1b[0m\n[teleop_server_node-1] \x1b[33m2026-06-16 12:05:37.772 [ WARN] [camera_publisher.cpp:541] RealSense camera[0] frame wait timed out after 1000ms\x1b[0m\n[teleop_server_node-1] \x1b[33m2026-06-16 12:05:39.773 [ WARN] [camera_publisher.cpp:541] RealSense camera[0] frame wait timed out after 1000ms\x1b[0m\n[teleop_server_node-1] \x1b[33m2026-06-16 12:05:41.773 [ WARN] [camera_publisher.cpp:541] RealSense camera[0] frame wait timed out after 1000ms\x1b[0m\n[teleop_server_node-1] \x1b[33m2026-06-16 12:05:43.774 [ WARN] [camera_publisher.cpp:541] RealSense camera[0] frame wait timed out after 1000ms\x1b[0m\n[teleop_server_node-1] \x1b[33m2026-06-16 12:05:45.774 [ WARN] [camera_publisher.cpp:541] RealSense camera[0] frame wait timed out after 1000ms\x1b[0m\n[teleop_server_node-1] \x1b[33m2026-06-16 12:05:47.775 [ WARN] [camera_publisher.cpp:541] RealSense camera[0] frame wait timed out after 1000ms\x1b[0m\n[teleop_server_node-1] \x1b[33m2026-06-16 12:05:49.775 [ WARN] [camera_publisher.cpp:541] RealSense camera[0] frame wait timed out after 1000ms\x1b[0m\n[teleop_server_node-1] \x1b[33m2026-06-16 12:05:51.776 [ WARN] [camera_publisher.cpp:541] RealSense camera[0] frame wait timed out after 1000ms\x1b[0m\n[teleop_server_node-1] \x1b[33m2026-06-16 12:05:53.776 [ WARN] [camera_publisher.cpp:541] RealSense camera[0] frame wait timed out after 1000ms\x1b[0m\n[teleop_server_node-1] \x1b[33m2026-06-16 12:05:55.777 [ WARN] [camera_publisher.cpp:541] RealSense camera[0] frame wait timed out after 1000ms\x1b[0m\n[teleop_server_node-1] \x1b[33m2026-06-16 12:05:57.777 [ WARN] [camera_publisher.cpp:541] RealSense camera[0] frame wait timed out after 1000ms\x1b[0m\n[teleop_server_node-1] \x1b[33m2026-06-16 12:05:59.778 [ WARN] [camera_publisher.cpp:541] RealSense camera[0] frame wait timed out after 1000ms\x1b[0m\n[teleop_server_node-1] \x1b[33m2026-06-16 12:06:01.778 [ WARN] [camera_publisher.cpp:541] RealSense camera[0] frame wait timed out after 1000ms\x1b[0m\n[teleop_server_node-1] \x1b[33m2026-06-16 12:06:03.779 [ WARN] [camera_publisher.cpp:541] RealSense camera[0] frame wait timed out after 1000ms\x1b[0m\n[teleop_server_node-1] \x1b[33m2026-06-16 12:06:05.779 [ WARN] [camera_publisher.cpp:541] RealSense camera[0] frame wait timed out after 1000ms\x1b[0m\n[teleop_server_node-1] \x1b[33m2026-06-16 12:06:07.779 [ WARN] [camera_publisher.cpp:541] RealSense camera[0] frame wait timed out after 1000ms\x1b[0m\n[teleop_server_node-1] \x1b[33m2026-06-16 12:06:09.780 [ WARN] [camera_publisher.cpp:541] RealSense camera[0] frame wait timed out after 1000ms\x1b[0m\n[teleop_server_node-1] \x1b[33m2026-06-16 12:06:11.780 [ WARN] [camera_publisher.cpp:541] RealSense camera[0] frame wait timed out after 1000ms\x1b[0m\n[teleop_server_node-1] \x1b[33m2026-06-16 12:06:13.781 [ WARN] [camera_publisher.cpp:541] RealSense camera[0] frame wait timed out after 1000ms\x1b[0m\n[teleop_server_node-1] \x1b[33m2026-06-16 12:06:15.781 [ WARN] [camera_publisher.cpp:541] RealSense camera[0] frame wait timed out after 1000ms\x1b[0m\n[teleop_server_node-1] \x1b[33m2026-06-16 12:06:17.782 [ WARN] [camera_publisher.cpp:541] RealSense camera[0] frame wait timed out after 1000ms\x1b[0m\n[teleop_server_node-1] \x1b[33m2026-06-16 12:06:19.782 [ WARN] [camera_publisher.cpp:541] RealSense camera[0] frame wait timed out after 1000ms\x1b[0m\n[teleop_server_node-1] \x1b[33m2026-06-16 12:06:21.783 [ WARN] [camera_publisher.cpp:541] RealSense camera[0] frame wait timed out after 1000ms\x1b[0m\n[teleop_server_node-1] \x1b[33m2026-06-16 12:06:23.783 [ WARN] [camera_publisher.cpp:541] RealSense camera[0] frame wait timed out after 1000ms\x1b[0m\n[teleop_server_node-1] \x1b[33m2026-06-16 12:06:25.784 [ WARN] [camera_publisher.cpp:541] RealSense camera[0] frame wait timed out after 1000ms\x1b[0m\n[teleop_server_node-1] \x1b[33m2026-06-16 12:06:27.784 [ WARN] [camera_publisher.cpp:541] RealSense camera[0] frame wait timed out after 1000ms\x1b[0m\n[teleop_server_node-1] \x1b[33m2026-06-16 12:06:29.784 [ WARN] [camera_publisher.cpp:541] RealSense camera[0] frame wait timed out after 1000ms\x1b[0m\n[teleop_server_node-1] \x1b[33m2026-06-16 12:06:31.785 [ WARN] [camera_publisher.cpp:541] RealSense camera[0] frame wait timed out after 1000ms\x1b[0m\n[teleop_server_node-1] \x1b[33m2026-06-16 12:06:33.785 [ WARN] [camera_publisher.cpp:541] RealSense camera[0] frame wait timed out after 1000ms\x1b[0m\n[teleop_server_node-1] \x1b[33m2026-06-16 12:06:35.786 [ WARN] [camera_publisher.cpp:541] RealSense camera[0] frame wait timed out after 1000ms\x1b[0m\n[teleop_server_node-1] \x1b[33m2026-06-16 12:06:37.786 [ WARN] [camera_publisher.cpp:541] RealSense camera[0] frame wait timed out after 1000ms\x1b[0m\n[teleop_server_node-1] \x1b[33m2026-06-16 12:06:39.787 [ WARN] [camera_publisher.cpp:541] RealSense camera[0] frame wait timed out after 1000ms\x1b[0m\n[teleop_server_node-1] \x1b[33m2026-06-16 12:06:41.787 [ WARN] [camera_publisher.cpp:541] RealSense camera[0] frame wait timed out after 1000ms\x1b[0m\n[teleop_server_node-1] \x1b[33m2026-06-16 12:06:43.788 [ WARN] [camera_publisher.cpp:541] RealSense camera[0] frame wait timed out after 1000ms\x1b[0m\n[teleop_server_node-1] \x1b[33m2026-06-16 12:06:45.788 [ WARN] [camera_publisher.cpp:541] RealSense camera[0] frame wait timed out after 1000ms\x1b[0m\n[teleop_server_node-1] \x1b[33m2026-06-16 12:06:47.788 [ WARN] [camera_publisher.cpp:541] RealSense camera[0] frame wait timed out after 1000ms\x1b[0m\n[teleop_server_node-1] \x1b[33m2026-06-16 12:06:49.789 [ WARN] [camera_publisher.cpp:541] RealSense camera[0] frame wait timed out after 1000ms\x1b[0m\n[teleop_server_node-1] \x1b[33m2026-06-16 12:06:51.789 [ WARN] [camera_publisher.cpp:541] RealSense camera[0] frame wait timed out after 1000ms\x1b[0m\n[teleop_server_node-1] \x1b[33m2026-06-16 12:06:53.790 [ WARN] [camera_publisher.cpp:541] RealSense camera[0] frame wait timed out after 1000ms\x1b[0m\n[teleop_server_node-1] \x1b[33m2026-06-16 12:06:55.790 [ WARN] [camera_publisher.cpp:541] RealSense camera[0] frame wait timed out after 1000ms\x1b[0m\n[teleop_server_node-1] \x1b[33m2026-06-16 12:06:57.791 [ WARN] [camera_publisher.cpp:541] RealSense camera[0] frame wait timed out after 1000ms\x1b[0m\n[teleop_server_node-1] \x1b[33m2026-06-16 12:06:59.791 [ WARN] [camera_publisher.cpp:541] RealSense camera[0] frame wait timed out after 1000ms\x1b[0m\n[teleop_server_node-1] \x1b[33m2026-06-16 12:07:01.792 [ WARN] [camera_publisher.cpp:541] RealSense camera[0] frame wait timed out after 1000ms\x1b[0m\n[teleop_server_node-1] \x1b[33m2026-06-16 12:07:03.792 [ WARN] [camera_publisher.cpp:541] RealSense camera[0] frame wait timed out after 1000ms\x1b[0m\n[teleop_server_node-1] \x1b[33m2026-06-16 12:07:05.793 [ WARN] [camera_publisher.cpp:541] RealSense camera[0] frame wait timed out after 1000ms\x1b[0m\n[teleop_server_node-1] \x1b[33m2026-06-16 12:07:07.793 [ WARN] [camera_publisher.cpp:541] RealSense camera[0] frame wait timed out after 1000ms\x1b[0m\n[teleop_server_node-1] \x1b[33m2026-06-16 12:07:09.794 [ WARN] [camera_publisher.cpp:541] RealSense camera[0] frame wait timed out after 1000ms\x1b[0m\n[teleop_server_node-1] \x1b[33m2026-06-16 12:07:11.795 [ WARN] [camera_publisher.cpp:541] RealSense camera[0] frame wait timed out after 1000ms\x1b[0m\n[teleop_server_node-1] \x1b[33m2026-06-16 12:07:13.796 [ WARN] [camera_publisher.cpp:541] RealSense camera[0] frame wait timed out after 1000ms\x1b[0m\n[teleop_server_node-1] \x1b[33m2026-06-16 12:07:15.796 [ WARN] [camera_publisher.cpp:541] RealSense camera[0] frame wait timed out after 1000ms\x1b[0m\n[teleop_server_node-1] \x1b[33m2026-06-16 12:07:17.797 [ WARN] [camera_publisher.cpp:541] RealSense camera[0] frame wait timed out after 1000ms\x1b[0m\n[teleop_server_node-1] \x1b[33m2026-06-16 12:07:19.797 [ WARN] [camera_publisher.cpp:541] RealSense camera[0] frame wait timed out after 1000ms\x1b[0m\n[teleop_server_node-1] \x1b[33m2026-06-16 12:07:21.798 [ WARN] [camera_publisher.cpp:541] RealSense camera[0] frame wait timed out after 1000ms\x1b[0m\n[teleop_server_node-1] \x1b[33m2026-06-16 12:07:23.798 [ WARN] [camera_publisher.cpp:541] RealSense camera[0] frame wait timed out after 1000ms\x1b[0m\n[teleop_server_node-1] \x1b[33m2026-06-16 12:07:25.799 [ WARN] [camera_publisher.cpp:541] RealSense camera[0] frame wait timed out after 1000ms\x1b[0m\n[teleop_server_node-1] \x1b[33m2026-06-16 12:07:27.799 [ WARN] [camera_publisher.cpp:541] RealSense camera[0] frame wait timed out after 1000ms\x1b[0m\n[teleop_server_node-1] \x1b[33m2026-06-16 12:07:29.800 [ WARN] [camera_publisher.cpp:541] RealSense camera[0] frame wait timed out after 1000ms\x1b[0m\n[teleop_server_node-1] \x1b[33m2026-06-16 12:07:31.800 [ WARN] [camera_publisher.cpp:541] RealSense camera[0] frame wait timed out after 1000ms\x1b[0m\n[teleop_server_node-1] \x1b[33m2026-06-16 12:07:33.801 [ WARN] [camera_publisher.cpp:541] RealSense camera[0] frame wait timed out after 1000ms\x1b[0m\n[teleop_server_node-1] \x1b[33m2026-06-16 12:07:35.801 [ WARN] [camera_publisher.cpp:541] RealSense camera[0] frame wait timed out after 1000ms\x1b[0m\n[teleop_server_node-1] \x1b[33m2026-06-16 12:07:37.802 [ WARN] [camera_publisher.cpp:541] RealSense camera[0] frame wait timed out after 1000ms\x1b[0m\n[teleop_server_node-1] \x1b[33m2026-06-16 12:07:39.802 [ WARN] [camera_publisher.cpp:541] RealSense camera[0] frame wait timed out after 1000ms\x1b[0m\n[teleop_server_node-1] \x1b[33m2026-06-16 12:07:41.803 [ WARN] [camera_publisher.cpp:541] RealSense camera[0] frame wait timed out after 1000ms\x1b[0m\n[teleop_server_node-1] \x1b[33m2026-06-16 12:07:43.803 [ WARN] [camera_publisher.cpp:541] RealSense camera[0] frame wait timed out after 1000ms\x1b[0m\n[teleop_server_node-1] \x1b[33m2026-06-16 12:07:45.803 [ WARN] [camera_publisher.cpp:541] RealSense camera[0] frame wait timed out after 1000ms\x1b[0m\n[teleop_server_node-1] \x1b[33m2026-06-16 12:07:47.804 [ WARN] [camera_publisher.cpp:541] RealSense camera[0] frame wait timed out after 1000ms\x1b[0m\n[teleop_server_node-1] \x1b[33m2026-06-16 12:07:49.804 [ WARN] [camera_publisher.cpp:541] RealSense camera[0] frame wait timed out after 1000ms\x1b[0m\n[teleop_server_node-1] \x1b[33m2026-06-16 12:07:51.805 [ WARN] [camera_publisher.cpp:541] RealSense camera[0] frame wait timed out after 1000ms\x1b[0m\n[teleop_server_node-1] \x1b[33m2026-06-16 12:07:53.805 [ WARN] [camera_publisher.cpp:541] RealSense camera[0] frame wait timed out after 1000ms\x1b[0m\n[teleop_server_node-1] \x1b[33m2026-06-16 12:07:55.806 [ WARN] [camera_publisher.cpp:541] RealSense camera[0] frame wait timed out after 1000ms\x1b[0m\n[teleop_server_node-1] \x1b[33m2026-06-16 12:07:57.806 [ WARN] [camera_publisher.cpp:541] RealSense camera[0] frame wait timed out after 1000ms\x1b[0m\n[teleop_server_node-1] \x1b[33m2026-06-16 12:07:59.807 [ WARN] [camera_publisher.cpp:541] RealSense camera[0] frame wait timed out after 1000ms\x1b[0m\n[teleop_server_node-1] \x1b[33m2026-06-16 12:08:01.807 [ WARN] [camera_publisher.cpp:541] RealSense camera[0] frame wait timed out after 1000ms\x1b[0m\n[teleop_server_node-1] \x1b[33m2026-06-16 12:08:03.808 [ WARN] [camera_publisher.cpp:541] RealSense camera[0] frame wait timed out after 1000ms\x1b[0m\n[teleop_server_node-1] \x1b[33m2026-06-16 12:08:05.808 [ WARN] [camera_publisher.cpp:541] RealSense camera[0] frame wait timed out after 1000ms\x1b[0m\n[teleop_server_node-1] \x1b[33m2026-06-16 12:08:07.808 [ WARN] [camera_publisher.cpp:541] RealSense camera[0] frame wait timed out after 1000ms\x1b[0m\n[teleop_server_node-1] \x1b[33m2026-06-16 12:08:09.809 [ WARN] [camera_publisher.cpp:541] RealSense camera[0] frame wait timed out after 1000ms\x1b[0m\n[teleop_server_node-1] \x1b[33m2026-06-16 12:08:11.809 [ WARN] [camera_publisher.cpp:541] RealSense camera[0] frame wait timed out after 1000ms\x1b[0m\n[teleop_server_node-1] \x1b[33m2026-06-16 12:08:13.810 [ WARN] [camera_publisher.cpp:541] RealSense camera[0] frame wait timed out after 1000ms\x1b[0m\n[teleop_server_node-1] \x1b[33m2026-06-16 12:08:15.810 [ WARN] [camera_publisher.cpp:541] RealSense camera[0] frame wait timed out after 1000ms\x1b[0m\n[teleop_server_node-1] \x1b[33m2026-06-16 12:08:17.811 [ WARN] [camera_publisher.cpp:541] RealSense camera[0] frame wait timed out after 1000ms\x1b[0m\n[teleop_server_node-1] \x1b[33m2026-06-16 12:08:19.811 [ WARN] [camera_publisher.cpp:541] RealSense camera[0] frame wait timed out after 1000ms\x1b[0m', 'stderr': '', 'reason': 'cos_teleop 服务正在运行，但日志中存在相机读取或初始化异常。', 'suggestion': '请尝试重启 cos_teleop.service；如果仍异常，请检查相机 Type-C 连接、udev 映射、相机设备状态或相机是否被占用。'})[0m
[0;32mok: [g1_robot_062] => (item={'name': 'dex1 motor binding', 'status': 'WARN', 'detail': '[2026-06-15 18:03:16.821] [info] No DDS command received on rt/dex1/left/cmd. Keeping motor 1 in brake mode and publishing state.\n[2026-06-15 18:04:46.933] [info] No DDS command received on rt/dex1/left/cmd. Keeping motor 1 in brake mode and publishing state.\n[2026-06-15 18:04:46.934] [info] No DDS command received on rt/dex1/right/cmd. Keeping motor 0 in brake mode and publishing state.\n[2026-06-15 18:06:17.033] [info] No DDS command received on rt/dex1/left/cmd. Keeping motor 1 in brake mode and publishing state.\n[2026-06-15 18:06:17.045] [info] No DDS command received on rt/dex1/right/cmd. Keeping motor 0 in brake mode and publishing state.\n[2026-06-16 09:50:57.680] [info] No DDS command received on rt/dex1/left/cmd. Keeping motor 1 in brake mode and publishing state.\n[2026-06-16 09:50:57.681] [info] No DDS command received on rt/dex1/right/cmd. Keeping motor 0 in brake mode and publishing state.\n[2026-06-16 09:51:10.590] [info] No DDS command received on rt/dex1/right/cmd. Keeping motor 0 in brake mode and publishing state.\n[2026-06-16 09:51:10.592] [info] No DDS command received on rt/dex1/left/cmd. Keeping motor 1 in brake mode and publishing state.\nStopping Dex1-1 Service Start...\ndex1_gripper.service: Succeeded.\nStopped Dex1-1 Service Start.\nStarted Dex1-1 Service Start.\n[2026-06-16 09:53:11.335] [info] Available Serial Ports: /dev/ttyUSB0, /dev/ttyUSB1, /dev/ttyUSB2, /dev/ttyUSB3\n[2026-06-16 09:53:11.506] [info] Detected motors:\n[2026-06-16 09:53:11.506] [info]   - Motor ID: 0 \t Side: right \t Port: /dev/ttyUSB1 \t cmdTopic: rt/dex1/right/cmd \t stateTopic: rt/dex1/right/state\n[2026-06-16 09:53:11.506] [info]   - Motor ID: 1 \t Side: left \t Port: /dev/ttyUSB2 \t cmdTopic: rt/dex1/left/cmd \t stateTopic: rt/dex1/left/state\n[2026-06-16 09:53:11.608] [info] No DDS command received on rt/dex1/right/cmd. Keeping motor 0 in brake mode and publishing state.\n[2026-06-16 09:53:11.710] [info] Dex1-1 Gripper Server (coscene version) started.\n[2026-06-16 09:53:11.710] [info] No DDS command received on rt/dex1/left/cmd. Keeping motor 1 in brake mode and publishing state.\nStopping Dex1-1 Service Start...\ndex1_gripper.service: Succeeded.\nStopped Dex1-1 Service Start.\nStarted Dex1-1 Service Start.\n[2026-06-16 09:53:24.535] [info] Available Serial Ports: /dev/ttyUSB0, /dev/ttyUSB1, /dev/ttyUSB2, /dev/ttyUSB3\n[2026-06-16 09:53:24.702] [info] Detected motors:\n[2026-06-16 09:53:24.703] [info]   - Motor ID: 0 \t Side: right \t Port: /dev/ttyUSB1 \t cmdTopic: rt/dex1/right/cmd \t stateTopic: rt/dex1/right/state\n[2026-06-16 09:53:24.703] [info]   - Motor ID: 1 \t Side: left \t Port: /dev/ttyUSB2 \t cmdTopic: rt/dex1/left/cmd \t stateTopic: rt/dex1/left/state\n[2026-06-16 09:53:24.806] [info] No DDS command received on rt/dex1/right/cmd. Keeping motor 0 in brake mode and publishing state.\n[2026-06-16 09:53:24.907] [info] Dex1-1 Gripper Server (coscene version) started.\n[2026-06-16 09:53:24.907] [info] No DDS command received on rt/dex1/left/cmd. Keeping motor 1 in brake mode and publishing state.\n[2026-06-16 09:53:56.311] [info] No DDS command received on rt/dex1/left/cmd. Keeping motor 1 in brake mode and publishing state.\n[2026-06-16 09:54:01.728] [info] No DDS command received on rt/dex1/right/cmd. Keeping motor 0 in brake mode and publishing state.\n[2026-06-16 09:55:00.869] [info] No DDS command received on rt/dex1/left/cmd. Keeping motor 1 in brake mode and publishing state.\n[2026-06-16 09:55:00.871] [info] No DDS command received on rt/dex1/right/cmd. Keeping motor 0 in brake mode and publishing state.\n[2026-06-16 10:02:55.113] [info] No DDS command received on rt/dex1/left/cmd. Keeping motor 1 in brake mode and publishing state.\n[2026-06-16 10:02:55.114] [info] No DDS command received on rt/dex1/right/cmd. Keeping motor 0 in brake mode and publishing state.\n[2026-06-16 10:05:43.681] [info] No DDS command received on rt/dex1/right/cmd. Keeping motor 0 in brake mode and publishing state.\n[2026-06-16 10:05:43.682] [info] No DDS command received on rt/dex1/left/cmd. Keeping motor 1 in brake mode and publishing state.\n[2026-06-16 10:06:39.941] [info] No DDS command received on rt/dex1/right/cmd. Keeping motor 0 in brake mode and publishing state.\n[2026-06-16 10:06:39.941] [info] No DDS command received on rt/dex1/left/cmd. Keeping motor 1 in brake mode and publishing state.\n[2026-06-16 10:08:42.712] [info] No DDS command received on rt/dex1/right/cmd. Keeping motor 0 in brake mode and publishing state.\n[2026-06-16 10:08:42.713] [info] No DDS command received on rt/dex1/left/cmd. Keeping motor 1 in brake mode and publishing state.\n[2026-06-16 10:11:54.535] [info] No DDS command received on rt/dex1/left/cmd. Keeping motor 1 in brake mode and publishing state.\n[2026-06-16 10:11:54.537] [info] No DDS command received on rt/dex1/right/cmd. Keeping motor 0 in brake mode and publishing state.\n[2026-06-16 10:13:07.485] [info] No DDS command received on rt/dex1/right/cmd. Keeping motor 0 in brake mode and publishing state.\n[2026-06-16 10:13:07.486] [info] No DDS command received on rt/dex1/left/cmd. Keeping motor 1 in brake mode and publishing state.\n[2026-06-16 10:16:39.525] [info] No DDS command received on rt/dex1/left/cmd. Keeping motor 1 in brake mode and publishing state.\n[2026-06-16 10:16:39.526] [info] No DDS command received on rt/dex1/right/cmd. Keeping motor 0 in brake mode and publishing state.\n[2026-06-16 10:18:25.163] [info] No DDS command received on rt/dex1/left/cmd. Keeping motor 1 in brake mode and publishing state.\n[2026-06-16 10:18:25.164] [info] No DDS command received on rt/dex1/right/cmd. Keeping motor 0 in brake mode and publishing state.\n[2026-06-16 10:21:39.582] [info] No DDS command received on rt/dex1/right/cmd. Keeping motor 0 in brake mode and publishing state.\n[2026-06-16 10:21:39.584] [info] No DDS command received on rt/dex1/left/cmd. Keeping motor 1 in brake mode and publishing state.\nStopping Dex1-1 Service Start...\ndex1_gripper.service: Succeeded.\nStopped Dex1-1 Service Start.\nStarted Dex1-1 Service Start.\n[2026-06-16 10:23:54.473] [info] Available Serial Ports: /dev/ttyUSB0, /dev/ttyUSB1, /dev/ttyUSB2, /dev/ttyUSB3\n[2026-06-16 10:23:54.640] [info] Detected motors:\n[2026-06-16 10:23:54.640] [info]   - Motor ID: 0 \t Side: right \t Port: /dev/ttyUSB1 \t cmdTopic: rt/dex1/right/cmd \t stateTopic: rt/dex1/right/state\n[2026-06-16 10:23:54.640] [info]   - Motor ID: 1 \t Side: left \t Port: /dev/ttyUSB2 \t cmdTopic: rt/dex1/left/cmd \t stateTopic: rt/dex1/left/state\n[2026-06-16 10:23:54.742] [info] No DDS command received on rt/dex1/right/cmd. Keeping motor 0 in brake mode and publishing state.\n[2026-06-16 10:23:54.845] [info] Dex1-1 Gripper Server (coscene version) started.\n[2026-06-16 10:23:54.845] [info] No DDS command received on rt/dex1/left/cmd. Keeping motor 1 in brake mode and publishing state.\nStopping Dex1-1 Service Start...\ndex1_gripper.service: Succeeded.\nStopped Dex1-1 Service Start.\nStarted Dex1-1 Service Start.\n[2026-06-16 10:25:01.505] [info] Available Serial Ports: /dev/ttyUSB0, /dev/ttyUSB1, /dev/ttyUSB2, /dev/ttyUSB3\n[2026-06-16 10:25:01.671] [info] Detected motors:\n[2026-06-16 10:25:01.671] [info]   - Motor ID: 0 \t Side: right \t Port: /dev/ttyUSB1 \t cmdTopic: rt/dex1/right/cmd \t stateTopic: rt/dex1/right/state\n[2026-06-16 10:25:01.671] [info]   - Motor ID: 1 \t Side: left \t Port: /dev/ttyUSB2 \t cmdTopic: rt/dex1/left/cmd \t stateTopic: rt/dex1/left/state\n[2026-06-16 10:25:01.775] [info] No DDS command received on rt/dex1/right/cmd. Keeping motor 0 in brake mode and publishing state.\n[2026-06-16 10:25:01.876] [info] Dex1-1 Gripper Server (coscene version) started.\n[2026-06-16 10:25:01.876] [info] No DDS command received on rt/dex1/left/cmd. Keeping motor 1 in brake mode and publishing state.\n[2026-06-16 10:26:52.943] [info] No DDS command received on rt/dex1/right/cmd. Keeping motor 0 in brake mode and publishing state.\n[2026-06-16 10:26:52.944] [info] No DDS command received on rt/dex1/left/cmd. Keeping motor 1 in brake mode and publishing state.\n[2026-06-16 10:30:13.380] [info] No DDS command received on rt/dex1/left/cmd. Keeping motor 1 in brake mode and publishing state.\n[2026-06-16 10:30:13.381] [info] No DDS command received on rt/dex1/right/cmd. Keeping motor 0 in brake mode and publishing state.\n[2026-06-16 10:31:36.349] [info] No DDS command received on rt/dex1/right/cmd. Keeping motor 0 in brake mode and publishing state.\n[2026-06-16 10:31:36.350] [info] No DDS command received on rt/dex1/left/cmd. Keeping motor 1 in brake mode and publishing state.\n[2026-06-16 10:33:12.777] [info] No DDS command received on rt/dex1/right/cmd. Keeping motor 0 in brake mode and publishing state.\n[2026-06-16 10:33:12.778] [info] No DDS command received on rt/dex1/left/cmd. Keeping motor 1 in brake mode and publishing state.\n[2026-06-16 10:35:59.972] [info] No DDS command received on rt/dex1/left/cmd. Keeping motor 1 in brake mode and publishing state.\n[2026-06-16 10:35:59.973] [info] No DDS command received on rt/dex1/right/cmd. Keeping motor 0 in brake mode and publishing state.\n[2026-06-16 10:37:18.898] [info] No DDS command received on rt/dex1/left/cmd. Keeping motor 1 in brake mode and publishing state.\n[2026-06-16 10:37:18.900] [info] No DDS command received on rt/dex1/right/cmd. Keeping motor 0 in brake mode and publishing state.\n[2026-06-16 10:45:34.033] [info] No DDS command received on rt/dex1/left/cmd. Keeping motor 1 in brake mode and publishing state.\n[2026-06-16 10:45:34.035] [info] No DDS command received on rt/dex1/right/cmd. Keeping motor 0 in brake mode and publishing state.\n[2026-06-16 10:48:34.562] [info] No DDS command received on rt/dex1/right/cmd. Keeping motor 0 in brake mode and publishing state.\n[2026-06-16 10:48:34.563] [info] No DDS command received on rt/dex1/left/cmd. Keeping motor 1 in brake mode and publishing state.\n[2026-06-16 10:50:01.081] [info] No DDS command received on rt/dex1/left/cmd. Keeping motor 1 in brake mode and publishing state.\n[2026-06-16 10:50:01.082] [info] No DDS command received on rt/dex1/right/cmd. Keeping motor 0 in brake mode and publishing state.\n[2026-06-16 10:53:13.109] [info] No DDS command received on rt/dex1/left/cmd. Keeping motor 1 in brake mode and publishing state.\n[2026-06-16 10:53:13.110] [info] No DDS command received on rt/dex1/right/cmd. Keeping motor 0 in brake mode and publishing state.\n[2026-06-16 10:59:17.431] [info] No DDS command received on rt/dex1/left/cmd. Keeping motor 1 in brake mode and publishing state.\n[2026-06-16 10:59:17.432] [info] No DDS command received on rt/dex1/right/cmd. Keeping motor 0 in brake mode and publishing state.\n[2026-06-16 11:00:48.555] [info] No DDS command received on rt/dex1/right/cmd. Keeping motor 0 in brake mode and publishing state.\n[2026-06-16 11:00:48.556] [info] No DDS command received on rt/dex1/left/cmd. Keeping motor 1 in brake mode and publishing state.\n[2026-06-16 11:04:03.047] [info] No DDS command received on rt/dex1/right/cmd. Keeping motor 0 in brake mode and publishing state.\n[2026-06-16 11:04:03.048] [info] No DDS command received on rt/dex1/left/cmd. Keeping motor 1 in brake mode and publishing state.\n[2026-06-16 11:08:36.160] [info] No DDS command received on rt/dex1/right/cmd. Keeping motor 0 in brake mode and publishing state.\n[2026-06-16 11:08:36.161] [info] No DDS command received on rt/dex1/left/cmd. Keeping motor 1 in brake mode and publishing state.\n[2026-06-16 11:17:35.017] [info] No DDS command received on rt/dex1/right/cmd. Keeping motor 0 in brake mode and publishing state.\n[2026-06-16 11:17:35.019] [info] No DDS command received on rt/dex1/left/cmd. Keeping motor 1 in brake mode and publishing state.\n[2026-06-16 11:26:01.481] [info] No DDS command received on rt/dex1/left/cmd. Keeping motor 1 in brake mode and publishing state.\n[2026-06-16 11:26:01.482] [info] No DDS command received on rt/dex1/right/cmd. Keeping motor 0 in brake mode and publishing state.\n[2026-06-16 11:27:17.674] [info] No DDS command received on rt/dex1/right/cmd. Keeping motor 0 in brake mode and publishing state.\n[2026-06-16 11:27:17.675] [info] No DDS command received on rt/dex1/left/cmd. Keeping motor 1 in brake mode and publishing state.\nStopping Dex1-1 Service Start...\ndex1_gripper.service: Succeeded.\nStopped Dex1-1 Service Start.\nStarted Dex1-1 Service Start.\n[2026-06-17 12:00:11.386] [info] Available Serial Ports: /dev/ttyUSB0, /dev/ttyUSB1, /dev/ttyUSB2, /dev/ttyUSB3\n[2026-06-17 12:00:11.552] [info] Detected motors:\n[2026-06-17 12:00:11.552] [info]   - Motor ID: 0 \t Side: right \t Port: /dev/ttyUSB1 \t cmdTopic: rt/dex1/right/cmd \t stateTopic: rt/dex1/right/state\n[2026-06-17 12:00:11.552] [info]   - Motor ID: 1 \t Side: left \t Port: /dev/ttyUSB2 \t cmdTopic: rt/dex1/left/cmd \t stateTopic: rt/dex1/left/state\n[2026-06-17 12:00:11.655] [info] No DDS command received on rt/dex1/right/cmd. Keeping motor 0 in brake mode and publishing state.\n[2026-06-17 12:00:11.756] [info] Dex1-1 Gripper Server (coscene version) started.\n[2026-06-17 12:00:11.756] [info] No DDS command received on rt/dex1/left/cmd. Keeping motor 1 in brake mode and publishing state.', 'stdout': '[2026-06-15 18:03:16.821] [info] No DDS command received on rt/dex1/left/cmd. Keeping motor 1 in brake mode and publishing state.\n[2026-06-15 18:04:46.933] [info] No DDS command received on rt/dex1/left/cmd. Keeping motor 1 in brake mode and publishing state.\n[2026-06-15 18:04:46.934] [info] No DDS command received on rt/dex1/right/cmd. Keeping motor 0 in brake mode and publishing state.\n[2026-06-15 18:06:17.033] [info] No DDS command received on rt/dex1/left/cmd. Keeping motor 1 in brake mode and publishing state.\n[2026-06-15 18:06:17.045] [info] No DDS command received on rt/dex1/right/cmd. Keeping motor 0 in brake mode and publishing state.\n[2026-06-16 09:50:57.680] [info] No DDS command received on rt/dex1/left/cmd. Keeping motor 1 in brake mode and publishing state.\n[2026-06-16 09:50:57.681] [info] No DDS command received on rt/dex1/right/cmd. Keeping motor 0 in brake mode and publishing state.\n[2026-06-16 09:51:10.590] [info] No DDS command received on rt/dex1/right/cmd. Keeping motor 0 in brake mode and publishing state.\n[2026-06-16 09:51:10.592] [info] No DDS command received on rt/dex1/left/cmd. Keeping motor 1 in brake mode and publishing state.\nStopping Dex1-1 Service Start...\ndex1_gripper.service: Succeeded.\nStopped Dex1-1 Service Start.\nStarted Dex1-1 Service Start.\n[2026-06-16 09:53:11.335] [info] Available Serial Ports: /dev/ttyUSB0, /dev/ttyUSB1, /dev/ttyUSB2, /dev/ttyUSB3\n[2026-06-16 09:53:11.506] [info] Detected motors:\n[2026-06-16 09:53:11.506] [info]   - Motor ID: 0 \t Side: right \t Port: /dev/ttyUSB1 \t cmdTopic: rt/dex1/right/cmd \t stateTopic: rt/dex1/right/state\n[2026-06-16 09:53:11.506] [info]   - Motor ID: 1 \t Side: left \t Port: /dev/ttyUSB2 \t cmdTopic: rt/dex1/left/cmd \t stateTopic: rt/dex1/left/state\n[2026-06-16 09:53:11.608] [info] No DDS command received on rt/dex1/right/cmd. Keeping motor 0 in brake mode and publishing state.\n[2026-06-16 09:53:11.710] [info] Dex1-1 Gripper Server (coscene version) started.\n[2026-06-16 09:53:11.710] [info] No DDS command received on rt/dex1/left/cmd. Keeping motor 1 in brake mode and publishing state.\nStopping Dex1-1 Service Start...\ndex1_gripper.service: Succeeded.\nStopped Dex1-1 Service Start.\nStarted Dex1-1 Service Start.\n[2026-06-16 09:53:24.535] [info] Available Serial Ports: /dev/ttyUSB0, /dev/ttyUSB1, /dev/ttyUSB2, /dev/ttyUSB3\n[2026-06-16 09:53:24.702] [info] Detected motors:\n[2026-06-16 09:53:24.703] [info]   - Motor ID: 0 \t Side: right \t Port: /dev/ttyUSB1 \t cmdTopic: rt/dex1/right/cmd \t stateTopic: rt/dex1/right/state\n[2026-06-16 09:53:24.703] [info]   - Motor ID: 1 \t Side: left \t Port: /dev/ttyUSB2 \t cmdTopic: rt/dex1/left/cmd \t stateTopic: rt/dex1/left/state\n[2026-06-16 09:53:24.806] [info] No DDS command received on rt/dex1/right/cmd. Keeping motor 0 in brake mode and publishing state.\n[2026-06-16 09:53:24.907] [info] Dex1-1 Gripper Server (coscene version) started.\n[2026-06-16 09:53:24.907] [info] No DDS command received on rt/dex1/left/cmd. Keeping motor 1 in brake mode and publishing state.\n[2026-06-16 09:53:56.311] [info] No DDS command received on rt/dex1/left/cmd. Keeping motor 1 in brake mode and publishing state.\n[2026-06-16 09:54:01.728] [info] No DDS command received on rt/dex1/right/cmd. Keeping motor 0 in brake mode and publishing state.\n[2026-06-16 09:55:00.869] [info] No DDS command received on rt/dex1/left/cmd. Keeping motor 1 in brake mode and publishing state.\n[2026-06-16 09:55:00.871] [info] No DDS command received on rt/dex1/right/cmd. Keeping motor 0 in brake mode and publishing state.\n[2026-06-16 10:02:55.113] [info] No DDS command received on rt/dex1/left/cmd. Keeping motor 1 in brake mode and publishing state.\n[2026-06-16 10:02:55.114] [info] No DDS command received on rt/dex1/right/cmd. Keeping motor 0 in brake mode and publishing state.\n[2026-06-16 10:05:43.681] [info] No DDS command received on rt/dex1/right/cmd. Keeping motor 0 in brake mode and publishing state.\n[2026-06-16 10:05:43.682] [info] No DDS command received on rt/dex1/left/cmd. Keeping motor 1 in brake mode and publishing state.\n[2026-06-16 10:06:39.941] [info] No DDS command received on rt/dex1/right/cmd. Keeping motor 0 in brake mode and publishing state.\n[2026-06-16 10:06:39.941] [info] No DDS command received on rt/dex1/left/cmd. Keeping motor 1 in brake mode and publishing state.\n[2026-06-16 10:08:42.712] [info] No DDS command received on rt/dex1/right/cmd. Keeping motor 0 in brake mode and publishing state.\n[2026-06-16 10:08:42.713] [info] No DDS command received on rt/dex1/left/cmd. Keeping motor 1 in brake mode and publishing state.\n[2026-06-16 10:11:54.535] [info] No DDS command received on rt/dex1/left/cmd. Keeping motor 1 in brake mode and publishing state.\n[2026-06-16 10:11:54.537] [info] No DDS command received on rt/dex1/right/cmd. Keeping motor 0 in brake mode and publishing state.\n[2026-06-16 10:13:07.485] [info] No DDS command received on rt/dex1/right/cmd. Keeping motor 0 in brake mode and publishing state.\n[2026-06-16 10:13:07.486] [info] No DDS command received on rt/dex1/left/cmd. Keeping motor 1 in brake mode and publishing state.\n[2026-06-16 10:16:39.525] [info] No DDS command received on rt/dex1/left/cmd. Keeping motor 1 in brake mode and publishing state.\n[2026-06-16 10:16:39.526] [info] No DDS command received on rt/dex1/right/cmd. Keeping motor 0 in brake mode and publishing state.\n[2026-06-16 10:18:25.163] [info] No DDS command received on rt/dex1/left/cmd. Keeping motor 1 in brake mode and publishing state.\n[2026-06-16 10:18:25.164] [info] No DDS command received on rt/dex1/right/cmd. Keeping motor 0 in brake mode and publishing state.\n[2026-06-16 10:21:39.582] [info] No DDS command received on rt/dex1/right/cmd. Keeping motor 0 in brake mode and publishing state.\n[2026-06-16 10:21:39.584] [info] No DDS command received on rt/dex1/left/cmd. Keeping motor 1 in brake mode and publishing state.\nStopping Dex1-1 Service Start...\ndex1_gripper.service: Succeeded.\nStopped Dex1-1 Service Start.\nStarted Dex1-1 Service Start.\n[2026-06-16 10:23:54.473] [info] Available Serial Ports: /dev/ttyUSB0, /dev/ttyUSB1, /dev/ttyUSB2, /dev/ttyUSB3\n[2026-06-16 10:23:54.640] [info] Detected motors:\n[2026-06-16 10:23:54.640] [info]   - Motor ID: 0 \t Side: right \t Port: /dev/ttyUSB1 \t cmdTopic: rt/dex1/right/cmd \t stateTopic: rt/dex1/right/state\n[2026-06-16 10:23:54.640] [info]   - Motor ID: 1 \t Side: left \t Port: /dev/ttyUSB2 \t cmdTopic: rt/dex1/left/cmd \t stateTopic: rt/dex1/left/state\n[2026-06-16 10:23:54.742] [info] No DDS command received on rt/dex1/right/cmd. Keeping motor 0 in brake mode and publishing state.\n[2026-06-16 10:23:54.845] [info] Dex1-1 Gripper Server (coscene version) started.\n[2026-06-16 10:23:54.845] [info] No DDS command received on rt/dex1/left/cmd. Keeping motor 1 in brake mode and publishing state.\nStopping Dex1-1 Service Start...\ndex1_gripper.service: Succeeded.\nStopped Dex1-1 Service Start.\nStarted Dex1-1 Service Start.\n[2026-06-16 10:25:01.505] [info] Available Serial Ports: /dev/ttyUSB0, /dev/ttyUSB1, /dev/ttyUSB2, /dev/ttyUSB3\n[2026-06-16 10:25:01.671] [info] Detected motors:\n[2026-06-16 10:25:01.671] [info]   - Motor ID: 0 \t Side: right \t Port: /dev/ttyUSB1 \t cmdTopic: rt/dex1/right/cmd \t stateTopic: rt/dex1/right/state\n[2026-06-16 10:25:01.671] [info]   - Motor ID: 1 \t Side: left \t Port: /dev/ttyUSB2 \t cmdTopic: rt/dex1/left/cmd \t stateTopic: rt/dex1/left/state\n[2026-06-16 10:25:01.775] [info] No DDS command received on rt/dex1/right/cmd. Keeping motor 0 in brake mode and publishing state.\n[2026-06-16 10:25:01.876] [info] Dex1-1 Gripper Server (coscene version) started.\n[2026-06-16 10:25:01.876] [info] No DDS command received on rt/dex1/left/cmd. Keeping motor 1 in brake mode and publishing state.\n[2026-06-16 10:26:52.943] [info] No DDS command received on rt/dex1/right/cmd. Keeping motor 0 in brake mode and publishing state.\n[2026-06-16 10:26:52.944] [info] No DDS command received on rt/dex1/left/cmd. Keeping motor 1 in brake mode and publishing state.\n[2026-06-16 10:30:13.380] [info] No DDS command received on rt/dex1/left/cmd. Keeping motor 1 in brake mode and publishing state.\n[2026-06-16 10:30:13.381] [info] No DDS command received on rt/dex1/right/cmd. Keeping motor 0 in brake mode and publishing state.\n[2026-06-16 10:31:36.349] [info] No DDS command received on rt/dex1/right/cmd. Keeping motor 0 in brake mode and publishing state.\n[2026-06-16 10:31:36.350] [info] No DDS command received on rt/dex1/left/cmd. Keeping motor 1 in brake mode and publishing state.\n[2026-06-16 10:33:12.777] [info] No DDS command received on rt/dex1/right/cmd. Keeping motor 0 in brake mode and publishing state.\n[2026-06-16 10:33:12.778] [info] No DDS command received on rt/dex1/left/cmd. Keeping motor 1 in brake mode and publishing state.\n[2026-06-16 10:35:59.972] [info] No DDS command received on rt/dex1/left/cmd. Keeping motor 1 in brake mode and publishing state.\n[2026-06-16 10:35:59.973] [info] No DDS command received on rt/dex1/right/cmd. Keeping motor 0 in brake mode and publishing state.\n[2026-06-16 10:37:18.898] [info] No DDS command received on rt/dex1/left/cmd. Keeping motor 1 in brake mode and publishing state.\n[2026-06-16 10:37:18.900] [info] No DDS command received on rt/dex1/right/cmd. Keeping motor 0 in brake mode and publishing state.\n[2026-06-16 10:45:34.033] [info] No DDS command received on rt/dex1/left/cmd. Keeping motor 1 in brake mode and publishing state.\n[2026-06-16 10:45:34.035] [info] No DDS command received on rt/dex1/right/cmd. Keeping motor 0 in brake mode and publishing state.\n[2026-06-16 10:48:34.562] [info] No DDS command received on rt/dex1/right/cmd. Keeping motor 0 in brake mode and publishing state.\n[2026-06-16 10:48:34.563] [info] No DDS command received on rt/dex1/left/cmd. Keeping motor 1 in brake mode and publishing state.\n[2026-06-16 10:50:01.081] [info] No DDS command received on rt/dex1/left/cmd. Keeping motor 1 in brake mode and publishing state.\n[2026-06-16 10:50:01.082] [info] No DDS command received on rt/dex1/right/cmd. Keeping motor 0 in brake mode and publishing state.\n[2026-06-16 10:53:13.109] [info] No DDS command received on rt/dex1/left/cmd. Keeping motor 1 in brake mode and publishing state.\n[2026-06-16 10:53:13.110] [info] No DDS command received on rt/dex1/right/cmd. Keeping motor 0 in brake mode and publishing state.\n[2026-06-16 10:59:17.431] [info] No DDS command received on rt/dex1/left/cmd. Keeping motor 1 in brake mode and publishing state.\n[2026-06-16 10:59:17.432] [info] No DDS command received on rt/dex1/right/cmd. Keeping motor 0 in brake mode and publishing state.\n[2026-06-16 11:00:48.555] [info] No DDS command received on rt/dex1/right/cmd. Keeping motor 0 in brake mode and publishing state.\n[2026-06-16 11:00:48.556] [info] No DDS command received on rt/dex1/left/cmd. Keeping motor 1 in brake mode and publishing state.\n[2026-06-16 11:04:03.047] [info] No DDS command received on rt/dex1/right/cmd. Keeping motor 0 in brake mode and publishing state.\n[2026-06-16 11:04:03.048] [info] No DDS command received on rt/dex1/left/cmd. Keeping motor 1 in brake mode and publishing state.\n[2026-06-16 11:08:36.160] [info] No DDS command received on rt/dex1/right/cmd. Keeping motor 0 in brake mode and publishing state.\n[2026-06-16 11:08:36.161] [info] No DDS command received on rt/dex1/left/cmd. Keeping motor 1 in brake mode and publishing state.\n[2026-06-16 11:17:35.017] [info] No DDS command received on rt/dex1/right/cmd. Keeping motor 0 in brake mode and publishing state.\n[2026-06-16 11:17:35.019] [info] No DDS command received on rt/dex1/left/cmd. Keeping motor 1 in brake mode and publishing state.\n[2026-06-16 11:26:01.481] [info] No DDS command received on rt/dex1/left/cmd. Keeping motor 1 in brake mode and publishing state.\n[2026-06-16 11:26:01.482] [info] No DDS command received on rt/dex1/right/cmd. Keeping motor 0 in brake mode and publishing state.\n[2026-06-16 11:27:17.674] [info] No DDS command received on rt/dex1/right/cmd. Keeping motor 0 in brake mode and publishing state.\n[2026-06-16 11:27:17.675] [info] No DDS command received on rt/dex1/left/cmd. Keeping motor 1 in brake mode and publishing state.\nStopping Dex1-1 Service Start...\ndex1_gripper.service: Succeeded.\nStopped Dex1-1 Service Start.\nStarted Dex1-1 Service Start.\n[2026-06-17 12:00:11.386] [info] Available Serial Ports: /dev/ttyUSB0, /dev/ttyUSB1, /dev/ttyUSB2, /dev/ttyUSB3\n[2026-06-17 12:00:11.552] [info] Detected motors:\n[2026-06-17 12:00:11.552] [info]   - Motor ID: 0 \t Side: right \t Port: /dev/ttyUSB1 \t cmdTopic: rt/dex1/right/cmd \t stateTopic: rt/dex1/right/state\n[2026-06-17 12:00:11.552] [info]   - Motor ID: 1 \t Side: left \t Port: /dev/ttyUSB2 \t cmdTopic: rt/dex1/left/cmd \t stateTopic: rt/dex1/left/state\n[2026-06-17 12:00:11.655] [info] No DDS command received on rt/dex1/right/cmd. Keeping motor 0 in brake mode and publishing state.\n[2026-06-17 12:00:11.756] [info] Dex1-1 Gripper Server (coscene version) started.\n[2026-06-17 12:00:11.756] [info] No DDS command received on rt/dex1/left/cmd. Keeping motor 1 in brake mode and publishing state.', 'stderr': '', 'reason': 'Dex1 服务已启动，但未确认左右手电机绑定成功。', 'suggestion': '请尝试重启 dex1_gripper.service；如果仍异常，请检查 Dex1 有线连接、串口识别和硬件状态。'})[0m

TASK [Calculate report card status from final checks] **************************
[0;32mok: [g1_robot_062][0m

TASK [Build report card summary] ***********************************************
[0;32mok: [g1_robot_062][0m

TASK [Build host final report] *************************************************
[0;32mok: [g1_robot_062][0m

TASK [Print host check summary] ************************************************
[0;32mok: [g1_robot_062] => {[0m
[0;32m    "msg": [[0m
[0;32m        "==================================================",[0m
[0;32m        "G1 environment check: g1_robot_062 (192.168.90.62)",[0m
[0;32m        "mode=check, robot_id=62, end_effector=dex1",[0m
[0;32m        "overall_status=OK",[0m
[0;32m        "OK=42, WARN=2, FAIL=0, SKIP=0",[0m
[0;32m        "failed_items=[]",[0m
[0;32m        "warn_items=['cos_teleop camera log', 'dex1 motor binding']",[0m
[0;32m        "install_failed_items=[]",[0m
[0;32m        "=================================================="[0m
[0;32m    ][0m
[0;32m}[0m

TASK [Ensure local reports directory exists] ***********************************
[0;32mok: [g1_robot_062][0m

TASK [Write per-host JSON report] **********************************************
[0;33mchanged: [g1_robot_062][0m

TASK [Write aggregate JSON report] *********************************************
[0;33mchanged: [g1_robot_062][0m

TASK [Print local report paths] ************************************************
[0;32mok: [g1_robot_062] => {[0m
[0;32m    "msg": [[0m
[0;32m        "Per-host reports: /home/jeff/coscene/code/codex/G1CI/基础环境检查/reports/<inventory_hostname>.json",[0m
[0;32m        "Aggregate report: /home/jeff/coscene/code/codex/G1CI/基础环境检查/reports/g1_env_summary.json"[0m
[0;32m    ][0m
[0;32m}[0m

PLAY RECAP *********************************************************************
[0;33mg1_robot_062[0m               : [0;32mok=83  [0m [0;33mchanged=3   [0m unreachable=0    failed=0    [0;36mskipped=37  [0m rescued=0    ignored=0   


returncode=0
